row_id,user_id,content_id,content_type_id,task_container_id,user_answer,answered_correctly,prior_question_elapsed_time,prior_question_had_explanation,content_difficulty_rate,content_attempt_count,user_total_attempts,user_cumulative_correct,user_historical_accuracy
0,115,5692,0,1,3,1,21000.0,0,0.75,56,1,0,0.5
1,115,5716,0,2,2,1,37000.0,0,0.8157894736842105,38,2,1,1.0
2,115,128,0,0,0,1,55000.0,0,0.967741935483871,31,3,2,1.0
3,115,7860,0,3,0,1,19000.0,0,1.0,33,4,3,1.0
4,115,7922,0,4,1,1,11000.0,0,1.0,28,5,4,1.0
5,115,156,0,5,2,1,5000.0,0,0.967741935483871,31,6,5,1.0
6,115,51,0,6,0,1,17000.0,0,1.0,33,7,6,1.0
7,115,50,0,7,3,1,17000.0,0,0.9375,32,8,7,1.0
8,115,7896,0,8,2,1,16000.0,0,0.9696969696969697,33,9,8,1.0
9,115,7863,0,9,0,1,16000.0,0,0.896551724137931,58,10,9,1.0
10,115,152,0,10,2,0,17000.0,0,0.8333333333333334,36,11,10,1.0
11,115,104,0,11,1,0,22000.0,0,0.8666666666666667,30,12,10,0.9090909090909091
12,115,108,0,12,1,0,23000.0,0,0.8709677419354839,31,13,10,0.8333333333333334
13,115,7900,0,13,0,1,21000.0,0,0.8089430894308943,246,14,10,0.7692307692307693
14,115,7901,0,14,1,1,24000.0,0,0.875,40,15,11,0.7857142857142857
15,115,7971,0,15,2,1,22000.0,0,0.8387096774193549,31,16,12,0.8
16,115,25,0,16,1,1,21000.0,0,0.8709677419354839,31,17,13,0.8125
17,115,183,0,17,0,0,20000.0,0,0.8297872340425532,47,18,14,0.8235294117647058
18,115,7926,0,18,1,1,18000.0,0,0.7837837837837838,37,19,14,0.7777777777777778
19,115,7927,0,19,3,1,17000.0,0,0.8113207547169812,53,20,15,0.7894736842105263
20,115,4,0,20,1,0,29000.0,0,0.6326530612244898,49,21,16,0.8
21,115,7984,0,21,3,0,20000.0,0,0.625,40,22,16,0.7619047619047619
22,115,45,0,22,2,0,19000.0,0,0.7321428571428571,56,23,16,0.7272727272727273
23,115,185,0,23,3,0,21000.0,0,0.5882352941176471,68,24,16,0.6956521739130435
24,115,55,0,24,3,1,22000.0,0,0.6285714285714286,70,25,16,0.6666666666666666
25,115,7876,0,25,3,1,16000.0,0,0.41198501872659177,267,26,17,0.68
26,115,6,0,26,2,1,20000.0,0,0.44871794871794873,78,27,18,0.6923076923076923
27,115,172,0,27,1,1,22000.0,0,0.5510204081632653,49,28,19,0.7037037037037037
28,115,7898,0,28,2,1,22000.0,0,0.5625,112,29,20,0.7142857142857143
29,115,175,0,29,0,0,23000.0,0,0.34172661870503596,278,30,21,0.7241379310344828
30,115,100,0,30,0,1,20000.0,0,0.5,24,31,21,0.7
31,115,7859,0,31,3,0,15000.0,0,0.375,72,32,22,0.7096774193548387
32,115,57,0,32,0,1,20000.0,0,1.0,11,33,22,0.6875
33,115,7948,0,33,0,1,20000.0,1,1.0,8,34,23,0.696969696969697
34,115,151,0,34,3,1,22000.0,1,1.0,9,35,24,0.7058823529411765
35,115,167,0,35,2,1,19000.0,1,1.0,8,36,25,0.7142857142857143
36,115,7897,0,36,3,0,17000.0,1,0.9130434782608695,23,37,26,0.7222222222222222
37,115,7882,0,37,2,1,20000.0,1,0.8823529411764706,17,38,26,0.7027027027027027
38,115,7962,0,38,3,1,17000.0,1,1.0,8,39,27,0.7105263157894737
39,115,1278,0,39,3,1,21000.0,0,0.6779661016949152,236,40,28,0.717948717948718
40,115,2065,0,40,2,1,17000.0,0,0.6502057613168725,243,41,29,0.725
41,115,2064,0,40,1,1,17000.0,0,0.6460905349794238,243,42,30,0.7317073170731707
42,115,2063,0,40,3,0,17000.0,0,0.18518518518518517,243,43,31,0.7380952380952381
43,115,3363,0,41,1,0,14333.0,0,0.2608695652173913,230,44,31,0.7209302325581395
44,115,3365,0,41,0,0,14333.0,0,0.30869565217391304,230,45,31,0.7045454545454546
45,115,3364,0,41,1,1,14333.0,0,0.5130434782608696,230,46,31,0.6888888888888889
46,124,7900,0,0,0,1,21000.0,0,0.8089430894308943,246,1,0,0.5
47,124,7876,0,1,0,0,26000.0,0,0.41198501872659177,267,2,1,1.0
48,124,175,0,2,2,1,29000.0,0,0.34172661870503596,278,3,1,0.5
49,124,1278,0,3,1,0,26000.0,0,0.6779661016949152,236,4,2,0.6666666666666666
50,124,2064,0,4,2,0,18000.0,0,0.6460905349794238,243,5,2,0.5
51,124,2063,0,4,3,0,18000.0,0,0.18518518518518517,243,6,2,0.4
52,124,2065,0,4,2,1,18000.0,0,0.6502057613168725,243,7,2,0.3333333333333333
53,124,3364,0,5,2,0,33333.0,0,0.5130434782608696,230,8,3,0.42857142857142855
54,124,3365,0,5,3,0,33333.0,0,0.30869565217391304,230,9,3,0.375
55,124,3363,0,5,0,0,33333.0,0,0.2608695652173913,230,10,3,0.3333333333333333
56,124,2948,0,6,2,0,21000.0,0,0.17209302325581396,215,11,3,0.3
57,124,2947,0,6,1,1,21000.0,0,0.2558139534883721,215,12,3,0.2727272727272727
58,124,2946,0,6,1,0,21000.0,0,0.20930232558139536,215,13,4,0.3333333333333333
59,124,2595,0,7,0,1,21666.0,0,0.4594594594594595,222,14,4,0.3076923076923077
60,124,2593,0,7,0,0,21666.0,0,0.6126126126126126,222,15,5,0.35714285714285715
61,124,2594,0,7,3,0,21666.0,0,0.43243243243243246,222,16,5,0.3333333333333333
62,124,4492,0,8,3,0,15000.0,0,0.4230769230769231,234,17,5,0.3125
63,124,4120,0,9,2,0,32000.0,0,0.25539568345323743,278,18,5,0.29411764705882354
64,124,4696,0,10,3,0,23000.0,0,0.5131578947368421,228,19,5,0.2777777777777778
65,124,6116,0,11,3,1,27000.0,0,0.29692832764505117,293,20,5,0.2631578947368421
66,124,6173,0,12,1,0,14000.0,0,0.26618705035971224,278,21,6,0.3
67,124,6370,0,13,3,0,17000.0,0,0.35267857142857145,224,22,6,0.2857142857142857
68,124,6909,0,14,0,1,7000.0,0,0.5789473684210527,114,23,6,0.2727272727272727
69,124,6910,0,14,1,0,7000.0,0,0.868421052631579,114,24,7,0.30434782608695654
70,124,6908,0,14,2,0,7000.0,0,0.40350877192982454,114,25,7,0.2916666666666667
71,124,6911,0,14,2,0,7000.0,0,0.5,114,26,7,0.28
72,124,7218,0,15,3,0,6500.0,0,0.6296296296296297,216,27,7,0.2692307692307692
73,124,7216,0,15,0,0,6500.0,0,0.4074074074074074,216,28,7,0.25925925925925924
74,124,7217,0,15,3,0,6500.0,0,0.46296296296296297,216,29,7,0.25
75,124,7219,0,15,1,0,6500.0,0,0.24074074074074073,216,30,7,0.2413793103448276
76,2746,5273,0,0,1,0,21000.0,0,0.6382978723404256,47,1,0,0.5
77,2746,758,0,1,0,0,28000.0,0,0.8108108108108109,37,2,0,0.0
78,2746,5976,0,2,3,0,17000.0,0,0.47368421052631576,19,3,0,0.0
79,2746,236,0,3,3,1,24000.0,0,0.7313432835820896,67,4,0,0.0
80,2746,404,0,4,3,0,20000.0,0,0.6,15,5,1,0.25
81,2746,382,0,5,0,1,16000.0,0,0.8333333333333334,18,6,1,0.2
82,2746,405,0,6,1,1,16000.0,0,0.5977011494252874,87,7,2,0.3333333333333333
83,2746,873,0,7,3,1,19000.0,0,0.6875,32,8,3,0.42857142857142855
84,2746,531,0,8,0,1,18000.0,1,0.75,20,9,4,0.5
85,2746,775,0,9,3,0,18000.0,1,0.625,40,10,5,0.5555555555555556
86,2746,294,0,10,3,1,20000.0,1,0.8805970149253731,201,11,5,0.5
87,2746,714,0,11,3,1,13000.0,1,0.7368421052631579,19,12,6,0.5454545454545454
88,2746,297,0,12,0,0,13000.0,1,0.8571428571428571,21,13,7,0.5833333333333334
90,2746,297,0,15,3,1,16000.0,1,0.8571428571428571,21,14,7,0.5384615384615384
91,2746,775,0,16,3,0,15000.0,1,0.625,40,15,8,0.5714285714285714
92,2746,1295,0,13,3,1,16000.0,1,0.8421052631578947,19,16,8,0.5333333333333333
93,2746,10684,0,17,0,1,17000.0,1,0.8532608695652174,184,17,9,0.5625
94,2746,1014,0,18,0,0,19000.0,1,0.7619047619047619,21,18,10,0.5882352941176471
95,2746,484,0,19,0,1,20000.0,1,0.782608695652174,23,19,10,0.5555555555555556
96,5382,5000,0,0,0,1,21000.0,0,0.48484848484848486,33,1,0,0.5
97,5382,3944,0,1,1,0,24000.0,0,0.5769230769230769,52,2,1,1.0
98,5382,217,0,2,0,1,35000.0,0,0.5862068965517241,58,3,1,0.5
99,5382,5844,0,3,1,0,88000.0,0,0.6666666666666666,12,4,2,0.6666666666666666
100,5382,5965,0,4,2,1,18000.0,0,0.46153846153846156,13,5,2,0.5
101,5382,4990,0,5,3,1,12000.0,0,0.6666666666666666,12,6,3,0.6
102,5382,5235,0,6,0,1,5000.0,0,0.5714285714285714,7,7,4,0.6666666666666666
103,5382,6050,0,7,3,1,92000.0,0,0.6666666666666666,18,8,5,0.7142857142857143
104,5382,5721,0,8,1,0,70000.0,0,0.8,5,9,6,0.75
105,5382,5580,0,9,3,0,14000.0,0,0.2,15,10,6,0.6666666666666666
106,5382,6039,0,10,1,0,79000.0,0,0.5,8,11,6,0.6
107,5382,7934,0,11,3,1,66000.0,0,0.9444444444444444,18,12,6,0.5454545454545454
108,5382,7945,0,12,1,0,30000.0,1,0.7027027027027027,37,13,7,0.5833333333333334
109,5382,18,0,13,1,1,27000.0,1,0.8333333333333334,36,14,7,0.5384615384615384
110,5382,10626,0,14,2,1,26000.0,1,1.0,9,15,8,0.5714285714285714
111,5382,64,0,15,0,1,22000.0,1,0.6808510638297872,47,16,9,0.6
112,5382,185,0,16,0,1,34000.0,1,0.5882352941176471,68,17,10,0.625
113,5382,7979,0,17,1,0,23000.0,1,0.7878787878787878,33,18,11,0.6470588235294118
114,5382,10612,0,18,0,1,22000.0,1,0.6,15,19,11,0.6111111111111112
115,5382,130,0,19,3,1,22000.0,1,0.7796610169491526,59,20,12,0.631578947368421
116,5382,118,0,20,0,0,26000.0,1,0.9333333333333333,15,21,13,0.65
118,5382,7945,0,22,1,0,25000.0,1,0.7027027027027027,37,22,13,0.6190476190476191
119,5382,7965,0,23,1,0,24000.0,1,0.631578947368421,38,23,13,0.5909090909090909
120,5382,5563,0,24,2,1,23000.0,1,0.75,24,24,13,0.5652173913043478
121,5382,6673,0,25,3,1,78000.0,1,0.6964285714285714,56,25,14,0.5833333333333334
122,5382,3859,0,26,0,0,36000.0,1,0.358974358974359,78,26,15,0.6
123,5382,9778,0,27,2,1,43000.0,1,0.8571428571428571,7,27,15,0.5769230769230769
124,5382,3644,0,28,1,1,38000.0,1,0.55,60,28,16,0.5925925925925926
125,5382,4640,0,29,1,0,30000.0,1,0.6,5,29,17,0.6071428571428571
126,5382,6155,0,30,2,0,64000.0,1,0.7037037037037037,54,30,17,0.5862068965517241
127,5382,9636,0,31,0,1,27000.0,1,0.875,8,31,17,0.5666666666666667
128,5382,4030,0,32,3,1,38000.0,1,0.6666666666666666,15,32,18,0.5806451612903226
129,5382,6318,0,33,3,0,55000.0,1,0.6413043478260869,92,33,19,0.59375
130,5382,4470,0,34,1,0,61000.0,1,0.6451612903225806,62,34,19,0.5757575757575758
131,5382,7999,0,35,1,1,82000.0,1,0.9,10,35,19,0.5588235294117647
132,5382,4418,0,36,3,1,33000.0,1,0.5555555555555556,45,36,20,0.5714285714285714
133,5382,4318,0,37,1,1,17000.0,1,0.8333333333333334,6,37,21,0.5833333333333334
134,5382,5861,0,38,2,1,50000.0,1,0.6808510638297872,47,38,22,0.5945945945945946
135,5382,9462,0,39,1,0,9000.0,1,0.4166666666666667,12,39,23,0.6052631578947368
136,5382,5687,0,40,3,1,57000.0,1,0.8,20,40,23,0.5897435897435898
137,5382,6081,0,41,0,0,30000.0,1,0.5714285714285714,7,41,24,0.6
138,5382,3978,0,42,2,1,15000.0,1,0.8846153846153846,26,42,24,0.5853658536585366
139,5382,8417,0,43,1,1,85000.0,1,0.6,5,43,25,0.5952380952380952
140,5382,8219,0,44,2,1,20000.0,1,0.7777777777777778,36,44,26,0.6046511627906976
141,5382,5104,0,45,3,1,64000.0,1,1.0,5,45,27,0.6136363636363636
142,5382,4411,0,46,1,1,81000.0,1,0.8,35,46,28,0.6222222222222222
143,5382,8807,0,47,3,1,11000.0,1,0.8,10,47,29,0.6304347826086957
144,5382,3878,0,48,1,1,21000.0,1,0.22988505747126436,174,48,30,0.6382978723404256
145,5382,5581,0,49,2,1,88000.0,1,0.5972222222222222,72,49,31,0.6458333333333334
146,5382,4849,0,50,3,1,53000.0,1,0.9090909090909091,11,50,32,0.6530612244897959
147,5382,270,0,51,3,1,43000.0,1,0.7,40,51,33,0.66
148,5382,877,0,52,0,1,17000.0,1,0.5289256198347108,121,52,34,0.6666666666666666
149,5382,565,0,53,0,1,35000.0,1,0.6190476190476191,21,53,35,0.6730769230769231
150,5382,10684,0,54,3,0,16000.0,1,0.8532608695652174,184,54,36,0.6792452830188679
151,5382,949,0,55,0,0,25000.0,1,0.6842105263157895,19,55,36,0.6666666666666666
152,5382,886,0,56,0,0,22000.0,1,0.7575757575757576,66,56,36,0.6545454545454545
153,5382,577,0,57,3,1,24000.0,1,0.8666666666666667,15,57,36,0.6428571428571429
154,5382,10685,0,58,0,1,18000.0,1,0.7783505154639175,194,58,37,0.6491228070175439
155,5382,1266,0,59,3,0,22000.0,1,0.6,20,59,38,0.6551724137931034
156,5382,1366,0,60,0,1,17000.0,1,0.7142857142857143,21,60,38,0.6440677966101694
157,5382,1176,0,61,1,1,22000.0,1,0.8695652173913043,23,61,39,0.65
158,5382,10688,0,62,0,1,17000.0,1,0.774869109947644,191,62,40,0.6557377049180327
159,5382,329,0,63,0,0,19000.0,1,0.717948717948718,39,63,41,0.6612903225806451
160,5382,1229,0,64,0,1,25000.0,1,0.7647058823529411,17,64,41,0.6507936507936508
161,5382,615,0,65,3,1,25000.0,1,0.95,20,65,42,0.65625
162,5382,8954,0,66,0,1,20000.0,1,0.75,8,66,43,0.6615384615384615
163,5382,4236,0,67,0,0,49000.0,1,0.5333333333333333,30,67,44,0.6666666666666666
164,5382,5199,0,68,1,1,19000.0,1,0.65625,64,68,44,0.6567164179104478
165,5382,8487,0,69,0,1,25000.0,1,0.7857142857142857,14,69,45,0.6617647058823529
166,5382,8830,0,70,0,1,57000.0,1,1.0,8,70,46,0.6666666666666666
167,5382,10686,0,71,0,1,27000.0,1,0.5707070707070707,198,71,47,0.6714285714285714
168,5382,796,0,72,0,1,22000.0,1,0.8235294117647058,17,72,48,0.676056338028169
169,5382,401,0,73,3,1,18000.0,1,0.9285714285714286,28,73,49,0.6805555555555556
170,5382,1181,0,74,1,1,17000.0,1,0.6829268292682927,41,74,50,0.684931506849315
171,5382,294,0,75,3,1,19000.0,1,0.8805970149253731,201,75,51,0.6891891891891891
172,5382,438,0,76,3,1,16000.0,1,0.7439024390243902,82,76,52,0.6933333333333334
173,5382,1334,0,77,1,0,19000.0,1,0.4878048780487805,41,77,53,0.6973684210526315
174,5382,209,0,78,3,0,20000.0,1,0.48,25,78,53,0.6883116883116883
175,5382,10687,0,79,1,1,18000.0,1,0.85,200,79,53,0.6794871794871795
176,5382,996,0,80,0,1,17000.0,1,0.76,75,80,54,0.6835443037974683
177,5382,901,0,81,1,1,19000.0,1,0.765625,64,81,55,0.6875
178,5382,261,0,82,1,1,19000.0,1,0.6842105263157895,19,82,56,0.691358024691358
179,5382,446,0,83,1,1,18000.0,1,0.5473684210526316,95,83,57,0.6951219512195121
180,5382,379,0,84,0,1,17000.0,1,0.627906976744186,43,84,58,0.6987951807228916
181,5382,828,0,85,3,1,19000.0,1,0.7407407407407407,27,85,59,0.7023809523809523
182,5382,451,0,86,3,1,16000.0,1,0.7647058823529411,17,86,60,0.7058823529411765
183,5382,6438,0,87,3,1,17000.0,1,0.7,20,87,61,0.7093023255813954
184,5382,5339,0,88,0,0,16000.0,1,0.5061728395061729,81,88,62,0.7126436781609196
185,5382,5412,0,89,2,1,90000.0,1,0.45,20,89,62,0.7045454545454546
186,5382,9179,0,90,0,1,48000.0,1,0.8333333333333334,6,90,63,0.7078651685393258
187,5382,5165,0,91,2,0,34000.0,1,0.5735294117647058,68,91,64,0.7111111111111111
188,5382,4108,0,92,0,1,33000.0,1,0.5752212389380531,113,92,64,0.7032967032967034
189,5382,4848,0,93,3,0,38000.0,1,0.6666666666666666,3,93,65,0.7065217391304348
190,5382,5239,0,94,1,1,90000.0,1,0.5714285714285714,7,94,65,0.6989247311827957
191,5382,3961,0,95,0,1,62000.0,1,0.6486486486486487,37,95,66,0.7021276595744681
192,5382,5253,0,96,3,1,51000.0,1,0.6086956521739131,23,96,67,0.7052631578947368
193,5382,3759,0,97,1,0,93000.0,1,0.6923076923076923,13,97,68,0.7083333333333334
194,5382,8700,0,98,0,0,35000.0,1,0.4,10,98,68,0.7010309278350515
195,5382,4141,0,99,0,1,61000.0,1,0.676923076923077,65,99,68,0.6938775510204082
196,5382,4244,0,100,1,0,48000.0,1,0.5357142857142857,56,100,69,0.696969696969697
197,5382,3633,0,101,2,1,201000.0,1,0.6571428571428571,35,101,69,0.69
198,5382,8962,0,102,3,0,21000.0,1,0.25,8,102,70,0.693069306930693
199,5382,4103,0,103,0,0,41000.0,1,0.76,25,103,70,0.6862745098039216
200,5382,6078,0,105,0,1,22000.0,1,0.6,40,104,70,0.6796116504854369
201,5382,5673,0,106,3,0,24000.0,1,0.3283582089552239,67,105,71,0.6826923076923077
202,5382,8841,0,107,3,0,23000.0,1,0.3333333333333333,9,106,71,0.6761904761904762
203,5382,5442,0,108,0,1,24000.0,1,0.7857142857142857,14,107,71,0.6698113207547169
204,5382,4664,0,109,3,1,43000.0,1,0.8043478260869565,46,108,72,0.6728971962616822
205,5382,4258,0,110,1,0,5000.0,1,0.4588235294117647,85,109,73,0.6759259259259259
206,5382,4198,0,111,3,1,72000.0,1,0.7333333333333333,15,110,73,0.6697247706422018
207,5382,4993,0,112,1,1,39000.0,1,0.75,12,111,74,0.6727272727272727
208,5382,5706,0,113,0,1,43000.0,1,0.6296296296296297,54,112,75,0.6756756756756757
209,5382,5328,0,114,2,1,21000.0,1,0.8461538461538461,26,113,76,0.6785714285714286
210,5382,8632,0,115,1,0,48000.0,1,0.20833333333333334,24,114,77,0.6814159292035398
211,5382,10577,0,116,3,1,38000.0,1,0.6923076923076923,13,115,77,0.6754385964912281
213,5382,3859,0,117,2,1,25000.0,1,0.358974358974359,78,116,78,0.6782608695652174
214,5382,4103,0,118,1,1,20000.0,1,0.76,25,117,79,0.6810344827586207
215,5382,4447,0,119,1,1,38000.0,1,0.6862745098039216,51,118,80,0.6837606837606838
217,5382,5339,0,122,2,1,33000.0,1,0.5061728395061729,81,119,81,0.6864406779661016
218,5382,6106,0,120,0,0,26000.0,1,0.6229508196721312,61,120,82,0.6890756302521008
219,5382,6106,0,123,2,1,54000.0,1,0.6229508196721312,61,121,82,0.6833333333333333
220,5382,6372,0,124,0,1,20000.0,1,0.5172413793103449,29,122,83,0.6859504132231405
221,5382,8699,0,125,3,0,20000.0,1,0.6666666666666666,9,123,84,0.6885245901639344
222,5382,4728,0,126,1,0,20000.0,1,0.56,25,124,84,0.6829268292682927
223,5382,4070,0,127,3,0,22000.0,1,0.75,24,125,84,0.6774193548387096
224,8623,3915,0,0,3,1,21000.0,0,0.9166666666666666,12,1,0,0.5
225,8623,4750,0,1,1,1,16000.0,0,0.7142857142857143,7,2,1,1.0
226,8623,6456,0,2,2,1,33000.0,0,0.39473684210526316,38,3,2,1.0
227,8623,3968,0,3,2,1,30000.0,0,0.46511627906976744,43,4,3,1.0
228,8623,6104,0,4,1,1,40000.0,0,0.3684210526315789,19,5,4,1.0
229,8623,5738,0,5,2,1,35000.0,0,0.3142857142857143,35,6,5,1.0
230,8623,6435,0,6,2,1,30000.0,0,0.3384615384615385,65,7,6,1.0
231,8623,5498,0,7,0,0,29000.0,0,0.3,50,8,7,1.0
232,8623,6102,0,8,0,0,15000.0,0,0.2608695652173913,46,9,7,0.875
233,8623,4078,0,9,0,1,19000.0,0,0.2,55,10,7,0.7777777777777778
234,8623,4536,0,10,3,1,14000.0,0,0.45,20,11,8,0.8
235,8623,1291,0,11,0,0,38000.0,0,0.7846153846153846,65,12,9,0.8181818181818182
236,8623,1131,0,12,1,0,21000.0,1,0.40425531914893614,47,13,9,0.75
237,8623,1145,0,13,3,1,17000.0,1,0.8333333333333334,42,14,9,0.6923076923076923
238,8623,10686,0,14,0,1,16000.0,1,0.5707070707070707,198,15,10,0.7142857142857143
239,8623,405,0,15,0,0,21000.0,1,0.5977011494252874,87,16,11,0.7333333333333333
240,8623,6058,0,17,1,1,23000.0,1,0.484375,64,17,11,0.6875
241,8623,4519,0,18,0,1,11000.0,1,0.3888888888888889,72,18,12,0.7058823529411765
242,8623,5216,0,19,2,1,13000.0,1,0.6938775510204082,49,19,13,0.7222222222222222
243,8623,8712,0,20,0,0,17000.0,1,0.18181818181818182,11,20,14,0.7368421052631579
244,8623,5791,0,21,3,0,12000.0,1,0.5,16,21,14,0.7
245,8623,6119,0,22,2,1,57000.0,1,0.5154639175257731,97,22,14,0.6666666666666666
246,8623,3903,0,23,2,1,19000.0,1,0.6363636363636364,22,23,15,0.6818181818181818
247,8623,8172,0,24,1,0,5000.0,1,0.42857142857142855,7,24,16,0.6956521739130435
248,8623,5615,0,25,3,1,12000.0,1,0.6455696202531646,79,25,16,0.6666666666666666
249,8623,6136,0,26,3,1,12000.0,1,0.7142857142857143,21,26,17,0.68
250,8623,1071,0,16,1,1,22000.0,1,0.9285714285714286,28,27,18,0.6923076923076923
251,8623,731,0,27,1,0,16000.0,1,0.49056603773584906,53,28,19,0.7037037037037037
252,8623,10687,0,28,1,1,20000.0,1,0.85,200,29,19,0.6785714285714286
253,8623,651,0,29,1,0,11000.0,1,0.5161290322580645,62,30,20,0.6896551724137931
254,8623,335,0,30,0,1,18000.0,1,0.6944444444444444,72,31,20,0.6666666666666666
255,8623,763,0,31,3,0,18000.0,1,0.4909090909090909,55,32,21,0.6774193548387096
256,8623,294,0,32,3,1,46000.0,1,0.8805970149253731,201,33,21,0.65625
257,8623,1265,0,33,0,1,20000.0,1,0.5571428571428572,70,34,22,0.6666666666666666
258,8623,675,0,34,0,0,22000.0,1,0.696969696969697,33,35,23,0.6764705882352942
259,8623,1202,0,35,1,1,20000.0,1,0.717948717948718,39,36,23,0.6571428571428571
260,8623,10684,0,36,0,1,18000.0,1,0.8532608695652174,184,37,24,0.6666666666666666
261,8623,556,0,37,1,1,22000.0,1,0.7105263157894737,38,38,25,0.6756756756756757
262,8623,757,0,38,3,1,21000.0,1,0.49019607843137253,51,39,26,0.6842105263157895
263,8623,1093,0,39,3,0,17000.0,1,0.7222222222222222,18,40,27,0.6923076923076923
264,8623,10688,0,40,1,0,16000.0,1,0.774869109947644,191,41,27,0.675
265,8623,675,0,41,3,1,18000.0,1,0.696969696969697,33,42,27,0.6585365853658537
266,8623,651,0,42,3,1,17000.0,1,0.5161290322580645,62,43,28,0.6666666666666666
267,8623,7747,0,43,2,1,17000.0,1,0.8571428571428571,21,44,29,0.6744186046511628
268,8623,7748,0,43,1,1,17000.0,1,0.5714285714285714,21,45,30,0.6818181818181818
269,8623,7745,0,43,2,1,17000.0,1,0.9047619047619048,21,46,31,0.6888888888888889
270,8623,7744,0,43,3,1,17000.0,1,0.5238095238095238,21,47,32,0.6956521739130435
271,8623,7746,0,43,0,1,17000.0,1,0.7142857142857143,21,48,33,0.7021276595744681
272,8623,7193,0,44,0,0,77000.0,1,0.6,10,49,34,0.7083333333333334
273,8623,7190,0,44,0,0,77000.0,1,0.6,10,50,34,0.6938775510204082
274,8623,7192,0,44,1,0,77000.0,1,0.6,10,51,34,0.68
275,8623,7194,0,44,2,0,77000.0,1,0.3,10,52,34,0.6666666666666666
276,8623,7191,0,44,1,1,77000.0,1,0.8,10,53,34,0.6538461538461539
277,8623,7425,0,45,3,0,58400.0,1,0.7692307692307693,26,54,35,0.660377358490566
278,8623,7424,0,45,2,0,58400.0,1,0.4230769230769231,26,55,35,0.6481481481481481
279,8623,7422,0,45,1,1,58400.0,1,0.46153846153846156,26,56,35,0.6363636363636364
280,8623,7421,0,45,0,0,58400.0,1,0.46153846153846156,26,57,36,0.6428571428571429
281,8623,7423,0,45,0,0,58400.0,1,0.5,26,58,36,0.631578947368421
282,8623,39,0,46,3,0,74600.0,1,0.5111111111111111,45,59,36,0.6206896551724138
283,8623,130,0,47,1,0,23000.0,1,0.7796610169491526,59,60,36,0.6101694915254238
284,8623,7942,0,48,0,1,11000.0,1,0.6551724137931034,58,61,36,0.6
285,8623,10618,0,49,3,1,22000.0,1,1.0,16,62,37,0.6065573770491803
286,8623,64,0,50,1,0,24000.0,1,0.6808510638297872,47,63,38,0.6129032258064516
287,8623,61,0,51,1,0,32000.0,1,0.8571428571428571,21,64,38,0.6031746031746031
288,8623,18,0,52,1,1,23000.0,1,0.8333333333333334,36,65,38,0.59375
289,8623,10595,0,53,2,1,25000.0,1,0.8333333333333334,12,66,39,0.6
290,8623,7964,0,54,2,0,23000.0,1,0.45901639344262296,61,67,40,0.6060606060606061
291,8623,7913,0,55,3,1,27000.0,1,1.0,12,68,40,0.5970149253731343
292,8623,194,0,56,3,1,25000.0,1,0.775,40,69,41,0.6029411764705882
293,8623,10405,0,57,2,0,21000.0,1,0.5294117647058824,17,70,42,0.6086956521739131
294,8623,7974,0,58,1,1,21000.0,1,0.6511627906976745,43,71,42,0.6
296,8623,130,0,60,3,1,27000.0,1,0.7796610169491526,59,72,43,0.6056338028169014
297,8623,7965,0,61,0,1,18000.0,1,0.631578947368421,38,73,44,0.6111111111111112
298,8623,7920,0,62,3,0,20000.0,1,0.6470588235294118,34,74,45,0.6164383561643836
299,8623,10440,0,63,0,1,22000.0,1,1.0,12,75,45,0.6081081081081081
300,8623,7934,0,64,3,1,13000.0,1,0.9444444444444444,18,76,46,0.6133333333333333
301,8623,9,0,65,1,0,23000.0,1,0.29577464788732394,71,77,47,0.618421052631579
303,8623,3636,0,67,1,1,26000.0,0,0.39436619718309857,71,78,47,0.6103896103896104
304,8623,9192,0,68,0,1,10000.0,1,1.0,9,79,48,0.6153846153846154
305,8623,5350,0,69,0,0,20000.0,1,0.5301204819277109,83,80,49,0.620253164556962
306,8623,3965,0,70,0,0,95000.0,1,0.34615384615384615,52,81,49,0.6125
307,8623,3647,0,71,0,0,20000.0,1,0.38461538461538464,13,82,49,0.6049382716049383
308,8623,11415,0,72,2,0,13000.0,1,0.0,1,83,49,0.5975609756097561
309,8623,5038,0,73,0,1,58000.0,1,0.5393258426966292,89,84,49,0.5903614457831325
310,8623,3878,0,74,0,0,18000.0,1,0.22988505747126436,174,85,50,0.5952380952380952
311,8623,4464,0,75,0,1,20000.0,1,0.5428571428571428,70,86,50,0.5882352941176471
312,8623,11331,0,76,1,1,13000.0,1,0.5,4,87,51,0.5930232558139535
313,8623,762,0,77,3,1,37000.0,1,0.6764705882352942,102,88,52,0.5977011494252874
314,8623,773,0,78,1,1,19000.0,1,0.5901639344262295,61,89,53,0.6022727272727273
315,8623,1315,0,79,3,1,18000.0,1,0.3958333333333333,144,90,54,0.6067415730337079
316,8623,10685,0,80,0,1,17000.0,1,0.7783505154639175,194,91,55,0.6111111111111112
317,8623,831,0,81,1,1,17000.0,1,0.6857142857142857,35,92,56,0.6153846153846154
318,8623,1296,0,82,0,1,10000.0,1,0.7558139534883721,86,93,57,0.6195652173913043
319,8623,1369,0,83,3,0,14000.0,1,0.4782608695652174,46,94,58,0.6236559139784946
320,8623,644,0,84,1,1,15000.0,1,0.7,20,95,58,0.6170212765957447
321,8623,660,0,85,3,1,16000.0,1,0.7727272727272727,66,96,59,0.6210526315789474
322,8623,587,0,86,3,0,18000.0,1,0.37777777777777777,90,97,60,0.625
324,8623,763,0,88,0,1,17000.0,1,0.4909090909090909,55,98,60,0.6185567010309279
325,8623,587,0,89,1,1,15000.0,1,0.37777777777777777,90,99,61,0.6224489795918368
326,8623,999,0,90,3,1,10000.0,1,0.723404255319149,47,100,62,0.6262626262626263
327,8623,1100,0,91,0,1,16000.0,1,0.7021276595744681,47,101,63,0.63
328,8623,412,0,92,3,1,16000.0,1,0.7254901960784313,51,102,64,0.6336633663366337
329,8623,560,0,93,3,0,17000.0,1,0.5185185185185185,54,103,65,0.6372549019607843
330,8623,1239,0,94,0,1,26000.0,1,0.7076923076923077,65,104,65,0.6310679611650486
331,8623,834,0,95,3,1,20000.0,1,0.422680412371134,97,105,66,0.6346153846153846
332,8623,724,0,96,3,0,23000.0,1,0.5333333333333333,45,106,67,0.638095238095238
333,8623,920,0,97,0,1,16000.0,1,0.5394736842105263,76,107,67,0.6320754716981132
334,8623,855,0,98,1,1,18000.0,1,0.6065573770491803,61,108,68,0.6355140186915887
335,8623,969,0,99,0,1,18000.0,1,0.6,55,109,69,0.6388888888888888
336,8701,3901,0,0,2,1,21000.0,0,0.5555555555555556,9,1,0,0.5
337,8701,6671,0,1,0,1,13000.0,0,0.7058823529411765,17,2,1,1.0
338,8701,4963,0,2,0,1,15000.0,0,0.75,4,3,2,1.0
339,8701,6143,0,3,3,0,24000.0,0,0.3023255813953488,43,4,3,1.0
340,8701,8279,0,4,2,1,25000.0,0,1.0,4,5,3,0.75
341,8701,3964,0,5,0,0,44000.0,0,0.5,14,6,4,0.8
342,8701,4002,0,6,0,0,17000.0,0,0.15384615384615385,52,7,4,0.6666666666666666
343,8701,754,0,7,3,0,39000.0,0,0.7,20,8,4,0.5714285714285714
344,8701,1110,0,8,1,1,16000.0,1,0.7333333333333333,45,9,4,0.5
345,8701,770,0,9,0,0,18000.0,1,0.7647058823529411,17,10,5,0.5555555555555556
346,8701,10688,0,10,3,0,18000.0,1,0.774869109947644,191,11,5,0.5
347,8701,1229,0,11,0,1,18000.0,1,0.7647058823529411,17,12,5,0.45454545454545453
348,8701,1387,0,12,0,1,18000.0,1,0.8823529411764706,17,13,6,0.5
349,8701,1336,0,13,3,1,22000.0,1,0.8260869565217391,23,14,7,0.5384615384615384
350,8701,10687,0,14,3,0,16000.0,1,0.85,200,15,8,0.5714285714285714
351,8701,1185,0,15,0,1,18000.0,1,0.5833333333333334,36,16,8,0.5333333333333333
352,8701,498,0,16,1,1,21000.0,1,0.7142857142857143,35,17,9,0.5625
353,12741,5145,0,0,3,0,21000.0,0,0.75,4,1,0,0.5
354,12741,9691,0,1,3,1,13000.0,0,1.0,4,2,0,0.0
355,12741,9697,0,2,2,0,18000.0,0,0.5454545454545454,11,3,1,0.5
356,12741,5202,0,3,3,1,29000.0,0,0.5897435897435898,39,4,1,0.3333333333333333
357,12741,4787,0,4,3,1,35000.0,0,0.65,20,5,2,0.5
358,12741,5695,0,5,3,0,15000.0,0,0.3,10,6,3,0.6
359,12741,7858,0,6,2,1,21000.0,0,0.7857142857142857,14,7,3,0.5
360,12741,5653,0,7,3,0,23000.0,0,0.4090909090909091,22,8,4,0.5714285714285714
361,12741,5889,0,8,3,1,23000.0,0,0.7272727272727273,11,9,4,0.5
362,12741,4764,0,9,2,0,30000.0,0,0.5416666666666666,24,10,5,0.5555555555555556
363,12741,4503,0,10,1,0,23000.0,0,0.3,10,11,5,0.5
364,12741,10073,0,11,3,1,22000.0,0,0.32432432432432434,37,12,5,0.45454545454545453
365,12741,10070,0,11,2,0,22000.0,0,0.6486486486486487,37,13,6,0.5
366,12741,10072,0,11,0,1,22000.0,0,0.24324324324324326,37,14,6,0.46153846153846156
367,12741,10071,0,11,1,1,22000.0,0,1.0,37,15,7,0.5
368,12741,10948,0,12,1,0,27000.0,1,0.5,4,16,8,0.5333333333333333
369,12741,10947,0,12,0,1,27000.0,1,0.75,4,17,8,0.5
370,12741,10950,0,12,3,0,27000.0,1,0.75,4,18,9,0.5294117647058824
371,12741,10949,0,12,0,0,27000.0,1,0.5,4,19,9,0.5
372,12741,6585,0,13,1,0,20500.0,1,0.6756756756756757,37,20,9,0.47368421052631576
373,12741,6587,0,13,1,0,20500.0,1,0.5945945945945946,37,21,9,0.45
374,12741,6588,0,13,1,1,20500.0,1,0.9459459459459459,37,22,9,0.42857142857142855
375,12741,6586,0,13,0,1,20500.0,1,0.5135135135135135,37,23,10,0.45454545454545453
376,12741,10910,0,14,2,1,25750.0,1,1.0,4,24,11,0.4782608695652174
377,12741,10908,0,14,2,0,25750.0,1,0.5,4,25,12,0.5
378,12741,10909,0,14,3,1,25750.0,1,1.0,4,26,12,0.48
379,12741,10907,0,14,3,1,25750.0,1,1.0,4,27,13,0.5
380,12741,7802,0,15,2,1,25250.0,1,0.6666666666666666,6,28,14,0.5185185185185185
381,12741,7801,0,15,1,1,25250.0,1,1.0,6,29,15,0.5357142857142857
382,12741,7800,0,15,0,1,25250.0,1,0.8333333333333334,6,30,16,0.5517241379310345
383,12741,7803,0,15,1,0,25250.0,1,0.6666666666666666,6,31,17,0.5666666666666667
384,12741,7684,0,16,2,1,56500.0,1,0.8888888888888888,18,32,17,0.5483870967741935
385,12741,7685,0,16,1,1,56500.0,1,0.7777777777777778,18,33,18,0.5625
386,12741,7686,0,16,2,0,56500.0,1,0.6111111111111112,18,34,19,0.5757575757575758
387,12741,7688,0,16,0,1,56500.0,1,0.5555555555555556,18,35,19,0.5588235294117647
388,12741,7687,0,16,3,1,56500.0,1,0.6111111111111112,18,36,20,0.5714285714285714
389,12741,7491,0,17,3,0,74800.0,1,0.8421052631578947,19,37,21,0.5833333333333334
390,12741,7490,0,17,2,1,74800.0,1,0.8947368421052632,19,38,21,0.5675675675675675
391,12741,7492,0,17,1,0,74800.0,1,0.7894736842105263,19,39,22,0.5789473684210527
392,12741,7493,0,17,2,0,74800.0,1,0.6842105263157895,19,40,22,0.5641025641025641
393,12741,7489,0,17,3,1,74800.0,1,0.7894736842105263,19,41,22,0.55
394,12741,9014,0,18,0,0,72000.0,1,0.6153846153846154,13,42,23,0.5609756097560976
395,12741,8724,0,19,0,0,35000.0,1,0.46153846153846156,13,43,23,0.5476190476190477
396,12741,6246,0,20,3,0,21000.0,1,0.625,40,44,23,0.5348837209302325
397,12741,3734,0,21,3,1,53000.0,1,0.5333333333333333,30,45,23,0.5227272727272727
398,12741,8722,0,22,1,0,22000.0,1,0.6666666666666666,15,46,24,0.5333333333333333
399,12741,8553,0,23,0,1,31000.0,1,0.6153846153846154,13,47,24,0.5217391304347826
400,12741,4853,0,24,3,1,36000.0,1,0.6296296296296297,27,48,25,0.5319148936170213
401,12741,6120,0,25,1,1,29000.0,1,0.42045454545454547,88,49,26,0.5416666666666666
402,12741,9477,0,26,3,1,43000.0,1,0.625,16,50,27,0.5510204081632653
403,12741,4074,0,27,2,0,161000.0,1,0.5873015873015873,63,51,28,0.56
404,12741,4240,0,28,2,1,61000.0,1,0.7222222222222222,54,52,28,0.5490196078431373
405,12741,9245,0,29,0,0,24000.0,1,0.25,12,53,29,0.5576923076923077
406,12741,5703,0,30,0,0,36000.0,1,0.3977272727272727,88,54,29,0.5471698113207547
407,12741,4190,0,31,1,0,42000.0,1,0.2903225806451613,31,55,29,0.5370370370370371
408,12741,3859,0,32,0,0,30000.0,1,0.358974358974359,78,56,29,0.5272727272727272
410,12741,5596,0,34,0,0,30000.0,1,0.373134328358209,67,57,29,0.5178571428571429
411,12741,6091,0,35,1,1,22000.0,1,0.65,60,58,29,0.5087719298245614
412,12741,9517,0,36,3,0,18000.0,1,0.125,16,59,30,0.5172413793103449
413,12741,8634,0,37,1,0,17000.0,1,0.5333333333333333,15,60,30,0.5084745762711864
414,12741,11386,0,38,1,0,24000.0,1,0.5833333333333334,24,61,30,0.5
415,12741,6686,0,39,3,0,14000.0,1,0.3888888888888889,18,62,30,0.4918032786885246
416,12741,6173,0,40,0,0,15000.0,1,0.26618705035971224,278,63,30,0.4838709677419355
417,12741,8750,0,41,1,1,43000.0,1,0.42857142857142855,14,64,30,0.47619047619047616
418,12741,5952,0,42,0,0,45000.0,1,0.696969696969697,33,65,31,0.484375
419,12741,9133,0,43,0,0,22000.0,1,0.10526315789473684,19,66,31,0.47692307692307695
420,12741,6016,0,44,3,1,23000.0,1,0.7804878048780488,41,67,31,0.4696969696969697
421,12741,11183,0,45,1,0,19000.0,1,0.3076923076923077,13,68,32,0.47761194029850745
422,12741,4424,0,46,1,0,36000.0,1,0.19047619047619047,42,69,32,0.47058823529411764
423,12741,11280,0,47,0,0,33000.0,1,0.23076923076923078,13,70,32,0.463768115942029
424,12741,9909,0,48,1,0,49000.0,1,0.35714285714285715,14,71,32,0.45714285714285713
425,12741,10833,0,49,3,0,29000.0,1,0.6666666666666666,6,72,32,0.4507042253521127
426,12741,10834,0,49,0,1,29000.0,1,0.5,6,73,32,0.4444444444444444
427,12741,10831,0,49,3,1,29000.0,1,0.8333333333333334,6,74,33,0.4520547945205479
428,12741,10832,0,49,0,0,29000.0,1,0.8333333333333334,6,75,34,0.4594594594594595
429,12741,10280,0,50,0,1,41000.0,1,0.9285714285714286,14,76,34,0.4533333333333333
430,12741,10282,0,50,0,1,41000.0,1,0.9285714285714286,14,77,35,0.4605263157894737
431,12741,10283,0,50,0,0,41000.0,1,0.42857142857142855,14,78,36,0.4675324675324675
432,12741,10281,0,50,2,1,41000.0,1,0.6428571428571429,14,79,36,0.46153846153846156
433,12741,11120,0,51,2,1,37500.0,1,1.0,3,80,37,0.46835443037974683
434,12741,11122,0,51,0,0,37500.0,1,0.6666666666666666,3,81,38,0.475
435,12741,11121,0,51,0,1,37500.0,1,1.0,3,82,38,0.4691358024691358
436,12741,11119,0,51,2,1,37500.0,1,0.3333333333333333,3,83,39,0.47560975609756095
437,12741,11149,0,52,3,1,40250.0,1,1.0,4,84,40,0.4819277108433735
438,12741,11148,0,52,0,0,40250.0,1,0.75,4,85,41,0.4880952380952381
439,12741,11147,0,52,1,1,40250.0,1,1.0,4,86,41,0.4823529411764706
440,12741,11150,0,52,0,1,40250.0,1,0.75,4,87,42,0.4883720930232558
442,12741,7484,0,54,0,1,31000.0,1,0.8,15,88,43,0.4942528735632184
443,12741,7485,0,54,3,0,31000.0,1,0.8,15,89,44,0.5
444,12741,7488,0,54,2,1,31000.0,1,0.9333333333333333,15,90,44,0.4943820224719101
445,12741,7486,0,54,1,1,31000.0,1,0.8,15,91,45,0.5
446,12741,7487,0,54,1,0,31000.0,1,0.2,15,92,46,0.5054945054945055
447,12741,7766,0,55,3,0,78200.0,1,0.3333333333333333,3,93,46,0.5
448,12741,7765,0,55,3,1,78200.0,1,1.0,3,94,46,0.4946236559139785
449,12741,7764,0,55,2,1,78200.0,1,0.6666666666666666,3,95,47,0.5
450,12741,8148,0,56,3,1,70666.0,1,0.5,2,96,48,0.5052631578947369
451,12741,8147,0,56,1,1,70666.0,1,1.0,2,97,49,0.5104166666666666
452,12741,8146,0,56,0,1,70666.0,1,1.0,2,98,50,0.5154639175257731
453,12741,8144,0,56,3,1,70666.0,1,1.0,2,99,51,0.5204081632653061
454,12741,8145,0,56,0,1,70666.0,1,1.0,2,100,52,0.5252525252525253
455,12741,10046,0,57,1,0,64599.0,1,0.25,12,101,53,0.53
456,12741,10049,0,57,1,0,64599.0,1,0.4166666666666667,12,102,53,0.5247524752475248
457,12741,10047,0,57,2,1,64599.0,1,0.5833333333333334,12,103,53,0.5196078431372549
458,12741,10048,0,57,2,1,64599.0,1,0.5833333333333334,12,104,54,0.5242718446601942
459,12741,10310,0,58,2,1,48000.0,1,0.8,5,105,55,0.5288461538461539
460,12741,10309,0,58,1,1,48000.0,1,0.8,5,106,56,0.5333333333333333
461,12741,10311,0,58,3,1,48000.0,1,1.0,5,107,57,0.5377358490566038
462,12741,10308,0,58,2,0,48000.0,1,0.8,5,108,58,0.5420560747663551
463,12741,10314,0,59,1,1,27250.0,1,0.625,8,109,58,0.5370370370370371
464,12741,10315,0,59,0,1,27250.0,1,0.5,8,110,59,0.5412844036697247
465,12741,10312,0,59,2,1,27250.0,1,0.75,8,111,60,0.5454545454545454
466,12741,10313,0,59,2,1,27250.0,1,0.875,8,112,61,0.5495495495495496
467,12741,6610,0,60,1,1,33750.0,1,0.9714285714285714,35,113,62,0.5535714285714286
468,12741,6611,0,60,2,0,33750.0,1,0.4857142857142857,35,114,63,0.5575221238938053
469,12741,6609,0,60,2,1,33750.0,1,0.6,35,115,63,0.5526315789473685
470,12741,6612,0,60,1,0,33750.0,1,0.7714285714285715,35,116,64,0.5565217391304348
471,12741,3483,0,61,3,1,40750.0,1,1.0,7,117,64,0.5517241379310345
472,12741,3484,0,61,2,0,40750.0,1,0.14285714285714285,7,118,65,0.5555555555555556
473,12741,3485,0,61,1,1,40750.0,1,0.42857142857142855,7,119,65,0.5508474576271186
474,12741,2862,0,62,2,1,33000.0,1,0.9333333333333333,15,120,66,0.5546218487394958
475,12741,2863,0,62,0,1,33000.0,1,0.8,15,121,67,0.5583333333333333
476,12741,2864,0,62,1,1,33000.0,1,0.7333333333333333,15,122,68,0.5619834710743802
477,12741,10716,0,63,0,1,32666.0,1,0.8125,16,123,69,0.5655737704918032
478,12741,10718,0,63,1,0,32666.0,1,0.625,16,124,70,0.5691056910569106
479,12741,10717,0,63,2,0,32666.0,1,0.625,16,125,70,0.5645161290322581
480,12741,3117,0,64,1,0,32666.0,1,0.07692307692307693,13,126,70,0.56
481,12741,3118,0,64,3,0,32666.0,1,0.6153846153846154,13,127,70,0.5555555555555556
482,12741,3119,0,64,1,0,32666.0,1,0.5384615384615384,13,128,70,0.5511811023622047
483,12741,2908,0,65,2,1,26333.0,1,0.5,18,129,70,0.546875
484,12741,2909,0,65,0,0,26333.0,1,0.4444444444444444,18,130,71,0.5503875968992248
485,12741,2907,0,65,1,1,26333.0,1,0.3333333333333333,18,131,71,0.5461538461538461
488,12741,3271,0,68,2,1,35000.0,1,1.0,12,132,72,0.549618320610687
489,12741,3270,0,68,1,0,35000.0,1,0.08333333333333333,12,133,73,0.553030303030303
490,12741,3272,0,68,2,0,35000.0,1,0.75,12,134,73,0.5488721804511278
491,12741,3124,0,69,3,0,30333.0,1,0.4,10,135,73,0.5447761194029851
492,12741,3125,0,69,0,0,30333.0,1,0.2,10,136,73,0.5407407407407407
493,12741,3123,0,69,1,1,30333.0,1,0.8,10,137,73,0.5367647058823529
494,12741,2630,0,70,0,1,24333.0,1,0.42857142857142855,7,138,74,0.5401459854014599
495,12741,2629,0,70,0,0,24333.0,1,0.2857142857142857,7,139,75,0.5434782608695652
496,12741,2631,0,70,2,1,24333.0,1,1.0,7,140,75,0.539568345323741
497,12741,2876,0,71,0,0,24333.0,1,0.42857142857142855,7,141,76,0.5428571428571428
498,12741,2875,0,71,1,0,24333.0,1,0.5714285714285714,7,142,76,0.5390070921985816
499,12741,2874,0,71,0,1,24333.0,1,0.8571428571428571,7,143,76,0.5352112676056338
500,12741,3214,0,72,3,1,26666.0,1,0.6363636363636364,11,144,77,0.5384615384615384
501,12741,3215,0,72,1,0,26666.0,1,0.36363636363636365,11,145,78,0.5416666666666666
502,12741,3213,0,72,0,0,26666.0,1,0.7272727272727273,11,146,78,0.5379310344827586
503,12741,10814,0,73,0,1,27333.0,1,0.75,4,147,78,0.5342465753424658
504,12741,10812,0,73,0,1,27333.0,1,1.0,4,148,79,0.5374149659863946
505,12741,10813,0,73,3,1,27333.0,1,1.0,4,149,80,0.5405405405405406
506,12741,10811,0,73,1,1,27333.0,1,1.0,4,150,81,0.5436241610738255
507,12741,6877,0,75,0,0,30000.0,1,0.5100671140939598,149,151,82,0.5466666666666666
508,12741,6879,0,75,3,0,30000.0,1,0.42953020134228187,149,152,82,0.543046357615894
509,12741,6880,0,75,2,0,30000.0,1,0.3221476510067114,149,153,82,0.5394736842105263
510,12741,6878,0,75,1,1,30000.0,1,0.6241610738255033,149,154,82,0.5359477124183006
511,12741,10228,0,76,3,0,27250.0,1,0.14285714285714285,7,155,83,0.538961038961039
512,12741,10229,0,76,3,1,27250.0,1,0.5714285714285714,7,156,83,0.535483870967742
513,12741,10231,0,76,0,1,27250.0,1,1.0,7,157,84,0.5384615384615384
514,12741,10230,0,76,2,1,27250.0,1,0.8571428571428571,7,158,85,0.5414012738853503
515,12741,6836,0,77,2,0,39750.0,1,0.875,16,159,86,0.5443037974683544
516,12741,6833,0,77,0,1,39750.0,1,0.75,16,160,86,0.5408805031446541
517,12741,6835,0,77,2,1,39750.0,1,0.9375,16,161,87,0.54375
518,12741,6834,0,77,0,1,39750.0,1,0.8125,16,162,88,0.546583850931677
519,12741,7396,0,74,2,0,36750.0,1,0.2857142857142857,7,163,89,0.5493827160493827
520,12741,7397,0,74,1,1,36750.0,1,1.0,7,164,89,0.5460122699386503
521,12741,7398,0,74,2,1,36750.0,1,0.7142857142857143,7,165,90,0.5487804878048781
522,12741,7400,0,74,3,0,36750.0,1,0.2857142857142857,7,166,91,0.5515151515151515
523,12741,7399,0,74,1,0,36750.0,1,0.8571428571428571,7,167,91,0.5481927710843374
524,12741,7439,0,78,0,0,70600.0,1,0.4,5,168,91,0.5449101796407185
525,12741,7438,0,78,0,1,70600.0,1,0.6,5,169,91,0.5416666666666666
526,12741,7269,0,79,3,0,51000.0,1,0.4117647058823529,17,170,92,0.5443786982248521
527,12741,7265,0,79,3,0,51000.0,1,0.35294117647058826,17,171,92,0.5411764705882353
528,12741,7267,0,79,2,1,51000.0,1,0.4117647058823529,17,172,92,0.5380116959064327
529,12741,7268,0,79,0,1,51000.0,1,0.7647058823529411,17,173,93,0.5406976744186046
530,12741,7266,0,79,3,1,51000.0,1,0.5294117647058824,17,174,94,0.5433526011560693
531,12741,3545,0,80,2,1,74600.0,1,0.7777777777777778,9,175,95,0.5459770114942529
532,12741,3544,0,80,3,1,74600.0,1,0.7777777777777778,9,176,96,0.5485714285714286
533,12741,3543,0,80,1,1,74600.0,1,1.0,9,177,97,0.5511363636363636
534,12741,3139,0,81,2,0,24333.0,1,0.3333333333333333,6,178,98,0.5536723163841808
535,12741,3138,0,81,2,1,24333.0,1,0.8333333333333334,6,179,98,0.550561797752809
536,12741,3140,0,81,2,0,24333.0,1,0.0,6,180,99,0.553072625698324
537,12741,2702,0,82,2,0,32666.0,1,0.8461538461538461,13,181,99,0.55
538,12741,2703,0,82,0,1,32666.0,1,0.6153846153846154,13,182,99,0.5469613259668509
539,12741,2701,0,82,2,0,32666.0,1,0.6153846153846154,13,183,100,0.5494505494505495
540,12741,10734,0,83,3,1,35666.0,1,1.0,8,184,100,0.546448087431694
541,12741,10735,0,83,0,0,35666.0,1,0.375,8,185,101,0.5489130434782609
542,12741,10736,0,83,0,0,35666.0,1,0.75,8,186,101,0.5459459459459459
543,12741,2586,0,84,0,0,35000.0,1,0.2857142857142857,21,187,101,0.543010752688172
544,12741,2584,0,84,1,0,35000.0,1,0.5714285714285714,21,188,101,0.5401069518716578
545,12741,2585,0,84,0,1,35000.0,1,0.5238095238095238,21,189,101,0.5372340425531915
546,12741,7421,0,85,0,0,35000.0,1,0.46153846153846156,26,190,102,0.5396825396825397
547,12741,7423,0,85,2,0,35000.0,1,0.5,26,191,102,0.5368421052631579
548,12741,7422,0,85,2,0,35000.0,1,0.46153846153846156,26,192,102,0.5340314136125655
549,12741,7424,0,85,0,0,35000.0,1,0.4230769230769231,26,193,102,0.53125
550,12741,7425,0,85,0,1,35000.0,1,0.7692307692307693,26,194,102,0.5284974093264249
551,12741,7710,0,86,3,1,88000.0,1,0.9166666666666666,24,195,103,0.5309278350515464
552,12741,7709,0,86,0,1,88000.0,1,1.0,24,196,104,0.5333333333333333
553,12741,7712,0,86,2,1,88000.0,1,0.75,24,197,105,0.5357142857142857
554,12741,7711,0,86,1,1,88000.0,1,0.625,24,198,106,0.5380710659898477
555,12741,7713,0,86,2,1,88000.0,1,0.7916666666666666,24,199,107,0.5404040404040404
556,12741,7401,0,87,0,0,51800.0,1,0.3225806451612903,31,200,108,0.542713567839196
557,12741,7404,0,87,3,0,51800.0,1,0.45161290322580644,31,201,108,0.54
558,12741,7403,0,87,3,1,51800.0,1,0.5161290322580645,31,202,108,0.5373134328358209
559,12741,7402,0,87,1,0,51800.0,1,0.22580645161290322,31,203,109,0.5396039603960396
560,12741,7405,0,87,2,1,51800.0,1,0.7096774193548387,31,204,109,0.5369458128078818
562,12741,3483,0,89,3,1,75400.0,1,1.0,7,205,110,0.5392156862745098
563,12741,3485,0,89,0,0,75400.0,1,0.42857142857142855,7,206,111,0.5414634146341464
564,12741,3484,0,89,1,0,75400.0,1,0.14285714285714285,7,207,111,0.5388349514563107
565,12741,10716,0,90,0,1,30000.0,1,0.8125,16,208,111,0.5362318840579711
566,12741,10717,0,90,0,0,30000.0,1,0.625,16,209,112,0.5384615384615384
567,12741,10718,0,90,2,1,30000.0,1,0.625,16,210,112,0.5358851674641149
568,12741,3118,0,91,2,1,32000.0,1,0.6153846153846154,13,211,113,0.5380952380952381
569,12741,3117,0,91,2,0,32000.0,1,0.07692307692307693,13,212,114,0.5402843601895735
570,12741,3119,0,91,0,1,32000.0,1,0.5384615384615384,13,213,114,0.5377358490566038
571,12741,2909,0,92,3,1,25000.0,1,0.4444444444444444,18,214,115,0.539906103286385
572,12741,2908,0,92,2,1,25000.0,1,0.5,18,215,116,0.5420560747663551
573,12741,2907,0,92,1,1,25000.0,1,0.3333333333333333,18,216,117,0.5441860465116279
574,12741,3270,0,93,1,0,23666.0,1,0.08333333333333333,12,217,118,0.5462962962962963
575,12741,3272,0,93,1,1,23666.0,1,0.75,12,218,118,0.543778801843318
576,12741,3271,0,93,2,1,23666.0,1,1.0,12,219,119,0.5458715596330275
577,12741,10700,0,94,2,0,31666.0,1,0.36363636363636365,11,220,120,0.547945205479452
578,12741,10698,0,94,2,1,31666.0,1,1.0,11,221,120,0.5454545454545454
579,12741,10699,0,94,0,1,31666.0,1,0.9090909090909091,11,222,121,0.5475113122171946
580,12741,2628,0,95,2,0,23000.0,1,0.25,12,223,122,0.5495495495495496
581,12741,2626,0,95,1,1,23000.0,1,0.8333333333333334,12,224,122,0.547085201793722
582,12741,2627,0,95,0,1,23000.0,1,0.8333333333333334,12,225,123,0.5491071428571429
583,12741,10725,0,96,0,1,28666.0,1,0.75,8,226,124,0.5511111111111111
584,12741,10726,0,96,1,0,28666.0,1,0.125,8,227,125,0.5530973451327433
585,12741,10727,0,96,3,0,28666.0,1,0.125,8,228,125,0.5506607929515418
586,12741,3475,0,97,1,0,26666.0,1,0.5,18,229,125,0.5482456140350878
587,12741,3474,0,97,2,1,26666.0,1,0.6111111111111112,18,230,125,0.5458515283842795
588,12741,3476,0,97,3,1,26666.0,1,0.8888888888888888,18,231,126,0.5478260869565217
589,12741,10125,0,98,0,1,31000.0,1,0.9230769230769231,13,232,127,0.5497835497835498
590,12741,10124,0,98,3,0,31000.0,1,0.6153846153846154,13,233,128,0.5517241379310345
591,12741,10126,0,98,1,0,31000.0,1,0.3076923076923077,13,234,128,0.5493562231759657
592,12741,11046,0,99,2,1,25333.0,1,0.8333333333333334,6,235,128,0.5470085470085471
593,12741,11045,0,99,1,1,25333.0,1,1.0,6,236,129,0.548936170212766
594,12741,11044,0,99,0,0,25333.0,1,0.8333333333333334,6,237,130,0.5508474576271186
595,12741,11043,0,99,3,1,25333.0,1,0.8333333333333334,6,238,130,0.5485232067510548
596,12741,6914,0,100,2,1,39000.0,1,0.7241379310344828,29,239,131,0.5504201680672269
597,12741,6915,0,100,1,1,39000.0,1,0.7241379310344828,29,240,132,0.5523012552301255
598,12741,6913,0,100,3,1,39000.0,1,0.5517241379310345,29,241,133,0.5541666666666667
599,12741,6912,0,100,0,1,39000.0,1,0.6206896551724138,29,242,134,0.5560165975103735
600,12741,11171,0,101,2,0,50500.0,1,0.6,10,243,135,0.5578512396694215
601,12741,11172,0,101,0,1,50500.0,1,0.7,10,244,135,0.5555555555555556
602,12741,11174,0,101,2,1,50500.0,1,0.6,10,245,136,0.5573770491803278
603,12741,11173,0,101,0,0,50500.0,1,0.3,10,246,137,0.5591836734693878
604,12741,10092,0,102,1,1,33250.0,1,1.0,11,247,137,0.556910569105691
605,12741,10090,0,102,1,0,33250.0,1,0.36363636363636365,11,248,138,0.5587044534412956
606,12741,10091,0,102,0,1,33250.0,1,0.9090909090909091,11,249,138,0.5564516129032258
607,12741,10093,0,102,2,1,33250.0,1,0.8181818181818182,11,250,139,0.5582329317269076
608,12741,7744,0,103,0,0,32750.0,1,0.5238095238095238,21,251,140,0.56
609,12741,7745,0,103,2,1,32750.0,1,0.9047619047619048,21,252,140,0.5577689243027888
610,12741,7748,0,103,1,1,32750.0,1,0.5714285714285714,21,253,141,0.5595238095238095
611,12741,7747,0,103,2,1,32750.0,1,0.8571428571428571,21,254,142,0.5612648221343873
612,12741,7746,0,103,0,1,32750.0,1,0.7142857142857143,21,255,143,0.562992125984252
613,12741,7326,0,104,3,1,103400.0,1,0.5,4,256,144,0.5647058823529412
614,12741,7327,0,104,2,1,103400.0,1,1.0,4,257,145,0.56640625
615,12741,7330,0,104,2,1,103400.0,1,1.0,4,258,146,0.5680933852140078
616,12741,7328,0,104,1,1,103400.0,1,1.0,4,259,147,0.5697674418604651
617,12741,7329,0,104,1,0,103400.0,1,0.75,4,260,148,0.5714285714285714
618,12741,11872,0,105,2,0,56600.0,1,0.2,5,261,148,0.5692307692307692
619,12741,11868,0,105,0,1,56600.0,1,1.0,5,262,148,0.5670498084291188
620,12741,11871,0,105,0,1,56600.0,1,1.0,5,263,149,0.5687022900763359
621,12741,11870,0,105,3,1,56600.0,1,0.8,5,264,150,0.5703422053231939
622,12741,11869,0,105,2,1,56600.0,1,0.8,5,265,151,0.571969696969697
624,13134,3926,0,0,3,1,21000.0,0,0.8518518518518519,27,1,0,0.5
625,13134,564,0,1,1,0,22000.0,0,0.59375,32,2,1,1.0
626,13134,3865,0,2,1,0,18000.0,0,0.15384615384615385,26,3,1,0.5
627,13134,4231,0,3,1,1,19000.0,0,0.4473684210526316,38,4,1,0.3333333333333333
628,13134,3684,0,4,1,1,13000.0,0,0.35294117647058826,17,5,2,0.5
629,13134,3988,0,5,1,0,43000.0,0,0.5245901639344263,61,6,3,0.6
630,13134,3968,0,6,3,0,65000.0,0,0.46511627906976744,43,7,3,0.5
631,13134,5219,0,7,0,1,31000.0,0,1.0,7,8,3,0.42857142857142855
632,13134,4447,0,8,1,1,5000.0,1,0.6862745098039216,51,9,4,0.5
633,13134,6114,0,9,3,0,17000.0,1,0.5584415584415584,77,10,5,0.5555555555555556
634,13134,8990,0,10,2,1,22000.0,1,0.7142857142857143,7,11,5,0.5
635,13134,4074,0,11,3,1,38000.0,1,0.5873015873015873,63,12,6,0.5454545454545454
636,13134,5371,0,12,1,1,24000.0,1,0.7037037037037037,27,13,7,0.5833333333333334
637,13134,6125,0,13,2,0,11000.0,1,0.5,42,14,8,0.6153846153846154
638,13134,9949,0,14,0,1,20000.0,1,0.5714285714285714,7,15,8,0.5714285714285714
639,13134,6119,0,15,2,1,29000.0,1,0.5154639175257731,97,16,9,0.6
640,13134,6473,0,16,0,0,26000.0,1,0.75,12,17,10,0.625
641,13134,1191,0,17,3,1,48000.0,1,0.7931034482758621,29,18,10,0.5882352941176471
642,13134,381,0,18,0,0,20000.0,1,0.7916666666666666,24,19,11,0.6111111111111112
643,13134,199,0,19,3,1,18000.0,1,0.44554455445544555,101,20,11,0.5789473684210527
644,13134,10687,0,20,0,0,19000.0,1,0.85,200,21,12,0.6
645,13134,748,0,21,1,1,18000.0,1,0.7333333333333333,45,22,12,0.5714285714285714
646,13134,1027,0,22,0,1,17000.0,1,0.8888888888888888,18,23,13,0.5909090909090909
647,13134,541,0,23,3,1,18000.0,1,0.8235294117647058,34,24,14,0.6086956521739131
648,13134,294,0,24,3,1,18000.0,1,0.8805970149253731,201,25,15,0.625
649,13134,692,0,25,1,1,16000.0,1,0.8,20,26,16,0.64
650,13134,1136,0,26,3,0,19000.0,1,0.68,25,27,17,0.6538461538461539
651,13134,4427,0,27,3,0,20000.0,1,0.6086956521739131,46,28,17,0.6296296296296297
652,13134,9518,0,28,0,0,13000.0,1,0.8888888888888888,9,29,17,0.6071428571428571
653,13134,5324,0,29,3,1,9000.0,1,0.875,24,30,17,0.5862068965517241
654,13134,4109,0,30,2,0,14000.0,1,0.7272727272727273,22,31,18,0.6
655,13134,6430,0,31,3,0,23000.0,1,0.5492957746478874,71,32,18,0.5806451612903226
656,13134,2158,0,33,0,1,29000.0,1,0.8571428571428571,7,33,18,0.5625
657,13134,2157,0,33,0,1,29000.0,1,0.5714285714285714,7,34,19,0.5757575757575758
658,13134,2156,0,33,2,1,29000.0,1,0.8571428571428571,7,35,20,0.5882352941176471
659,13134,1595,0,34,1,1,29333.0,1,0.631578947368421,19,36,21,0.6
660,13134,1596,0,34,2,1,29333.0,1,0.7368421052631579,19,37,22,0.6111111111111112
661,13134,1597,0,34,1,0,29333.0,1,0.2631578947368421,19,38,23,0.6216216216216216
662,13134,2277,0,35,3,1,30333.0,1,0.9523809523809523,21,39,23,0.6052631578947368
663,13134,2276,0,35,2,1,30333.0,1,0.8095238095238095,21,40,24,0.6153846153846154
664,13134,2275,0,35,0,0,30333.0,1,0.6190476190476191,21,41,25,0.625
665,13134,1750,0,36,0,1,26000.0,1,0.8666666666666667,30,42,25,0.6097560975609756
666,13134,1748,0,36,0,1,26000.0,1,0.9,30,43,26,0.6190476190476191
667,13134,1749,0,36,2,1,26000.0,1,0.5,30,44,27,0.627906976744186
668,13134,3771,0,37,0,1,28000.0,1,0.9,10,45,28,0.6363636363636364
669,13134,8736,0,32,0,0,9000.0,1,0.6666666666666666,3,46,29,0.6444444444444445
670,13134,6156,0,38,3,1,20000.0,1,0.8333333333333334,6,47,29,0.6304347826086957
671,13134,1030,0,39,1,1,2000.0,1,0.9473684210526315,19,48,30,0.6382978723404256
672,13134,11875,0,40,0,0,20000.0,1,0.8,5,49,31,0.6458333333333334
673,13134,902,0,41,0,1,18000.0,1,1.0,17,50,31,0.6326530612244898
674,13134,317,0,42,0,1,18000.0,1,0.9090909090909091,11,51,32,0.64
675,13134,1224,0,43,3,1,14000.0,1,0.7435897435897436,39,52,33,0.6470588235294118
676,13134,12085,0,44,3,1,17000.0,1,1.0,5,53,34,0.6538461538461539
677,13134,805,0,45,3,0,25000.0,1,0.7777777777777778,18,54,35,0.660377358490566
678,13134,321,0,46,0,1,29000.0,1,0.7857142857142857,14,55,35,0.6481481481481481
679,13134,546,0,47,1,1,18000.0,1,0.88,25,56,36,0.6545454545454545
680,13134,11974,0,48,1,1,13000.0,1,1.0,3,57,37,0.6607142857142857
681,13134,9499,0,49,0,1,20000.0,1,1.0,10,58,38,0.6666666666666666
682,13134,11453,0,50,3,1,16000.0,1,0.75,4,59,39,0.6724137931034483
683,13134,8607,0,51,0,0,12000.0,1,0.7272727272727273,11,60,40,0.6779661016949152
684,13134,8679,0,52,3,1,22000.0,1,0.9230769230769231,13,61,40,0.6666666666666666
685,13134,868,0,54,0,1,12000.0,1,0.5945945945945946,37,62,41,0.6721311475409836
686,13134,868,0,53,3,0,7000.0,1,0.5945945945945946,37,63,42,0.6774193548387096
687,13134,1136,0,55,0,1,23000.0,1,0.68,25,64,42,0.6666666666666666
688,13134,758,0,56,0,0,18000.0,1,0.8108108108108109,37,65,43,0.671875
689,13134,477,0,57,3,0,25000.0,1,0.7096774193548387,31,66,43,0.6615384615384615
691,13134,477,0,59,0,1,16000.0,1,0.7096774193548387,31,67,43,0.6515151515151515
692,13134,758,0,60,3,1,19000.0,1,0.8108108108108109,37,68,44,0.6567164179104478
693,13134,12063,0,61,0,1,17000.0,1,1.0,3,69,45,0.6617647058823529
694,13134,923,0,62,0,1,17000.0,1,0.8,30,70,46,0.6666666666666666
695,13134,926,0,63,3,1,21000.0,1,0.65625,32,71,47,0.6714285714285714
696,13134,322,0,64,1,1,17000.0,1,0.5416666666666666,24,72,48,0.676056338028169
697,13134,11970,0,65,0,1,25000.0,1,1.0,2,73,49,0.6805555555555556
698,13134,1047,0,66,1,0,25000.0,1,0.4878048780487805,41,74,50,0.684931506849315
699,13134,802,0,67,3,1,17000.0,1,0.6938775510204082,49,75,50,0.6756756756756757
700,13134,1359,0,68,1,0,20000.0,1,0.6304347826086957,46,76,51,0.68
701,13134,12035,0,69,1,1,19000.0,1,1.0,5,77,51,0.6710526315789473
702,13134,279,0,70,0,1,17000.0,1,0.5444444444444444,90,78,52,0.6753246753246753
703,13134,920,0,71,1,0,17000.0,1,0.5394736842105263,76,79,53,0.6794871794871795
704,13134,553,0,72,3,1,17000.0,1,0.6417910447761194,67,80,53,0.6708860759493671
705,13134,12073,0,73,0,1,21000.0,1,0.75,4,81,54,0.675
706,13134,1334,0,74,0,1,23000.0,1,0.4878048780487805,41,82,55,0.6790123456790124
707,13134,880,0,75,0,1,19000.0,1,0.95,20,83,56,0.6829268292682927
708,13134,1256,0,76,3,1,18000.0,1,0.7045454545454546,44,84,57,0.6867469879518072
709,13134,11963,0,77,3,1,20000.0,1,1.0,4,85,58,0.6904761904761905
710,13134,446,0,78,1,1,21000.0,1,0.5473684210526316,95,86,59,0.6941176470588235
711,13134,447,0,79,0,1,19000.0,1,0.7254901960784313,51,87,60,0.6976744186046512
712,13134,1315,0,80,1,0,20000.0,1,0.3958333333333333,144,88,61,0.7011494252873564
713,13134,11949,0,81,0,1,30000.0,1,1.0,1,89,61,0.6931818181818182
714,13134,795,0,82,3,0,18000.0,1,0.56,50,90,62,0.6966292134831461
715,13134,795,0,83,0,0,18000.0,1,0.56,50,91,62,0.6888888888888889
716,13134,1315,0,84,3,1,5000.0,1,0.3958333333333333,144,92,62,0.6813186813186813
717,13134,738,0,85,3,0,10000.0,1,0.36,100,93,63,0.6847826086956522
718,13134,904,0,86,3,1,16000.0,1,0.5,42,94,63,0.6774193548387096
719,13134,12041,0,87,1,1,24000.0,1,0.5,4,95,64,0.6808510638297872
720,13134,762,0,88,3,1,19000.0,1,0.6764705882352942,102,96,65,0.6842105263157895
721,13134,834,0,89,0,0,23000.0,1,0.422680412371134,97,97,66,0.6875
722,13134,4374,0,90,3,1,20000.0,1,1.0,6,98,66,0.6804123711340206
723,13134,4458,0,91,1,1,26000.0,1,0.896551724137931,29,99,67,0.6836734693877551
724,13134,9058,0,92,2,1,35000.0,1,0.8333333333333334,12,100,68,0.6868686868686869
725,13134,4258,0,93,1,0,12000.0,1,0.4588235294117647,85,101,69,0.69
726,13134,8007,0,94,3,1,29000.0,1,0.9166666666666666,12,102,69,0.6831683168316832
727,13134,6280,0,95,0,0,18000.0,1,0.6764705882352942,34,103,70,0.6862745098039216
728,13134,11395,0,96,3,1,26000.0,1,0.5,2,104,70,0.6796116504854369
729,13134,4472,0,97,3,1,19000.0,1,0.7837837837837838,37,105,71,0.6826923076923077
730,13134,6224,0,98,0,1,10000.0,1,0.7777777777777778,36,106,72,0.6857142857142857
731,13134,8507,0,99,1,1,22000.0,1,1.0,9,107,73,0.6886792452830188
732,13134,1111,0,100,1,0,21000.0,1,0.5238095238095238,42,108,74,0.6915887850467289
733,13134,12034,0,101,0,0,25000.0,1,0.6,5,109,74,0.6851851851851852
734,13134,853,0,102,1,0,18000.0,1,0.4,100,110,74,0.6788990825688074
735,13134,588,0,103,1,1,10000.0,1,0.5384615384615384,39,111,74,0.6727272727272727
736,13134,1218,0,104,3,1,21000.0,1,0.8666666666666667,15,112,75,0.6756756756756757
737,13134,12198,0,105,0,1,16000.0,1,1.0,2,113,76,0.6785714285714286
738,13134,756,0,106,3,1,16000.0,1,0.5652173913043478,46,114,77,0.6814159292035398
739,13134,1118,0,107,3,1,15000.0,1,0.6842105263157895,38,115,78,0.6842105263157895
740,13134,427,0,108,0,1,19000.0,1,0.6896551724137931,29,116,79,0.6869565217391305
741,13134,11905,0,109,0,1,24000.0,1,1.0,2,117,80,0.6896551724137931
742,13134,383,0,110,3,1,20000.0,1,0.6666666666666666,33,118,81,0.6923076923076923
743,13134,365,0,111,1,1,16000.0,1,0.5588235294117647,34,119,82,0.6949152542372882
744,13134,258,0,112,1,1,30000.0,1,0.5492957746478874,71,120,83,0.6974789915966386
745,13134,12234,0,113,1,0,22000.0,1,0.5,4,121,84,0.7
746,13134,434,0,114,0,1,20000.0,1,0.6428571428571429,42,122,84,0.6942148760330579
747,13134,1056,0,115,0,1,18000.0,1,0.75,24,123,85,0.6967213114754098
748,13134,582,0,116,1,1,16000.0,1,0.6808510638297872,47,124,86,0.6991869918699187
749,13134,12129,0,117,1,1,17000.0,1,1.0,3,125,87,0.7016129032258065
750,13134,1227,0,118,1,1,16000.0,1,0.631578947368421,19,126,88,0.704
751,13134,1309,0,119,1,1,20000.0,1,0.38095238095238093,42,127,89,0.7063492063492064
752,13134,1335,0,121,3,0,17000.0,1,0.8181818181818182,33,128,90,0.7086614173228346
753,13134,12008,0,122,1,1,17000.0,1,0.75,4,129,90,0.703125
754,13134,589,0,123,0,0,28000.0,1,0.6323529411764706,68,130,91,0.7054263565891473
755,13134,278,0,124,3,0,21000.0,1,0.7391304347826086,23,131,91,0.7
756,13134,684,0,125,3,1,10000.0,1,0.9473684210526315,19,132,91,0.6946564885496184
757,13134,12201,0,126,0,1,21000.0,1,0.5,2,133,92,0.696969696969697
758,13134,1080,0,127,1,1,22000.0,1,0.875,32,134,93,0.6992481203007519
759,13134,1122,0,128,0,1,17000.0,1,0.8181818181818182,11,135,94,0.7014925373134329
760,13134,734,0,129,0,1,20000.0,1,0.6857142857142857,35,136,95,0.7037037037037037
761,13134,12045,0,130,1,1,14000.0,1,0.5,2,137,96,0.7058823529411765
762,13134,11366,0,131,0,0,13000.0,1,0.75,4,138,97,0.708029197080292
763,13134,5698,0,132,3,0,8000.0,1,0.5692307692307692,65,139,97,0.7028985507246377
764,13134,3632,0,133,2,1,14000.0,1,0.7818181818181819,55,140,97,0.697841726618705
765,13134,8650,0,134,3,1,16000.0,1,0.8333333333333334,12,141,98,0.7
766,13134,4408,0,135,1,1,15000.0,1,0.8076923076923077,26,142,99,0.7021276595744681
767,13134,4131,0,136,1,0,17000.0,1,0.7692307692307693,13,143,100,0.704225352112676
768,13134,6290,0,137,0,1,11000.0,1,0.7142857142857143,14,144,100,0.6993006993006993
769,13134,11503,0,138,3,0,17000.0,1,0.6666666666666666,3,145,101,0.7013888888888888
770,13134,4683,0,139,1,1,19000.0,1,0.6428571428571429,14,146,101,0.696551724137931
771,13134,5719,0,140,2,1,5000.0,1,0.7857142857142857,14,147,102,0.6986301369863014
772,13134,5905,0,141,0,1,9000.0,1,0.6666666666666666,3,148,103,0.7006802721088435
773,13134,10002,0,142,1,1,16000.0,1,0.47619047619047616,21,149,104,0.7027027027027027
774,13134,8165,0,143,1,1,22000.0,1,0.75,4,150,105,0.7046979865771812
775,13134,4521,0,144,0,1,15000.0,1,1.0,4,151,106,0.7066666666666667
776,13134,8786,0,145,3,1,4000.0,1,0.875,8,152,107,0.7086092715231788
777,13134,9047,0,146,3,1,13000.0,1,0.46153846153846156,13,153,108,0.7105263157894737
778,13134,6004,0,147,0,1,18000.0,1,0.725,40,154,109,0.7124183006535948
779,13134,5255,0,148,0,1,12000.0,1,0.8181818181818182,33,155,110,0.7142857142857143
780,13134,9087,0,149,3,1,14000.0,1,0.6666666666666666,18,156,111,0.7161290322580646
781,13134,4259,0,150,1,1,15000.0,1,0.8,45,157,112,0.717948717948718
783,13134,853,0,151,0,1,19000.0,1,0.4,100,158,113,0.7197452229299363
784,13134,738,0,152,0,0,18000.0,1,0.36,100,159,114,0.7215189873417721
785,13134,834,0,153,0,0,17000.0,1,0.422680412371134,97,160,114,0.7169811320754716
786,13134,1047,0,154,3,0,17000.0,1,0.4878048780487805,41,161,114,0.7125
787,13134,381,0,155,1,1,15000.0,1,0.7916666666666666,24,162,114,0.7080745341614907
789,13134,805,0,157,1,1,19000.0,1,0.7777777777777778,18,163,115,0.7098765432098766
790,13134,1315,0,158,3,1,19000.0,1,0.3958333333333333,144,164,116,0.7116564417177914
792,13134,4109,0,160,3,1,17000.0,1,0.7272727272727273,22,165,117,0.7134146341463414
793,13134,4131,0,161,3,1,8000.0,1,0.7692307692307693,13,166,118,0.7151515151515152
794,13134,10578,0,162,0,1,4000.0,1,0.9090909090909091,11,167,119,0.7168674698795181
795,13134,7962,0,163,3,1,16000.0,1,1.0,8,168,120,0.718562874251497
796,13134,10633,0,164,1,1,22000.0,1,0.8666666666666667,15,169,121,0.7202380952380952
797,13134,10444,0,165,0,1,23000.0,1,1.0,9,170,122,0.7218934911242604
798,13134,10579,0,166,2,1,21000.0,1,0.8181818181818182,11,171,123,0.7235294117647059
799,13134,7892,0,167,2,1,24000.0,1,0.7608695652173914,46,172,124,0.7251461988304093
800,13134,191,0,168,2,1,25000.0,1,0.7948717948717948,39,173,125,0.7267441860465116
801,13134,10496,0,169,3,0,27000.0,1,0.6923076923076923,13,174,126,0.7283236994219653
802,13134,10634,0,170,2,1,27000.0,1,1.0,9,175,126,0.7241379310344828
804,13134,10571,0,171,3,0,24000.0,1,0.6875,16,176,127,0.7257142857142858
805,13134,10571,0,173,3,0,19000.0,1,0.6875,16,177,127,0.7215909090909091
806,13134,379,0,174,0,1,4000.0,1,0.627906976744186,43,178,127,0.7175141242937854
807,13134,335,0,175,0,1,18000.0,1,0.6944444444444444,72,179,128,0.7191011235955056
808,13134,525,0,176,3,0,17000.0,1,0.5555555555555556,54,180,129,0.7206703910614525
809,13134,12128,0,177,3,1,22000.0,1,1.0,3,181,129,0.7166666666666667
810,13134,413,0,178,1,1,21000.0,1,0.6666666666666666,18,182,130,0.7182320441988951
811,13134,910,0,179,1,1,18000.0,1,0.6956521739130435,23,183,131,0.7197802197802198
812,13134,948,0,180,1,1,12000.0,1,0.7619047619047619,42,184,132,0.7213114754098361
813,13134,12249,0,181,0,0,19000.0,1,0.3333333333333333,3,185,133,0.7228260869565217
814,13134,1192,0,182,0,1,21000.0,1,0.6951219512195121,82,186,133,0.7189189189189189
815,13134,1188,0,183,3,1,14000.0,1,0.8421052631578947,19,187,134,0.7204301075268817
816,13134,822,0,184,0,1,16000.0,1,0.8695652173913043,23,188,135,0.7219251336898396
817,13134,12080,0,185,3,1,20000.0,1,0.8,5,189,136,0.723404255319149
818,13134,1036,0,186,1,0,21000.0,1,0.34545454545454546,55,190,137,0.7248677248677249
819,13134,661,0,187,3,1,19000.0,1,0.8695652173913043,23,191,137,0.7210526315789474
820,13134,791,0,188,0,0,17000.0,1,0.625,32,192,138,0.7225130890052356
821,13134,2039,0,190,3,1,26000.0,1,0.8571428571428571,14,193,138,0.71875
822,13134,2040,0,190,3,0,26000.0,1,0.7857142857142857,14,194,139,0.7202072538860104
823,13134,2041,0,190,0,1,26000.0,1,0.6428571428571429,14,195,139,0.7164948453608248
824,13134,2069,0,191,3,0,26333.0,1,0.5,10,196,140,0.717948717948718
825,13134,2071,0,191,1,1,26333.0,1,1.0,10,197,140,0.7142857142857143
826,13134,2070,0,191,0,1,26333.0,1,0.9,10,198,141,0.7157360406091371
827,13134,1557,0,192,1,1,28333.0,1,0.6923076923076923,13,199,142,0.7171717171717171
828,13134,1556,0,192,3,0,28333.0,1,0.6153846153846154,13,200,143,0.7185929648241206
829,13134,1558,0,192,3,1,28333.0,1,0.6923076923076923,13,201,143,0.715
830,13134,12260,0,189,0,1,27333.0,1,1.0,6,202,144,0.7164179104477612
831,13134,638,0,194,0,1,20000.0,1,0.7746478873239436,71,203,145,0.7178217821782178
832,13134,414,0,195,3,1,20000.0,1,0.575,40,204,146,0.7192118226600985
833,13134,10686,0,196,0,1,14000.0,1,0.5707070707070707,198,205,147,0.7205882352941176
834,13134,12185,0,197,3,1,20000.0,1,1.0,1,206,148,0.7219512195121951
835,13134,1186,0,198,1,1,17000.0,1,0.65,40,207,149,0.7233009708737864
836,13134,1260,0,199,3,0,19000.0,1,0.5166666666666667,60,208,150,0.7246376811594203
837,13134,1313,0,200,0,1,21000.0,1,0.5154639175257731,97,209,150,0.7211538461538461
838,13134,11990,0,201,3,0,19000.0,1,0.6666666666666666,3,210,151,0.722488038277512
839,13134,960,0,202,1,1,19000.0,1,0.7857142857142857,42,211,151,0.719047619047619
840,13134,12293,0,193,0,0,17000.0,1,0.5,2,212,152,0.7203791469194313
841,13134,12292,0,193,3,1,17000.0,1,0.5,2,213,152,0.7169811320754716
842,13134,12291,0,193,0,1,17000.0,1,1.0,2,214,153,0.7183098591549296
843,13134,874,0,203,1,1,21333.0,1,0.6470588235294118,17,215,154,0.719626168224299
844,13134,915,0,204,3,1,22000.0,1,0.5128205128205128,39,216,155,0.7209302325581395
845,13134,12123,0,205,0,1,22000.0,1,1.0,5,217,156,0.7222222222222222
846,13134,1085,0,206,0,1,15000.0,1,0.675,40,218,157,0.7235023041474654
847,13134,691,0,207,3,1,16000.0,1,0.6904761904761905,42,219,158,0.7247706422018348
848,13134,1202,0,208,1,1,20000.0,1,0.717948717948718,39,220,159,0.726027397260274
849,13134,11991,0,209,3,1,18000.0,1,0.6666666666666666,3,221,160,0.7272727272727273
850,13134,208,0,210,0,1,18000.0,1,0.5714285714285714,35,222,161,0.7285067873303167
851,13134,1322,0,211,1,1,18000.0,1,0.8055555555555556,36,223,162,0.7297297297297297
852,13134,291,0,212,3,1,16000.0,1,0.6818181818181818,66,224,163,0.7309417040358744
853,13134,12001,0,213,3,1,16000.0,1,1.0,1,225,164,0.7321428571428571
854,13134,538,0,214,1,1,18000.0,1,0.7076923076923077,65,226,165,0.7333333333333333
855,13134,2424,0,215,0,1,30000.0,1,0.8666666666666667,15,227,166,0.7345132743362832
856,13134,2423,0,215,2,1,30000.0,1,0.8666666666666667,15,228,167,0.73568281938326
857,13134,2422,0,215,0,1,30000.0,1,0.8,15,229,168,0.7368421052631579
858,13134,645,0,216,1,1,23666.0,1,0.6052631578947368,38,230,169,0.7379912663755459
859,13134,1087,0,217,3,0,21000.0,1,0.7,40,231,170,0.7391304347826086
860,13134,12075,0,218,3,1,18000.0,1,0.8,5,232,170,0.7359307359307359
861,13134,1194,0,219,1,0,19000.0,1,0.6037735849056604,53,233,171,0.7370689655172413
862,13134,997,0,220,1,0,22000.0,1,0.6176470588235294,34,234,171,0.7339055793991416
863,13134,1939,0,221,2,1,21000.0,1,1.0,12,235,171,0.7307692307692307
864,13134,1938,0,221,1,1,21000.0,1,0.5833333333333334,12,236,172,0.7319148936170212
865,13134,1937,0,221,3,1,21000.0,1,0.9166666666666666,12,237,173,0.7330508474576272
866,13134,2191,0,222,0,1,22000.0,1,0.8095238095238095,21,238,174,0.7341772151898734
867,13134,2193,0,222,1,1,22000.0,1,0.7142857142857143,21,239,175,0.7352941176470589
868,13134,2192,0,222,3,1,22000.0,1,0.38095238095238093,21,240,176,0.7364016736401674
869,13134,2611,0,223,0,1,24000.0,1,0.9333333333333333,15,241,177,0.7375
870,13134,2612,0,223,0,1,24000.0,1,0.6,15,242,178,0.7385892116182573
871,13134,2613,0,223,2,1,24000.0,1,0.8,15,243,179,0.7396694214876033
872,13134,969,0,224,0,1,25333.0,1,0.6,55,244,180,0.7407407407407407
873,13134,12173,0,225,1,1,18000.0,1,0.6,5,245,181,0.7418032786885246
874,13134,887,0,226,1,0,11000.0,1,0.5555555555555556,27,246,182,0.7428571428571429
875,13134,1114,0,227,3,1,18000.0,1,0.47058823529411764,51,247,182,0.7398373983739838
876,13134,751,0,228,0,0,18000.0,1,0.6206896551724138,29,248,183,0.7408906882591093
877,13134,2588,0,229,0,0,17000.0,1,0.38095238095238093,21,249,183,0.7379032258064516
878,13134,2589,0,229,1,1,17000.0,1,0.7142857142857143,21,250,183,0.7349397590361446
879,13134,2587,0,229,0,0,17000.0,1,0.23809523809523808,21,251,184,0.736
880,13134,3049,0,230,3,0,30333.0,1,0.7272727272727273,11,252,184,0.7330677290836654
881,13134,3050,0,230,1,0,30333.0,1,0.18181818181818182,11,253,184,0.7301587301587301
882,13134,3048,0,230,3,1,30333.0,1,0.6363636363636364,11,254,184,0.7272727272727273
883,13134,12576,0,231,0,1,34666.0,1,1.0,1,255,185,0.7283464566929134
884,13134,12578,0,231,3,1,34666.0,1,1.0,1,256,186,0.7294117647058823
885,13134,12577,0,231,0,1,34666.0,1,1.0,1,257,187,0.73046875
886,13134,2784,0,232,0,1,25000.0,1,0.09090909090909091,11,258,188,0.7315175097276264
887,13134,2783,0,232,0,0,25000.0,1,0.36363636363636365,11,259,189,0.7325581395348837
888,13134,2782,0,232,3,1,25000.0,1,0.7272727272727273,11,260,189,0.7297297297297297
889,13134,2974,0,233,1,1,31333.0,1,0.9166666666666666,12,261,190,0.7307692307692307
890,13134,2973,0,233,3,1,31333.0,1,0.9166666666666666,12,262,191,0.7318007662835249
891,13134,2975,0,233,0,0,31333.0,1,0.4166666666666667,12,263,192,0.732824427480916
892,13134,10447,0,234,0,0,25666.0,1,0.34782608695652173,23,264,192,0.7300380228136882
893,13134,10415,0,235,0,0,23000.0,1,0.7272727272727273,11,265,192,0.7272727272727273
894,13134,2,0,236,3,0,24000.0,1,0.6538461538461539,78,266,192,0.7245283018867924
895,13134,10419,0,237,3,0,26000.0,1,0.8461538461538461,13,267,192,0.7218045112781954
896,13134,10421,0,238,1,1,22000.0,1,0.4117647058823529,17,268,192,0.7191011235955056
897,13134,10457,0,239,2,0,28000.0,1,0.3125,16,269,193,0.7201492537313433
898,13134,7965,0,240,0,1,22000.0,1,0.631578947368421,38,270,193,0.7174721189591078
899,13134,10616,0,241,0,0,21000.0,1,0.25,16,271,194,0.7185185185185186
900,13134,5026,0,243,0,1,13000.0,1,0.6923076923076923,26,272,194,0.7158671586715867
901,13134,4048,0,244,3,1,18000.0,1,0.7777777777777778,9,273,195,0.7169117647058824
902,13134,6653,0,245,3,1,10000.0,1,0.9166666666666666,12,274,196,0.717948717948718
903,13134,9455,0,246,1,0,14000.0,1,0.8571428571428571,7,275,197,0.718978102189781
904,13134,11165,0,242,3,1,26000.0,1,1.0,6,276,197,0.7163636363636363
905,13134,11164,0,242,1,1,26000.0,1,1.0,6,277,198,0.717391304347826
906,13134,11163,0,242,2,1,26000.0,1,0.8333333333333334,6,278,199,0.7184115523465704
907,13134,11166,0,242,1,0,26000.0,1,0.6666666666666666,6,279,200,0.7194244604316546
908,13134,12328,0,247,0,1,24750.0,1,1.0,1,280,200,0.7168458781362007
909,13134,12327,0,247,2,1,24750.0,1,1.0,1,281,201,0.7178571428571429
910,13134,12329,0,247,2,0,24750.0,1,0.0,1,282,202,0.7188612099644128
911,13134,3182,0,248,3,1,27333.0,1,0.782608695652174,46,283,202,0.7163120567375887
912,13134,3180,0,248,0,0,27333.0,1,0.32608695652173914,46,284,203,0.7173144876325088
913,13134,3181,0,248,3,0,27333.0,1,0.5217391304347826,46,285,203,0.7147887323943662
914,13134,12551,0,249,2,1,32000.0,1,1.0,1,286,203,0.712280701754386
915,13134,12550,0,249,2,0,32000.0,1,0.0,1,287,204,0.7132867132867133
916,13134,12549,0,249,0,0,32000.0,1,0.0,1,288,204,0.710801393728223
917,13134,3424,0,250,1,0,30333.0,1,0.6666666666666666,15,289,204,0.7083333333333334
918,13134,3425,0,250,2,1,30333.0,1,1.0,15,290,204,0.7058823529411765
919,13134,3423,0,250,0,1,30333.0,1,0.8,15,291,205,0.7068965517241379
920,13134,3285,0,251,0,1,24333.0,1,0.8571428571428571,7,292,206,0.7079037800687286
921,13134,3287,0,251,1,0,24333.0,1,0.8571428571428571,7,293,207,0.708904109589041
922,13134,3286,0,251,2,1,24333.0,1,0.7142857142857143,7,294,207,0.7064846416382252
923,13134,2580,0,252,1,1,30666.0,1,0.8181818181818182,11,295,208,0.7074829931972789
924,13134,2579,0,252,2,1,30666.0,1,0.6363636363636364,11,296,209,0.7084745762711865
925,13134,2578,0,252,3,1,30666.0,1,0.8181818181818182,11,297,210,0.7094594594594594
926,13134,1614,0,253,0,0,24666.0,1,0.6538461538461539,26,298,211,0.7104377104377104
927,13134,1615,0,253,2,0,24666.0,1,0.38461538461538464,26,299,211,0.7080536912751678
928,13134,1613,0,253,2,0,24666.0,1,0.7692307692307693,26,300,211,0.705685618729097
929,13134,2498,0,254,3,1,32000.0,1,0.7142857142857143,21,301,211,0.7033333333333334
930,13134,2497,0,254,3,1,32000.0,1,0.42857142857142855,21,302,212,0.7043189368770764
931,13134,2499,0,254,1,0,32000.0,1,0.42857142857142855,21,303,213,0.7052980132450332
932,13134,1757,0,255,2,1,33000.0,1,0.84,25,304,213,0.7029702970297029
933,13134,1758,0,255,2,0,33000.0,1,0.48,25,305,214,0.7039473684210527
934,13134,1759,0,255,0,1,33000.0,1,0.76,25,306,214,0.7016393442622951
935,13134,12306,0,256,3,1,34000.0,1,1.0,1,307,215,0.7026143790849673
936,13134,12307,0,256,0,0,34000.0,1,0.0,1,308,216,0.7035830618892508
937,13134,12308,0,256,3,1,34000.0,1,1.0,1,309,216,0.7012987012987013
938,13134,1781,0,257,2,1,28000.0,1,0.8333333333333334,6,310,217,0.7022653721682848
939,13134,1782,0,257,2,1,28000.0,1,1.0,6,311,218,0.7032258064516129
940,13134,1783,0,257,1,0,28000.0,1,0.3333333333333333,6,312,219,0.7041800643086816
941,13134,2062,0,258,0,1,30000.0,1,0.7272727272727273,11,313,219,0.7019230769230769
942,13134,2060,0,258,3,1,30000.0,1,0.6363636363636364,11,314,220,0.7028753993610224
943,13134,2061,0,258,3,1,30000.0,1,0.9090909090909091,11,315,221,0.7038216560509554
944,13134,2027,0,259,2,1,23333.0,1,0.7142857142857143,14,316,222,0.7047619047619048
945,13134,2028,0,259,2,0,23333.0,1,0.21428571428571427,14,317,223,0.7056962025316456
946,13134,2029,0,259,1,1,23333.0,1,0.8571428571428571,14,318,223,0.7034700315457413
947,13134,12424,0,260,3,0,31333.0,1,0.0,1,319,224,0.7044025157232704
948,13134,12425,0,260,2,0,31333.0,1,0.0,1,320,224,0.7021943573667712
949,13134,12423,0,260,2,0,31333.0,1,0.0,1,321,224,0.7
950,13134,2065,0,261,2,1,32000.0,1,0.6502057613168725,243,322,224,0.6978193146417445
951,13134,2063,0,261,3,0,32000.0,1,0.18518518518518517,243,323,225,0.6987577639751553
952,13134,2064,0,261,0,0,32000.0,1,0.6460905349794238,243,324,225,0.6965944272445821
953,13134,8639,0,262,3,0,37666.0,1,0.2857142857142857,14,325,225,0.6944444444444444
954,13134,6154,0,263,1,0,20000.0,1,0.5652173913043478,46,326,225,0.6923076923076923
955,13134,4130,0,264,1,0,25000.0,1,0.26785714285714285,56,327,225,0.6901840490797546
956,13134,4141,0,265,1,0,22000.0,1,0.676923076923077,65,328,225,0.6880733944954128
957,13134,4818,0,266,0,0,34000.0,1,0.4117647058823529,85,329,225,0.6859756097560976
958,13134,10673,0,267,3,1,20000.0,1,0.6842105263157895,19,330,225,0.6838905775075987
959,13134,10408,0,268,2,0,30000.0,1,0.6666666666666666,9,331,226,0.6848484848484848
960,13134,37,0,269,0,0,39000.0,1,0.8148148148148148,27,332,226,0.6827794561933535
961,13134,7871,0,270,1,1,24000.0,1,0.8888888888888888,18,333,226,0.6807228915662651
962,13134,10575,0,271,3,1,24000.0,1,0.9,10,334,227,0.6816816816816816
963,13134,183,0,272,1,1,25000.0,1,0.8297872340425532,47,335,228,0.6826347305389222
964,13134,10676,0,273,0,1,23000.0,1,1.0,10,336,229,0.6835820895522388
965,13134,10643,0,274,2,1,28000.0,1,1.0,8,337,230,0.6845238095238095
966,13134,10644,0,275,1,1,21000.0,1,0.8888888888888888,9,338,231,0.685459940652819
967,13134,36,0,276,3,1,23000.0,1,0.8181818181818182,11,339,232,0.6863905325443787
968,13134,11996,0,277,0,0,22000.0,1,0.3333333333333333,3,340,233,0.6873156342182891
969,13134,1236,0,278,0,1,19000.0,1,0.6470588235294118,34,341,233,0.6852941176470588
970,13134,240,0,279,3,0,20000.0,1,0.46153846153846156,39,342,234,0.6862170087976539
971,13134,630,0,280,1,1,20000.0,1,1.0,11,343,234,0.6842105263157895
972,13134,11927,0,281,1,1,17000.0,1,1.0,4,344,235,0.685131195335277
973,13134,1373,0,282,0,0,18000.0,1,0.6153846153846154,39,345,236,0.686046511627907
974,13134,1207,0,283,1,1,18000.0,1,0.4576271186440678,59,346,236,0.6840579710144927
975,13134,1074,0,284,0,0,17000.0,1,0.6111111111111112,36,347,237,0.684971098265896
976,13134,12101,0,285,3,1,23000.0,1,1.0,3,348,237,0.6829971181556196
977,13134,1113,0,286,3,1,19000.0,1,0.5357142857142857,28,349,238,0.6839080459770115
978,13134,813,0,287,3,1,18000.0,1,0.5833333333333334,24,350,239,0.6848137535816619
979,13134,560,0,288,1,0,22000.0,1,0.5185185185185185,54,351,240,0.6857142857142857
980,13134,12026,0,289,0,1,19000.0,1,1.0,3,352,240,0.6837606837606838
981,13134,254,0,290,3,1,20000.0,1,0.7058823529411765,17,353,241,0.6846590909090909
982,13134,1119,0,291,1,0,25000.0,1,0.55,20,354,242,0.6855524079320113
983,13134,824,0,292,0,1,22000.0,1,0.580952380952381,105,355,242,0.6836158192090396
984,13134,11982,0,293,1,0,21000.0,1,0.5,2,356,243,0.6845070422535211
985,13134,2007,0,294,0,0,22000.0,1,0.5,30,357,243,0.6825842696629213
986,13134,2008,0,294,1,1,22000.0,1,0.7666666666666667,30,358,243,0.680672268907563
987,13134,2006,0,294,1,1,22000.0,1,0.7333333333333333,30,359,244,0.6815642458100558
988,13134,1455,0,295,0,1,29333.0,1,0.8,15,360,245,0.6824512534818942
989,13134,1456,0,295,3,1,29333.0,1,0.9333333333333333,15,361,246,0.6833333333333333
990,13134,1454,0,295,1,1,29333.0,1,0.8666666666666667,15,362,247,0.6842105263157895
991,13134,12421,0,296,0,1,30333.0,1,1.0,1,363,248,0.6850828729281768
992,13134,12420,0,296,2,1,30333.0,1,1.0,1,364,249,0.6859504132231405
993,13134,12422,0,296,1,1,30333.0,1,1.0,1,365,250,0.6868131868131868
994,13134,2332,0,297,1,1,22333.0,1,0.9230769230769231,13,366,251,0.6876712328767123
995,13134,2334,0,297,3,0,22333.0,1,0.38461538461538464,13,367,252,0.6885245901639344
996,13134,2333,0,297,0,0,22333.0,1,0.6153846153846154,13,368,252,0.6866485013623979
997,13134,2182,0,298,3,0,31666.0,1,0.42857142857142855,7,369,252,0.6847826086956522
998,13134,2184,0,298,0,1,31666.0,1,1.0,7,370,252,0.6829268292682927
999,13134,2183,0,298,1,1,31666.0,1,0.8571428571428571,7,371,253,0.6837837837837838
1000,13134,9155,0,299,3,1,27666.0,1,0.9090909090909091,11,372,254,0.6846361185983828
1001,13134,3768,0,300,0,1,16000.0,1,0.8333333333333334,6,373,255,0.6854838709677419
1002,13134,6087,0,301,1,0,12000.0,1,0.5111111111111111,90,374,256,0.6863270777479893
1003,13134,8648,0,302,1,1,15000.0,1,0.3888888888888889,18,375,256,0.6844919786096256
1004,13134,5413,0,303,1,1,33000.0,1,0.6666666666666666,15,376,257,0.6853333333333333
1005,13134,11443,0,304,0,0,22000.0,1,0.6666666666666666,3,377,258,0.6861702127659575
1006,13134,9049,0,305,1,0,8000.0,1,0.6666666666666666,9,378,258,0.6843501326259946
1007,13134,4466,0,306,1,0,18000.0,1,0.45652173913043476,46,379,258,0.6825396825396826
1008,13134,5347,0,307,2,1,7000.0,1,0.6944444444444444,36,380,258,0.6807387862796834
1009,13134,9222,0,308,3,0,29000.0,1,0.5454545454545454,11,381,259,0.6815789473684211
1010,13134,9139,0,309,2,1,46000.0,1,0.9166666666666666,12,382,259,0.6797900262467191
1011,13134,8740,0,310,3,0,28000.0,1,0.4,15,383,260,0.680628272251309
1013,13134,8607,0,312,1,1,17000.0,1,0.7272727272727273,11,384,260,0.6788511749347258
1014,13134,8740,0,313,2,1,4000.0,1,0.4,15,385,261,0.6796875
1015,13134,5223,0,314,2,0,6000.0,1,0.6904761904761905,42,386,262,0.6805194805194805
1016,13134,6091,0,315,1,1,14000.0,1,0.65,60,387,262,0.6787564766839378
1017,13134,9237,0,316,3,1,6000.0,1,0.7272727272727273,11,388,263,0.6795865633074936
1018,13134,8606,0,317,2,1,17000.0,1,0.8,10,389,264,0.6804123711340206
1019,13134,4999,0,318,0,1,8000.0,1,0.8571428571428571,14,390,265,0.6812339331619537
1020,13134,5486,0,319,1,1,13000.0,1,1.0,6,391,266,0.6820512820512821
1021,13134,5435,0,320,1,0,15000.0,1,0.5555555555555556,18,392,267,0.6828644501278772
1022,13134,405,0,321,0,0,12000.0,1,0.5977011494252874,87,393,267,0.6811224489795918
1023,13134,1250,0,322,1,1,23000.0,1,0.65,60,394,267,0.6793893129770993
1024,13134,483,0,323,3,1,22000.0,1,0.8695652173913043,23,395,268,0.6802030456852792
1025,13134,12028,0,324,0,1,17000.0,1,1.0,2,396,269,0.6810126582278481
1026,13134,1331,0,325,0,1,18000.0,1,0.8235294117647058,17,397,270,0.6818181818181818
1027,13134,1109,0,326,3,1,20000.0,1,0.6857142857142857,35,398,271,0.6826196473551638
1028,13134,595,0,327,0,1,18000.0,1,0.8695652173913043,23,399,272,0.6834170854271356
1029,13134,11900,0,328,3,0,35000.0,1,0.0,1,400,273,0.6842105263157895
1030,13134,1068,0,329,0,1,39000.0,1,0.7391304347826086,23,401,273,0.6825
1031,13134,507,0,330,3,1,20000.0,1,0.6363636363636364,33,402,274,0.683291770573566
1032,13134,1326,0,331,1,1,17000.0,1,0.696969696969697,33,403,275,0.6840796019900498
1033,13134,11966,0,332,0,1,20000.0,1,1.0,2,404,276,0.684863523573201
1034,13134,877,0,333,1,0,18000.0,1,0.5289256198347108,121,405,277,0.6856435643564357
1035,13134,1982,0,334,2,1,19000.0,1,0.46153846153846156,26,406,277,0.6839506172839506
1036,13134,1984,0,334,3,0,19000.0,1,0.15384615384615385,26,407,278,0.6847290640394089
1037,13134,1983,0,334,1,1,19000.0,1,0.6923076923076923,26,408,278,0.683046683046683
1038,13134,12402,0,335,3,0,32666.0,1,0.0,1,409,279,0.6838235294117647
1039,13134,12404,0,335,3,0,32666.0,1,0.0,1,410,279,0.6821515892420538
1040,13134,12403,0,335,1,0,32666.0,1,0.0,1,411,279,0.6804878048780488
1041,13134,7981,0,336,2,0,30666.0,1,0.5555555555555556,36,412,279,0.6788321167883211
1042,13134,7942,0,337,0,1,34000.0,1,0.6551724137931034,58,413,279,0.6771844660194175
1043,13134,862,0,339,1,1,28000.0,1,0.75,20,414,280,0.6779661016949152
1044,13134,1291,0,340,0,0,20000.0,1,0.7846153846153846,65,415,281,0.678743961352657
1045,13134,12232,0,341,0,1,19000.0,1,1.0,4,416,281,0.6771084337349398
1046,13134,287,0,342,3,0,19000.0,1,0.47368421052631576,19,417,282,0.6778846153846154
1047,13134,12207,0,343,0,0,16000.0,1,0.75,4,418,282,0.6762589928057554
1048,13134,11937,0,344,3,0,21000.0,1,0.5,4,419,282,0.6746411483253588
1049,13134,12247,0,345,0,1,21000.0,1,0.5,2,420,282,0.6730310262529833
1050,13134,12105,0,346,0,1,21000.0,1,1.0,3,421,283,0.6738095238095239
1051,13134,12111,0,347,3,1,16000.0,1,1.0,3,422,284,0.6745843230403801
1052,13134,12036,0,348,3,0,16000.0,1,0.5,6,423,285,0.6753554502369669
1053,13134,12200,0,349,1,1,25000.0,1,1.0,2,424,285,0.6737588652482269
1054,13134,12088,0,350,1,1,20000.0,1,1.0,4,425,286,0.6745283018867925
1055,13134,12162,0,351,3,1,19000.0,1,1.0,4,426,287,0.6752941176470588
1056,13134,12269,0,352,1,1,16000.0,1,0.75,4,427,288,0.676056338028169
1057,13134,12104,0,353,0,1,17000.0,1,1.0,4,428,289,0.6768149882903981
1058,13134,11888,0,354,0,1,18000.0,1,1.0,1,429,290,0.677570093457944
1059,13134,12186,0,355,1,1,15000.0,1,0.8,5,430,291,0.6783216783216783
1060,13134,12252,0,356,3,0,21000.0,1,0.3333333333333333,3,431,292,0.6790697674418604
1061,13134,11899,0,357,0,1,26000.0,1,1.0,2,432,292,0.6774941995359629
1062,13134,11977,0,358,0,1,18000.0,1,0.875,8,433,293,0.6782407407407407
1063,13134,11959,0,359,0,1,16000.0,1,1.0,3,434,294,0.6789838337182448
1064,13134,11984,0,360,3,0,23000.0,1,0.6666666666666666,3,435,295,0.6797235023041475
1065,13134,7924,0,338,1,0,27000.0,1,0.782608695652174,23,436,295,0.6781609195402298
1066,13134,12127,0,361,0,1,37000.0,1,0.6666666666666666,3,437,295,0.676605504587156
1067,13134,11923,0,362,3,0,20000.0,1,0.6666666666666666,3,438,296,0.6773455377574371
1068,13134,11925,0,363,1,1,22000.0,1,1.0,3,439,296,0.6757990867579908
1069,13134,12190,0,364,1,0,19000.0,1,0.0,1,440,297,0.6765375854214123
1070,13134,11918,0,365,3,1,20000.0,1,0.8,5,441,297,0.675
1071,13134,9107,0,366,1,1,19000.0,1,0.5238095238095238,21,442,298,0.6757369614512472
1072,13134,5281,0,367,3,1,9000.0,1,0.6296296296296297,27,443,299,0.6764705882352942
1073,13134,9998,0,368,2,0,21000.0,1,0.6923076923076923,13,444,300,0.6772009029345373
1074,13134,5221,0,369,3,1,30000.0,1,0.9090909090909091,22,445,300,0.6756756756756757
1075,13134,5270,0,370,0,1,4000.0,1,0.76,25,446,301,0.6764044943820224
1076,13134,9096,0,371,0,1,5000.0,1,0.8,5,447,302,0.6771300448430493
1077,13134,8619,0,372,3,0,28000.0,1,0.75,8,448,303,0.6778523489932886
1078,13134,5047,0,373,1,0,13000.0,1,0.7692307692307693,13,449,303,0.6763392857142857
1079,13134,9608,0,374,3,0,26000.0,1,0.8,10,450,303,0.6748329621380846
1080,13134,4479,0,375,3,1,22000.0,1,0.75,12,451,303,0.6733333333333333
1081,13134,10529,0,376,1,1,24000.0,1,0.5263157894736842,19,452,304,0.6740576496674058
1082,13134,10543,0,377,2,1,24000.0,1,0.8125,16,453,305,0.6747787610619469
1083,13134,189,0,378,1,1,27000.0,1,0.3898305084745763,59,454,306,0.6754966887417219
1084,13134,7908,0,379,1,1,25000.0,1,0.68,25,455,307,0.6762114537444934
1085,13134,10390,0,380,0,1,22000.0,1,0.5,16,456,308,0.676923076923077
1086,13134,11859,0,381,2,0,23000.0,1,0.4,5,457,309,0.6776315789473685
1087,13134,5594,0,382,3,1,24000.0,1,0.6666666666666666,24,458,309,0.6761487964989059
1088,13134,4976,0,383,0,0,12000.0,1,0.5932203389830508,59,459,310,0.6768558951965066
1089,13134,9246,0,384,1,1,42000.0,1,1.0,7,460,310,0.6753812636165577
1090,13134,4301,0,385,0,1,5000.0,1,1.0,3,461,311,0.6760869565217391
1091,13134,8856,0,386,1,0,6000.0,1,0.75,8,462,312,0.6767895878524945
1092,13134,4174,0,387,1,0,21000.0,1,0.625,8,463,312,0.6753246753246753
1093,13134,8907,0,388,1,0,13000.0,1,0.75,8,464,312,0.673866090712743
1094,13134,4836,0,389,0,0,24000.0,1,0.6666666666666666,39,465,312,0.6724137931034483
1095,13134,5564,0,390,3,1,28000.0,1,1.0,5,466,312,0.6709677419354839
1096,13134,5183,0,391,2,0,14000.0,1,0.6455696202531646,79,467,313,0.6716738197424893
1097,13134,11694,0,392,1,0,21000.0,1,0.0,1,468,313,0.6702355460385439
1098,13134,5307,0,393,2,0,15000.0,1,0.5384615384615384,26,469,313,0.6688034188034188
1099,13134,5666,0,394,1,0,30000.0,1,0.6,10,470,313,0.6673773987206824
1100,13134,9238,0,395,0,1,6000.0,1,0.875,8,471,313,0.6659574468085107
1101,13134,9482,0,396,0,1,20000.0,1,1.0,8,472,314,0.6666666666666666
1102,13134,3974,0,397,0,1,7000.0,1,0.8627450980392157,51,473,315,0.6673728813559322
1103,13134,6043,0,398,0,0,8000.0,1,0.64,25,474,316,0.6680761099365751
1104,13134,8608,0,399,3,1,29000.0,1,0.6428571428571429,14,475,316,0.6666666666666666
1105,13134,4118,0,400,3,1,3000.0,1,0.8620689655172413,29,476,317,0.6673684210526316
1106,13134,9100,0,401,0,1,2000.0,1,0.8181818181818182,11,477,318,0.6680672268907563
1107,13134,11266,0,402,0,0,7000.0,1,0.6,5,478,319,0.6687631027253669
1108,13134,11889,0,403,0,1,14000.0,1,0.6666666666666666,3,479,319,0.6673640167364017
1109,13134,11950,0,404,3,1,23000.0,1,0.8571428571428571,7,480,320,0.6680584551148225
1110,13134,12270,0,405,1,1,19000.0,1,1.0,4,481,321,0.66875
1111,13134,12084,0,406,1,1,17000.0,1,1.0,6,482,322,0.6694386694386695
1112,13134,11884,0,407,3,1,27000.0,1,1.0,2,483,323,0.6701244813278008
1113,13134,12062,0,408,3,0,18000.0,1,0.4,5,484,324,0.6708074534161491
1114,13134,5701,0,409,0,0,23000.0,1,0.7368421052631579,38,485,324,0.6694214876033058
1115,13134,12068,0,411,0,1,10000.0,1,0.4,5,486,324,0.668041237113402
1116,13134,12210,0,412,3,1,19000.0,1,0.75,4,487,325,0.668724279835391
1117,13134,11917,0,413,1,1,21000.0,1,1.0,3,488,326,0.6694045174537988
1118,13134,12176,0,414,1,1,16000.0,1,1.0,3,489,327,0.6700819672131147
1119,13134,12065,0,415,0,1,18000.0,1,1.0,2,490,328,0.6707566462167689
1120,13134,12043,0,416,3,1,17000.0,1,1.0,3,491,329,0.6714285714285714
1121,13134,12152,0,417,3,0,20000.0,1,0.0,1,492,330,0.6720977596741344
1122,13134,11253,0,418,0,0,24000.0,1,0.0,4,493,330,0.6707317073170732
1123,13134,5963,0,419,0,0,19000.0,1,0.5652173913043478,23,494,330,0.6693711967545639
1124,13134,10411,0,420,0,0,9000.0,0,0.23076923076923078,13,495,330,0.6680161943319838
1125,13134,7898,0,421,2,1,26000.0,1,0.5625,112,496,330,0.6666666666666666
1126,13134,10481,0,422,3,1,31000.0,1,0.45454545454545453,11,497,331,0.6673387096774194
1127,13134,10387,0,423,3,1,21000.0,1,0.6428571428571429,14,498,332,0.6680080482897385
1128,13134,10523,0,424,2,0,25000.0,1,0.6428571428571429,14,499,333,0.6686746987951807
1129,13134,12536,0,425,0,1,22000.0,1,1.0,1,500,333,0.6673346693386774
1130,13134,12534,0,425,1,1,22000.0,1,1.0,1,501,334,0.668
1131,13134,12535,0,425,0,1,22000.0,1,1.0,1,502,335,0.6686626746506986
1132,13134,11813,0,426,1,1,27666.0,1,0.75,4,503,336,0.6693227091633466
1133,13134,11814,0,426,3,0,27666.0,1,0.25,4,504,337,0.6699801192842942
1134,13134,11812,0,426,1,0,27666.0,1,0.5,4,505,337,0.6686507936507936
1135,13134,10702,0,427,3,1,25333.0,1,0.6,10,506,337,0.6673267326732674
1136,13134,10703,0,427,2,1,25333.0,1,0.8,10,507,338,0.6679841897233202
1137,13134,10701,0,427,0,1,25333.0,1,0.9,10,508,339,0.6686390532544378
1138,13134,3101,0,428,3,0,27333.0,1,0.4166666666666667,12,509,340,0.6692913385826772
1139,13134,3100,0,428,0,1,27333.0,1,0.9166666666666666,12,510,340,0.6679764243614931
1140,13134,3099,0,428,2,1,27333.0,1,0.9166666666666666,12,511,341,0.6686274509803921
1141,13134,2539,0,429,1,1,39000.0,1,0.8333333333333334,12,512,342,0.6692759295499021
1142,13134,2540,0,429,0,1,39000.0,1,0.75,12,513,343,0.669921875
1143,13134,2541,0,429,0,0,39000.0,1,0.4166666666666667,12,514,344,0.6705653021442495
1144,13134,2364,0,430,0,1,28333.0,1,0.7142857142857143,14,515,344,0.669260700389105
1145,13134,2362,0,430,3,1,28333.0,1,0.6428571428571429,14,516,345,0.6699029126213593
1146,13134,2363,0,430,2,1,28333.0,1,0.7142857142857143,14,517,346,0.6705426356589147
1147,13134,1766,0,431,0,0,25000.0,1,0.4375,16,518,347,0.6711798839458414
1148,13134,1767,0,431,1,0,25000.0,1,0.625,16,519,347,0.6698841698841699
1149,13134,1768,0,431,0,1,25000.0,1,0.8125,16,520,347,0.6685934489402697
1150,13134,12037,0,432,1,1,33333.0,1,1.0,4,521,348,0.6692307692307692
1151,13134,12004,0,433,0,1,18000.0,1,0.5,2,522,349,0.6698656429942419
1152,13134,12120,0,434,3,1,16000.0,1,1.0,3,523,350,0.6704980842911877
1153,13134,11914,0,435,3,1,12000.0,1,0.6666666666666666,3,524,351,0.6711281070745698
1154,13134,12134,0,436,1,1,16000.0,1,1.0,5,525,352,0.6717557251908397
1155,13134,12083,0,437,3,1,21000.0,1,1.0,2,526,353,0.6723809523809524
1156,13134,11893,0,438,1,0,18000.0,1,0.3333333333333333,3,527,354,0.6730038022813688
1157,13134,12053,0,439,0,1,22000.0,1,0.5,2,528,354,0.6717267552182163
1158,13134,12191,0,440,1,0,24000.0,1,0.6666666666666666,6,529,355,0.6723484848484849
1159,13134,8530,0,410,1,1,16000.0,1,0.5555555555555556,9,530,355,0.6710775047258979
1160,13134,11891,0,441,0,0,14000.0,1,0.5,2,531,356,0.6716981132075471
1161,13134,12427,0,442,0,1,25000.0,1,1.0,1,532,356,0.6704331450094162
1162,13134,12428,0,442,3,1,25000.0,1,1.0,1,533,357,0.6710526315789473
1163,13134,12426,0,442,1,1,25000.0,1,1.0,1,534,358,0.6716697936210131
1164,13134,11751,0,443,3,1,25000.0,1,1.0,3,535,359,0.6722846441947565
1165,13134,11752,0,443,0,1,25000.0,1,1.0,3,536,360,0.6728971962616822
1166,13134,11753,0,443,1,1,25000.0,1,1.0,3,537,361,0.6735074626865671
1167,13134,2084,0,444,3,1,22333.0,1,1.0,10,538,362,0.6741154562383612
1168,13134,2086,0,444,2,1,22333.0,1,1.0,10,539,363,0.6747211895910781
1169,13134,2085,0,444,2,0,22333.0,1,0.6,10,540,364,0.6753246753246753
1170,13134,12489,0,445,0,1,23333.0,1,1.0,1,541,364,0.674074074074074
1171,13134,12490,0,445,1,1,23333.0,1,1.0,1,542,365,0.6746765249537893
1172,13134,12491,0,445,0,1,23333.0,1,1.0,1,543,366,0.6752767527675276
1173,13134,3381,0,446,1,1,26666.0,1,1.0,10,544,367,0.6758747697974218
1174,13134,3383,0,446,0,1,26666.0,1,0.9,10,545,368,0.6764705882352942
1175,13134,3382,0,446,3,1,26666.0,1,0.7,10,546,369,0.6770642201834862
1176,13134,11809,0,447,2,1,23000.0,1,0.6666666666666666,3,547,370,0.6776556776556777
1177,13134,11810,0,447,3,1,23000.0,1,1.0,3,548,371,0.6782449725776966
1178,13134,11811,0,447,3,0,23000.0,1,0.6666666666666666,3,549,372,0.6788321167883211
1179,13134,7910,0,448,1,0,27333.0,1,0.6140350877192983,57,550,372,0.6775956284153005
1180,13134,10545,0,449,1,1,23000.0,1,0.8181818181818182,11,551,372,0.6763636363636364
1181,13134,10422,0,450,1,0,23000.0,1,0.6363636363636364,11,552,373,0.676950998185118
1182,13134,11908,0,451,1,1,27000.0,1,1.0,2,553,373,0.6757246376811594
1183,13134,11988,0,452,1,1,22000.0,1,0.6666666666666666,3,554,374,0.6763110307414105
1184,13134,11931,0,453,1,1,18000.0,1,1.0,4,555,375,0.6768953068592057
1185,13134,12131,0,454,1,1,20000.0,1,0.6666666666666666,3,556,376,0.6774774774774774
1186,13134,12171,0,455,3,1,19000.0,1,0.5,2,557,377,0.6780575539568345
1187,13134,12092,0,456,1,1,23000.0,1,1.0,4,558,378,0.6786355475763016
1188,13134,12153,0,457,0,1,20000.0,1,0.6666666666666666,3,559,379,0.6792114695340502
1189,13134,12086,0,458,3,1,20000.0,1,1.0,1,560,380,0.6797853309481217
1190,13134,12229,0,459,0,1,19000.0,1,1.0,1,561,381,0.6803571428571429
1191,13134,11878,0,460,3,1,21000.0,1,1.0,3,562,382,0.6809269162210339
1192,13134,11986,0,461,0,1,19000.0,1,1.0,3,563,383,0.6814946619217082
1193,13134,12003,0,462,0,0,19000.0,1,0.3333333333333333,3,564,384,0.6820603907637656
1194,13134,12195,0,463,1,0,23000.0,1,0.0,1,565,384,0.6808510638297872
1195,13134,5186,0,464,1,0,19000.0,1,0.7073170731707317,41,566,384,0.679646017699115
1196,13134,1751,0,465,1,1,18000.0,1,0.8333333333333334,30,567,384,0.6784452296819788
1197,13134,1752,0,465,2,1,18000.0,1,0.8333333333333334,30,568,385,0.6790123456790124
1198,13134,1753,0,465,0,0,18000.0,1,0.3333333333333333,30,569,386,0.6795774647887324
1199,13134,11896,0,466,3,1,31666.0,1,1.0,1,570,386,0.6783831282952548
1200,13134,12116,0,467,3,1,19000.0,1,1.0,2,571,387,0.6789473684210526
1201,13134,12154,0,468,1,1,15000.0,1,1.0,3,572,388,0.6795096322241682
1202,13134,12082,0,469,0,1,13000.0,1,0.8,5,573,389,0.6800699300699301
1203,13134,12058,0,470,0,1,20000.0,1,1.0,3,574,390,0.680628272251309
1204,13134,12163,0,471,0,1,17000.0,1,1.0,3,575,391,0.681184668989547
1205,13134,12181,0,472,3,1,15000.0,1,0.6666666666666666,3,576,392,0.6817391304347826
1206,13134,3644,0,474,1,1,19000.0,1,0.55,60,577,393,0.6822916666666666
1207,13134,9098,0,475,1,1,12000.0,1,0.9,10,578,394,0.682842287694974
1208,13134,3691,0,476,2,0,16000.0,1,0.5,6,579,395,0.6833910034602076
1209,13134,58,0,477,2,0,29000.0,1,0.46153846153846156,52,580,395,0.6822107081174439
1210,13134,7859,0,478,1,1,26000.0,1,0.375,72,581,395,0.6810344827586207
1211,13134,11257,0,479,2,1,25000.0,1,1.0,1,582,396,0.6815834767641996
1212,13134,6140,0,480,1,1,16000.0,1,0.8333333333333334,18,583,397,0.6821305841924399
1213,13134,3985,0,481,0,1,6000.0,1,0.7037037037037037,27,584,398,0.6826758147512865
1214,13134,3928,0,482,0,0,25000.0,1,0.6428571428571429,56,585,399,0.6832191780821918
1215,13134,8803,0,483,1,1,13000.0,1,0.5454545454545454,11,586,399,0.6820512820512821
1216,13134,11419,0,484,1,0,8000.0,1,0.7,10,587,400,0.6825938566552902
1217,13134,4366,0,485,3,1,23000.0,1,0.5,6,588,400,0.6814310051107325
1218,13134,9475,0,486,1,0,10000.0,1,0.7333333333333333,15,589,401,0.6819727891156463
1219,13134,4123,0,487,0,1,6000.0,1,0.8181818181818182,55,590,401,0.6808149405772496
1220,13134,8649,0,488,2,1,5000.0,1,0.5263157894736842,19,591,402,0.6813559322033899
1221,13134,9033,0,489,3,0,13000.0,1,0.6666666666666666,9,592,403,0.6818950930626058
1222,13134,9422,0,490,1,1,3000.0,1,0.8333333333333334,12,593,403,0.6807432432432432
1223,13134,9233,0,491,1,0,17000.0,1,0.5,16,594,404,0.6812816188870152
1224,13134,12209,0,492,0,1,11000.0,1,1.0,5,595,404,0.6801346801346801
1225,13134,12071,0,493,3,1,15000.0,1,0.5,2,596,405,0.680672268907563
1226,13134,11989,0,494,3,1,26000.0,1,1.0,4,597,406,0.6812080536912751
1227,13134,11886,0,495,0,1,18000.0,1,1.0,3,598,407,0.6817420435510888
1228,13134,12002,0,496,3,1,20000.0,1,1.0,3,599,408,0.6822742474916388
1229,13134,12102,0,497,3,1,16000.0,1,0.5,2,600,409,0.6828046744574291
1230,13134,12271,0,498,1,1,18000.0,1,1.0,1,601,410,0.6833333333333333
1231,13134,12113,0,499,1,1,18000.0,1,1.0,4,602,411,0.6838602329450915
1232,13134,12263,0,500,3,0,10000.0,1,0.5,2,603,412,0.6843853820598007
1233,13134,12241,0,501,0,1,19000.0,1,0.75,4,604,412,0.6832504145936982
1234,13134,12048,0,502,1,1,19000.0,1,0.8,5,605,413,0.6837748344370861
1235,13134,12199,0,503,3,1,17000.0,1,1.0,2,606,414,0.684297520661157
1236,13134,11873,0,504,0,1,19000.0,1,0.75,4,607,415,0.6848184818481848
1237,13134,12239,0,505,1,0,20000.0,1,0.75,4,608,416,0.685337726523888
1238,13134,3108,0,506,0,1,26000.0,1,0.875,8,609,416,0.6842105263157895
1239,13134,3109,0,506,1,1,26000.0,1,0.875,8,610,417,0.6847290640394089
1240,13134,3110,0,506,1,0,26000.0,1,0.625,8,611,418,0.6852459016393443
1241,13134,12557,0,507,2,1,31333.0,1,1.0,1,612,418,0.6841243862520459
1242,13134,12555,0,507,0,1,31333.0,1,1.0,1,613,419,0.684640522875817
1243,13134,12556,0,507,0,1,31333.0,1,1.0,1,614,420,0.6851549755301795
1244,13134,2641,0,508,2,1,26666.0,1,0.9333333333333333,15,615,421,0.6856677524429967
1245,13134,2643,0,508,2,0,26666.0,1,0.6666666666666666,15,616,422,0.6861788617886179
1246,13134,2642,0,508,1,1,26666.0,1,0.8666666666666667,15,617,422,0.685064935064935
1247,13134,11962,0,509,1,1,25666.0,1,1.0,3,618,423,0.6855753646677472
1248,13134,12170,0,510,0,1,10000.0,1,1.0,4,619,424,0.686084142394822
1249,13134,12096,0,511,1,0,15000.0,1,0.5,4,620,425,0.6865912762520194
1250,13134,3002,0,512,2,1,19000.0,1,0.5714285714285714,7,621,425,0.6854838709677419
1251,13134,3001,0,512,0,0,19000.0,1,0.5714285714285714,7,622,426,0.6859903381642513
1252,13134,3000,0,512,0,1,19000.0,1,0.7142857142857143,7,623,426,0.684887459807074
1253,13134,2736,0,513,2,1,26666.0,1,1.0,7,624,427,0.6853932584269663
1254,13134,2734,0,513,0,1,26666.0,1,0.7142857142857143,7,625,428,0.6858974358974359
1255,13134,2735,0,513,0,1,26666.0,1,0.5714285714285714,7,626,429,0.6864
1256,13134,12447,0,514,3,0,22666.0,1,0.0,1,627,430,0.6869009584664537
1257,13134,12448,0,514,0,0,22666.0,1,0.0,1,628,430,0.6858054226475279
1258,13134,12449,0,514,0,0,22666.0,1,0.0,1,629,430,0.6847133757961783
1259,13134,5715,0,515,3,1,27000.0,1,0.7297297297297297,37,630,430,0.6836248012718601
1260,13134,8620,0,516,3,0,4000.0,1,0.6153846153846154,13,631,431,0.6841269841269841
1261,13134,8460,0,517,0,1,11000.0,1,0.7692307692307693,26,632,431,0.6830427892234548
1262,13134,9077,0,518,1,0,12000.0,1,0.8333333333333334,12,633,432,0.6835443037974683
1263,13134,11444,0,519,2,0,22000.0,1,0.0,1,634,432,0.6824644549763034
1264,13134,9494,0,520,1,1,33000.0,1,0.46153846153846156,13,635,432,0.6813880126182965
1265,13134,11473,0,521,3,1,16000.0,1,1.0,3,636,433,0.6818897637795276
1266,13134,8757,0,522,2,0,12000.0,1,0.6666666666666666,9,637,434,0.6823899371069182
1267,13134,11520,0,523,0,1,16000.0,1,0.5,6,638,434,0.6813186813186813
1268,13134,5585,0,524,3,1,33000.0,1,0.5428571428571428,70,639,435,0.6818181818181818
1269,13134,8533,0,525,1,0,21000.0,1,0.35714285714285715,14,640,436,0.6823161189358372
1270,13134,12017,0,526,3,1,11000.0,1,1.0,2,641,436,0.68125
1271,13134,12055,0,527,3,1,18000.0,1,1.0,2,642,437,0.6817472698907956
1272,13134,12146,0,528,1,1,20000.0,1,1.0,2,643,438,0.6822429906542056
1273,13134,11881,0,529,3,1,22000.0,1,1.0,6,644,439,0.6827371695178849
1274,13134,12061,0,530,0,0,14000.0,1,0.75,4,645,440,0.6832298136645962
1275,13134,10414,0,531,2,1,18000.0,1,0.8,10,646,440,0.6821705426356589
1276,13134,182,0,532,2,1,23000.0,1,0.7142857142857143,14,647,441,0.6826625386996904
1277,13134,10455,0,533,1,0,25000.0,1,0.7058823529411765,17,648,442,0.6831530139103554
1278,13134,10664,0,534,2,1,29000.0,1,1.0,10,649,442,0.6820987654320988
1279,13134,7864,0,535,0,1,22000.0,1,0.8888888888888888,9,650,443,0.6825885978428351
1280,13134,81,0,536,1,1,25000.0,1,0.75,8,651,444,0.683076923076923
1281,13134,3982,0,537,0,1,27000.0,1,0.7368421052631579,19,652,445,0.6835637480798771
1282,13134,3754,0,538,2,0,15000.0,1,0.8125,16,653,446,0.6840490797546013
1283,13134,4147,0,539,2,0,53000.0,1,0.7567567567567568,37,654,446,0.6830015313935681
1284,13134,9919,0,540,3,1,7000.0,1,0.6,5,655,446,0.6819571865443425
1285,13134,8783,0,541,1,1,40000.0,1,0.875,8,656,447,0.6824427480916031
1286,13134,3857,0,542,3,0,21000.0,1,0.4473684210526316,76,657,448,0.6829268292682927
1287,13134,5209,0,543,2,1,41000.0,1,0.875,16,658,448,0.6818873668188736
1288,13134,4467,0,544,1,0,19000.0,1,0.5238095238095238,84,659,449,0.682370820668693
1289,13134,4346,0,545,3,1,40000.0,1,0.7777777777777778,9,660,449,0.6813353566009105
1290,13134,6034,0,546,3,0,12000.0,1,0.4666666666666667,15,661,450,0.6818181818181818
1292,13134,11266,0,548,1,1,32000.0,1,0.6,5,662,450,0.680786686838124
1293,13134,9033,0,549,3,0,15000.0,1,0.6666666666666666,9,663,451,0.6812688821752266
1294,13134,9075,0,550,1,0,4000.0,1,0.5384615384615384,13,664,451,0.6802413273001509
1295,13134,5010,0,551,2,0,26000.0,1,0.7333333333333333,15,665,451,0.6792168674698795
1296,13134,10602,0,552,3,1,24000.0,1,0.9090909090909091,11,666,451,0.6781954887218045
1297,13134,5,0,553,3,0,23000.0,1,0.8235294117647058,17,667,452,0.6786786786786787
1298,13134,11877,0,554,0,1,25000.0,1,0.6666666666666666,3,668,452,0.6776611694152923
1299,13134,11897,0,555,0,1,17000.0,1,1.0,3,669,453,0.6781437125748503
1300,13134,11942,0,556,1,1,17000.0,1,0.6,5,670,454,0.6786248131539612
1301,13134,11979,0,557,3,1,19000.0,1,1.0,3,671,455,0.6791044776119403
1302,13134,12031,0,558,0,1,18000.0,1,1.0,5,672,456,0.6795827123695977
1303,13134,12139,0,559,0,1,13000.0,1,0.75,4,673,457,0.6800595238095238
1304,13134,12208,0,560,1,1,21000.0,1,1.0,7,674,458,0.6805349182763745
1305,13134,12259,0,561,1,0,18000.0,1,0.25,4,675,459,0.6810089020771514
1306,13134,12064,0,562,0,0,22000.0,1,0.5,4,676,459,0.68
1307,13134,12222,0,563,0,1,21000.0,1,1.0,3,677,459,0.6789940828402367
1308,13134,11919,0,564,0,1,16000.0,1,0.3333333333333333,3,678,460,0.6794682422451994
1309,13134,12159,0,565,0,1,22000.0,1,1.0,3,679,461,0.6799410029498525
1310,13134,12151,0,566,3,1,19000.0,1,1.0,2,680,462,0.6804123711340206
1311,13134,12218,0,567,3,1,19000.0,1,1.0,5,681,463,0.6808823529411765
1312,13134,11980,0,568,0,1,22000.0,1,0.5,2,682,464,0.6813509544787077
1313,13134,11983,0,569,0,1,17000.0,1,0.6666666666666666,3,683,465,0.6818181818181818
1314,13134,12118,0,570,0,1,21000.0,1,0.8333333333333334,6,684,466,0.6822840409956076
1315,13134,12165,0,571,3,1,20000.0,1,1.0,4,685,467,0.6827485380116959
1316,13134,11898,0,572,3,1,24000.0,1,1.0,3,686,468,0.6832116788321168
1317,13134,12108,0,573,1,1,17000.0,1,1.0,4,687,469,0.6836734693877551
1318,13134,9,0,574,1,0,19000.0,1,0.29577464788732394,71,688,470,0.6841339155749636
1319,13134,12205,0,575,3,1,15000.0,0,0.6666666666666666,3,689,470,0.6831395348837209
1320,13134,11938,0,576,3,1,15000.0,1,0.75,4,690,471,0.683599419448476
1321,13134,12021,0,577,1,1,22000.0,1,0.5,4,691,472,0.6840579710144927
1322,13134,11971,0,578,0,1,18000.0,1,1.0,2,692,473,0.6845151953690304
1323,13134,12216,0,579,0,1,18000.0,1,1.0,1,693,474,0.684971098265896
1324,13134,12231,0,580,1,0,17000.0,1,0.0,3,694,475,0.6854256854256854
1325,13134,11207,0,581,3,0,30000.0,1,0.875,8,695,475,0.6844380403458213
1326,13134,13424,0,582,2,0,19000.0,1,0.5,2,696,475,0.6834532374100719
1327,13134,4425,0,583,0,1,28000.0,1,0.6363636363636364,33,697,475,0.6824712643678161
1328,13134,8630,0,584,2,0,41000.0,1,0.7,10,698,476,0.6829268292682927
1329,13134,9055,0,585,2,1,37000.0,1,0.8461538461538461,13,699,476,0.6819484240687679
1330,13134,13464,0,586,3,1,4000.0,1,0.6666666666666666,3,700,477,0.6824034334763949
1331,13134,8787,0,587,3,0,8000.0,1,0.5555555555555556,9,701,478,0.6828571428571428
1332,13134,11214,0,588,1,0,7000.0,1,0.8,5,702,478,0.68188302425107
1333,13134,6161,0,589,0,1,14000.0,1,0.8461538461538461,13,703,478,0.6809116809116809
1334,13134,13408,0,590,3,1,4000.0,1,0.75,4,704,479,0.6813655761024182
1335,13134,5350,0,591,0,0,11000.0,1,0.5301204819277109,83,705,480,0.6818181818181818
1336,13134,12220,0,592,3,1,30000.0,1,0.75,4,706,480,0.6808510638297872
1337,13134,12156,0,593,1,1,22000.0,1,0.3333333333333333,3,707,481,0.6813031161473088
1338,13134,9476,0,594,0,0,18000.0,1,0.75,8,708,482,0.6817538896746818
1339,13134,5177,0,595,3,0,6000.0,1,0.4642857142857143,84,709,482,0.6807909604519774
1340,13134,13417,0,596,0,1,26000.0,1,1.0,3,710,482,0.6798307475317349
1341,13134,8879,0,597,2,1,5000.0,1,1.0,6,711,483,0.680281690140845
1342,13134,9495,0,598,1,0,8000.0,1,0.6666666666666666,15,712,484,0.680731364275668
1343,13134,5262,0,599,0,1,32000.0,1,0.6710526315789473,76,713,484,0.6797752808988764
1344,13134,13423,0,600,3,0,27000.0,1,0.0,2,714,485,0.6802244039270687
1345,13134,5038,0,601,1,0,19000.0,1,0.5393258426966292,89,715,485,0.6792717086834734
1346,13134,12039,0,602,0,1,39000.0,1,1.0,3,716,485,0.6783216783216783
1347,13134,9483,0,603,2,1,23000.0,1,1.0,8,717,486,0.6787709497206704
1348,13134,8641,0,604,0,1,11000.0,1,0.7647058823529411,17,718,487,0.6792189679218968
1349,13134,12451,0,605,1,1,24000.0,1,1.0,1,719,488,0.6796657381615598
1350,13134,12450,0,605,2,1,24000.0,1,1.0,1,720,489,0.6801112656467315
1351,13134,12452,0,605,0,1,24000.0,1,1.0,1,721,490,0.6805555555555556
1352,13134,3408,0,606,0,1,37666.0,1,0.7894736842105263,19,722,491,0.680998613037448
1353,13134,3410,0,606,1,1,37666.0,1,1.0,19,723,492,0.6814404432132964
1354,13134,3409,0,606,0,0,37666.0,1,0.8421052631578947,19,724,493,0.681881051175657
1355,13134,12866,0,607,2,1,34666.0,1,1.0,2,725,493,0.680939226519337
1356,13134,10393,0,608,3,0,22000.0,1,0.7,10,726,494,0.6813793103448276
1357,13134,13272,0,609,3,1,27000.0,1,1.0,1,727,494,0.6804407713498623
1358,13134,9076,0,610,0,1,15000.0,1,0.8823529411764706,17,728,495,0.6808803301237965
1359,13134,3872,0,611,2,1,19000.0,1,0.7083333333333334,24,729,496,0.6813186813186813
1360,13134,4894,0,612,1,1,46000.0,1,1.0,2,730,497,0.6817558299039781
1361,13134,13429,0,613,0,1,3000.0,1,1.0,2,731,498,0.6821917808219178
1362,13134,6361,0,614,3,0,16000.0,1,0.7083333333333334,24,732,499,0.6826265389876881
1363,13134,9102,0,615,0,1,33000.0,1,0.8461538461538461,13,733,499,0.6816939890710383
1364,13134,11512,0,616,0,1,33000.0,1,0.8333333333333334,6,734,500,0.6821282401091405
1365,13134,13475,0,617,2,0,4000.0,1,0.0,1,735,501,0.6825613079019074
1366,13134,12196,0,618,3,1,13000.0,1,0.5,2,736,501,0.6816326530612244
1367,13134,12250,0,619,0,1,23000.0,1,0.5,4,737,502,0.6820652173913043
1368,13134,12126,0,620,3,0,17000.0,1,0.6666666666666666,6,738,503,0.6824966078697422
1369,13134,12262,0,621,0,1,22000.0,1,0.6,5,739,503,0.6815718157181572
1370,13134,12256,0,622,3,1,18000.0,1,0.8,5,740,504,0.6820027063599459
1371,13134,9043,0,624,1,1,20000.0,1,0.8181818181818182,11,741,505,0.6824324324324325
1372,13134,9013,0,625,3,1,23000.0,1,0.8888888888888888,9,742,506,0.6828609986504723
1373,13134,11367,0,626,0,1,10000.0,1,1.0,5,743,507,0.683288409703504
1374,13134,13349,0,627,2,0,22000.0,1,0.0,1,744,508,0.6837146702557201
1375,13134,4842,0,628,3,1,20000.0,1,0.8888888888888888,9,745,508,0.6827956989247311
1376,13134,4639,0,629,0,1,21000.0,1,0.8333333333333334,6,746,509,0.6832214765100671
1377,13134,8633,0,630,1,1,34000.0,1,0.7,10,747,510,0.6836461126005362
1378,13134,13438,0,631,0,1,57000.0,1,1.0,3,748,511,0.6840696117804551
1379,13134,11386,0,632,3,0,10000.0,1,0.5833333333333334,24,749,512,0.6844919786096256
1380,13134,12019,0,623,1,1,12000.0,1,0.75,4,750,512,0.6835781041388518
1381,13134,12025,0,633,1,1,22000.0,1,1.0,4,751,513,0.684
1382,13134,11965,0,634,3,1,18000.0,1,1.0,4,752,514,0.6844207723035952
1383,13134,6688,0,635,3,0,18000.0,1,0.1590909090909091,44,753,515,0.6848404255319149
1384,13134,9106,0,636,2,1,28000.0,1,0.5714285714285714,7,754,515,0.6839309428950863
1385,13134,13422,0,637,3,1,39000.0,1,0.6666666666666666,3,755,516,0.6843501326259946
1386,13134,6094,0,638,0,1,19000.0,1,0.7272727272727273,22,756,517,0.6847682119205298
1387,13134,12254,0,639,1,1,39000.0,1,1.0,2,757,518,0.6851851851851852
1388,13134,12177,0,640,0,1,18000.0,1,1.0,5,758,519,0.6856010568031704
1389,13134,12121,0,641,3,1,17000.0,1,1.0,2,759,520,0.6860158311345647
1390,13134,12138,0,642,3,1,19000.0,1,1.0,1,760,521,0.686429512516469
1391,13134,11957,0,643,1,0,22000.0,1,0.0,1,761,522,0.6868421052631579
1392,13134,2922,0,644,2,0,12000.0,1,0.7333333333333333,15,762,522,0.6859395532194481
1393,13134,2923,0,644,1,0,12000.0,1,0.4,15,763,522,0.6850393700787402
1394,13134,2924,0,644,3,1,12000.0,1,0.8666666666666667,15,764,522,0.6841415465268676
1395,13134,12072,0,645,1,1,34000.0,1,1.0,3,765,523,0.6845549738219895
1396,13134,11987,0,646,1,0,11000.0,1,0.5,2,766,524,0.6849673202614379
1397,13134,11995,0,647,1,1,11000.0,1,1.0,2,767,524,0.6840731070496083
1398,13134,12130,0,648,0,0,17000.0,1,0.0,3,768,525,0.6844850065189049
1399,13134,11992,0,649,1,1,22000.0,1,1.0,2,769,525,0.68359375
1400,13134,12020,0,650,3,1,14000.0,1,1.0,2,770,526,0.6840052015604682
1401,13134,12172,0,651,3,1,20000.0,1,1.0,2,771,527,0.6844155844155844
1402,13134,11910,0,652,0,1,21000.0,1,1.0,2,772,528,0.6848249027237354
1403,13134,11913,0,653,0,1,22000.0,1,0.6666666666666666,3,773,529,0.6852331606217616
1404,13134,12255,0,654,0,0,25000.0,1,0.5,2,774,530,0.685640362225097
1405,13134,12197,0,655,0,0,17000.0,1,0.0,2,775,530,0.6847545219638242
1406,13134,64,0,656,1,0,20000.0,1,0.6808510638297872,47,776,530,0.6838709677419355
1407,13134,10478,0,657,1,1,23000.0,1,0.8571428571428571,14,777,530,0.6829896907216495
1408,13134,12934,0,658,2,1,24000.0,1,1.0,1,778,531,0.6833976833976834
1409,13134,10497,0,659,1,1,20000.0,1,1.0,11,779,532,0.6838046272493573
1410,13134,22,0,660,2,1,11000.0,1,0.9090909090909091,11,780,533,0.6842105263157895
1411,13134,10553,0,661,0,1,23000.0,1,0.9,10,781,534,0.6846153846153846
1412,13134,12746,0,662,2,1,15000.0,1,1.0,1,782,535,0.6850192061459667
1413,13134,3544,0,663,2,0,20000.0,1,0.7777777777777778,9,783,536,0.6854219948849105
1414,13134,3543,0,663,1,1,20000.0,1,1.0,9,784,536,0.6845466155810983
1415,13134,3545,0,663,0,0,20000.0,1,0.7777777777777778,9,785,537,0.6849489795918368
1416,13134,13143,0,664,2,1,38666.0,1,1.0,2,786,537,0.6840764331210191
1417,13134,13142,0,664,1,1,38666.0,1,1.0,2,787,538,0.6844783715012722
1418,13134,13144,0,664,1,1,38666.0,1,0.5,2,788,539,0.6848792884371029
1419,13134,10118,0,665,3,1,36000.0,1,0.8181818181818182,11,789,540,0.6852791878172588
1420,13134,10119,0,665,2,1,36000.0,1,0.6363636363636364,11,790,541,0.6856780735107731
1421,13134,10120,0,665,0,1,36000.0,1,0.9090909090909091,11,791,542,0.6860759493670886
1422,13134,2668,0,666,0,1,24666.0,1,0.8571428571428571,7,792,543,0.6864728192161821
1423,13134,2669,0,666,1,0,24666.0,1,0.14285714285714285,7,793,544,0.6868686868686869
1424,13134,2670,0,666,0,1,24666.0,1,0.8571428571428571,7,794,544,0.6860025220680959
1425,13134,13402,0,667,0,1,23333.0,1,0.5,2,795,545,0.6863979848866498
1426,13134,4476,0,668,1,1,21000.0,1,0.5849056603773585,106,796,546,0.6867924528301886
1427,13134,11391,0,669,2,1,6000.0,1,1.0,4,797,547,0.6871859296482412
1428,13134,9500,0,670,0,1,16000.0,1,0.75,16,798,548,0.6875784190715182
1429,13134,13500,0,671,2,1,15000.0,1,1.0,1,799,549,0.6879699248120301
1430,13134,5988,0,672,3,1,6000.0,1,0.7272727272727273,11,800,550,0.688360450563204
1431,13134,4769,0,673,1,1,13000.0,1,0.6,20,801,551,0.68875
1432,13134,4375,0,674,2,1,38000.0,1,0.8571428571428571,14,802,552,0.6891385767790262
1433,13134,13299,0,675,0,1,30000.0,1,1.0,1,803,553,0.6895261845386533
1434,13134,4257,0,676,0,0,34000.0,1,0.4166666666666667,84,804,554,0.6899128268991283
1435,13134,9015,0,677,2,1,13000.0,1,0.625,8,805,554,0.6890547263681592
1436,13134,4419,0,678,1,1,11000.0,1,0.7551020408163265,49,806,555,0.6894409937888198
1437,13134,13495,0,679,3,1,23000.0,1,0.6666666666666666,3,807,556,0.6898263027295285
1438,13134,8742,0,680,1,1,9000.0,1,0.8,5,808,557,0.6902106567534076
1439,13134,4428,0,681,0,1,29000.0,1,0.796875,64,809,558,0.6905940594059405
1440,13134,4410,0,682,3,1,29000.0,1,0.9333333333333333,15,810,559,0.6909765142150803
1441,13134,13264,0,683,0,0,11000.0,1,0.25,4,811,560,0.691358024691358
1442,13134,8560,0,684,0,1,27000.0,1,0.5833333333333334,12,812,560,0.6905055487053021
1443,13134,8717,0,685,3,1,14000.0,1,0.8571428571428571,7,813,561,0.6908866995073891
1444,13134,8640,0,686,3,1,32000.0,1,0.6470588235294118,17,814,562,0.6912669126691267
1445,13134,13274,0,687,3,1,10000.0,1,1.0,3,815,563,0.6916461916461917
1446,13134,9474,0,688,1,1,15000.0,1,0.7222222222222222,18,816,564,0.6920245398773006
1447,13134,5335,0,689,1,0,7000.0,1,0.5,70,817,565,0.6924019607843137
1448,13134,8646,0,690,3,1,50000.0,1,0.7647058823529411,17,818,565,0.6915544675642595
1449,13134,13319,0,691,2,1,23000.0,1,0.6666666666666666,3,819,566,0.6919315403422983
1450,13134,8435,0,692,0,0,26000.0,1,0.3333333333333333,3,820,567,0.6923076923076923
1451,13134,8771,0,693,0,1,15000.0,1,0.8181818181818182,11,821,567,0.6914634146341463
1452,13134,2625,0,694,1,1,4000.0,1,0.7857142857142857,14,822,568,0.6918392204628502
1453,13134,2623,0,694,2,1,4000.0,1,0.42857142857142855,14,823,569,0.6922141119221411
1454,13134,2624,0,694,1,0,4000.0,1,0.35714285714285715,14,824,570,0.692588092345079
1455,13134,13177,0,695,1,1,31000.0,1,1.0,1,825,570,0.691747572815534
1456,13134,13175,0,695,3,1,31000.0,1,1.0,1,826,571,0.6921212121212121
1457,13134,13176,0,695,0,1,31000.0,1,1.0,1,827,572,0.6924939467312349
1458,13134,2895,0,696,0,0,24333.0,1,0.4,5,828,573,0.6928657799274486
1459,13134,2897,0,696,2,0,24333.0,1,0.2,5,829,573,0.6920289855072463
1460,13134,2896,0,696,0,1,24333.0,1,0.8,5,830,573,0.6911942098914354
1461,13134,2772,0,697,2,1,42000.0,1,0.7692307692307693,13,831,574,0.691566265060241
1462,13134,2770,0,697,0,1,42000.0,1,1.0,13,832,575,0.6919374247894103
1463,13134,2771,0,697,2,1,42000.0,1,0.9230769230769231,13,833,576,0.6923076923076923
1464,13134,2600,0,698,0,0,23666.0,1,0.6,5,834,577,0.6926770708283313
1465,13134,2599,0,698,3,0,23666.0,1,0.8,5,835,577,0.6918465227817746
1466,13134,2601,0,698,1,1,23666.0,1,0.8,5,836,577,0.6910179640718563
1467,13134,13164,0,699,1,1,32000.0,1,1.0,1,837,578,0.6913875598086124
1468,13134,13165,0,699,0,1,32000.0,1,1.0,1,838,579,0.6917562724014337
1469,13134,13163,0,699,1,1,32000.0,1,1.0,1,839,580,0.6921241050119332
1470,13134,2617,0,700,0,1,25000.0,1,0.65,20,840,581,0.6924910607866508
1471,13134,2619,0,700,1,1,25000.0,1,0.65,20,841,582,0.6928571428571428
1472,13134,2618,0,700,1,1,25000.0,1,0.25,20,842,583,0.6932223543400713
1473,13134,10107,0,701,3,1,29666.0,1,0.8888888888888888,9,843,584,0.6935866983372921
1474,13134,10106,0,701,2,1,29666.0,1,0.6666666666666666,9,844,585,0.693950177935943
1475,13134,10108,0,701,1,1,29666.0,1,0.5555555555555556,9,845,586,0.6943127962085308
1476,13134,2807,0,702,1,1,21666.0,1,1.0,9,846,587,0.6946745562130178
1477,13134,2808,0,702,1,0,21666.0,1,0.6666666666666666,9,847,588,0.6950354609929078
1478,13134,2806,0,702,3,1,21666.0,1,0.7777777777777778,9,848,588,0.6942148760330579
1479,13134,12016,0,703,0,1,35000.0,1,1.0,3,849,589,0.6945754716981132
1480,13134,12147,0,704,1,1,20000.0,1,1.0,4,850,590,0.6949352179034158
1481,13134,12158,0,705,1,1,16000.0,1,1.0,2,851,591,0.6952941176470588
1482,13134,11935,0,706,3,1,19000.0,1,0.75,4,852,592,0.6956521739130435
1483,13134,11904,0,707,1,1,30000.0,1,1.0,3,853,593,0.6960093896713615
1484,13134,11960,0,708,1,1,20000.0,1,1.0,2,854,594,0.6963657678780774
1485,13134,11976,0,709,1,1,19000.0,1,0.6,5,855,595,0.6967213114754098
1486,13134,12213,0,710,3,1,18000.0,1,1.0,4,856,596,0.6970760233918128
1487,13134,12056,0,711,0,1,18000.0,1,1.0,1,857,597,0.697429906542056
1488,13134,11947,0,712,0,0,28000.0,1,0.5,4,858,598,0.6977829638273045
1489,13134,4533,0,713,3,0,19000.0,1,0.421875,64,859,598,0.696969696969697
1490,13134,13522,0,714,1,0,22000.0,1,0.5,2,860,598,0.6961583236321304
1491,13134,9275,0,715,0,0,41000.0,1,0.7,20,861,598,0.6953488372093023
1492,13134,8546,0,716,1,1,25000.0,1,0.7272727272727273,11,862,598,0.6945412311265969
1493,13134,6185,0,717,0,0,43000.0,1,0.5974025974025974,77,863,599,0.6948955916473318
1494,13134,13436,0,718,3,1,17000.0,1,1.0,2,864,599,0.694090382387022
1495,13134,4175,0,719,1,1,39000.0,1,0.5714285714285714,7,865,600,0.6944444444444444
1496,13134,5861,0,720,1,0,26000.0,1,0.6808510638297872,47,866,601,0.6947976878612717
1497,13134,11245,0,721,1,1,11000.0,1,1.0,4,867,601,0.6939953810623557
1498,13134,13465,0,722,2,1,8000.0,1,1.0,1,868,602,0.6943483275663207
1499,13134,9501,0,723,1,0,9000.0,1,0.5555555555555556,9,869,603,0.6947004608294931
1500,13134,8706,0,724,3,0,55000.0,1,0.6363636363636364,11,870,603,0.6939010356731876
1501,13134,6263,0,725,2,1,8000.0,1,0.7368421052631579,38,871,603,0.6931034482758621
1502,13134,13345,0,726,1,0,22000.0,1,0.0,2,872,604,0.6934557979334098
1503,13134,4297,0,727,1,1,7000.0,1,1.0,5,873,604,0.6926605504587156
1504,13134,6343,0,728,3,0,10000.0,1,0.8333333333333334,6,874,605,0.693012600229095
1505,13134,9255,0,729,0,0,35000.0,1,0.5555555555555556,9,875,605,0.6922196796338673
1506,13134,13400,0,730,3,0,16000.0,1,0.5,4,876,605,0.6914285714285714
1507,13134,5431,0,731,0,0,27000.0,1,0.7272727272727273,11,877,605,0.6906392694063926
1508,13134,9231,0,732,0,0,11000.0,1,0.6666666666666666,9,878,605,0.6898517673888256
1509,13134,6504,0,733,0,1,31000.0,1,0.8571428571428571,7,879,605,0.6890660592255126
1510,13134,6501,0,733,1,1,31000.0,1,0.7142857142857143,7,880,606,0.689419795221843
1511,13134,6502,0,733,0,1,31000.0,1,1.0,7,881,607,0.6897727272727273
1512,13134,6503,0,733,2,1,31000.0,1,0.42857142857142855,7,882,608,0.6901248581157775
1513,13134,8542,0,734,2,1,32250.0,1,1.0,10,883,609,0.6904761904761905
1514,13134,13443,0,735,0,1,17000.0,1,1.0,1,884,610,0.6908267270668177
1515,13134,4240,0,736,2,1,14000.0,1,0.7222222222222222,54,885,611,0.6911764705882353
1516,13134,4416,0,737,1,1,10000.0,1,0.8611111111111112,72,886,612,0.6915254237288135
1517,13134,9144,0,738,0,0,35000.0,1,0.47058823529411764,17,887,613,0.6918735891647856
1518,13134,13434,0,739,3,1,15000.0,1,1.0,2,888,613,0.6910935738444194
1519,13134,9060,0,740,1,1,4000.0,1,0.8461538461538461,13,889,614,0.6914414414414415
1520,13134,4256,0,741,1,0,7000.0,1,0.6981132075471698,53,890,615,0.6917885264341957
1521,13134,11110,0,742,2,1,5000.0,1,1.0,5,891,615,0.6910112359550562
1522,13134,11109,0,742,2,1,5000.0,1,1.0,5,892,616,0.691358024691358
1523,13134,11108,0,742,0,0,5000.0,1,0.4,5,893,617,0.6917040358744395
1524,13134,11107,0,742,2,1,5000.0,1,1.0,5,894,617,0.6909294512877939
1525,13134,3643,0,743,3,0,12750.0,1,0.4909090909090909,55,895,618,0.6912751677852349
1526,13134,13324,0,744,2,1,18000.0,1,0.5,2,896,618,0.6905027932960894
1527,13134,5241,0,745,2,0,37000.0,1,0.5,44,897,619,0.6908482142857143
1528,13134,4020,0,746,3,0,30000.0,1,0.375,48,898,619,0.6900780379041248
1529,13134,4811,0,747,1,0,19000.0,1,0.38095238095238093,21,899,619,0.6893095768374164
1530,13134,13318,0,748,1,0,5000.0,1,0.5,2,900,619,0.6885428253615128
1531,13134,9283,0,749,1,1,18000.0,1,0.4936708860759494,79,901,619,0.6877777777777778
1532,13134,8175,0,750,0,0,38000.0,1,0.42105263157894735,19,902,620,0.6881243063263041
1533,13134,8529,0,751,3,0,20000.0,1,0.6153846153846154,13,903,620,0.6873614190687362
1534,13134,10518,0,752,2,1,14000.0,1,0.35,20,904,620,0.6866002214839424
1535,13134,7964,0,753,2,0,31000.0,1,0.45901639344262296,61,905,621,0.6869469026548672
1536,13134,134,0,754,1,0,33000.0,1,0.423728813559322,59,906,621,0.6861878453038674
1537,13134,13137,0,755,2,1,25000.0,1,1.0,1,907,621,0.6854304635761589
1538,13134,13138,0,755,0,1,25000.0,1,1.0,1,908,622,0.6857772877618522
1539,13134,13136,0,755,0,1,25000.0,1,1.0,1,909,623,0.6861233480176211
1540,13134,3413,0,756,1,1,21666.0,1,0.8,10,910,624,0.6864686468646864
1541,13134,3412,0,756,1,1,21666.0,1,1.0,10,911,625,0.6868131868131868
1542,13134,3411,0,756,1,1,21666.0,1,1.0,10,912,626,0.6871569703622393
1543,13134,2501,0,757,2,0,26000.0,1,0.6923076923076923,13,913,627,0.6875
1544,13134,2500,0,757,3,1,26000.0,1,0.5384615384615384,13,914,627,0.6867469879518072
1545,13134,2502,0,757,3,0,26000.0,1,0.3076923076923077,13,915,628,0.687089715536105
1546,13134,13292,0,758,2,1,24333.0,1,0.5,2,916,628,0.6863387978142077
1547,13134,4766,0,759,3,0,30000.0,1,0.7222222222222222,54,917,629,0.6866812227074236
1548,13134,9079,0,760,0,1,11000.0,1,0.9090909090909091,11,918,629,0.6859323882224646
1549,13134,9992,0,761,0,1,28000.0,1,0.8571428571428571,7,919,630,0.6862745098039216
1550,13134,13298,0,762,1,1,45000.0,1,0.5,2,920,631,0.6866158868335147
1551,13134,5339,0,763,1,0,17000.0,1,0.5061728395061729,81,921,632,0.6869565217391305
1552,13134,5247,0,764,3,1,48000.0,1,0.6666666666666666,57,922,632,0.6862106406080347
1553,13134,5450,0,765,1,0,34000.0,1,0.6875,16,923,633,0.6865509761388287
1554,13134,13353,0,766,2,0,12000.0,1,0.5,2,924,633,0.685807150595883
1555,13134,12268,0,767,0,1,9000.0,1,1.0,3,925,633,0.685064935064935
1556,13134,12110,0,768,0,1,17000.0,1,0.8,5,926,634,0.6854054054054054
1557,13134,11902,0,769,1,1,14000.0,1,1.0,4,927,635,0.6857451403887689
1558,13134,12023,0,770,0,0,10000.0,1,0.3333333333333333,3,928,636,0.686084142394822
1559,13134,3504,0,771,0,1,23000.0,1,1.0,7,929,636,0.6853448275862069
1560,13134,3505,0,771,0,1,23000.0,1,0.8571428571428571,7,930,637,0.6856835306781486
1561,13134,3506,0,771,2,1,23000.0,1,0.7142857142857143,7,931,638,0.6860215053763441
1562,13134,9898,0,772,2,1,26666.0,1,0.7142857142857143,7,932,639,0.686358754027927
1563,13134,5401,0,773,1,1,14000.0,1,0.8888888888888888,18,933,640,0.6866952789699571
1564,13134,4821,0,774,3,0,11000.0,1,0.5,108,934,641,0.6870310825294748
1565,13134,13505,0,775,0,1,4000.0,1,0.6666666666666666,3,935,641,0.6862955032119914
1566,13134,3842,0,776,1,1,34000.0,1,0.7692307692307693,13,936,642,0.6866310160427808
1567,13134,11260,0,777,2,1,21000.0,1,0.4,15,937,643,0.686965811965812
1568,13134,8402,0,778,0,1,21000.0,1,0.625,16,938,644,0.687299893276414
1569,13134,13451,0,779,1,0,32000.0,1,0.0,2,939,645,0.6876332622601279
1570,13134,9461,0,780,1,1,30000.0,1,0.9090909090909091,11,940,645,0.6869009584664537
1571,13134,8005,0,781,2,1,27000.0,1,1.0,11,941,646,0.6872340425531915
1572,13134,11348,0,782,3,1,11000.0,1,1.0,7,942,647,0.6875664187035069
1573,13134,13448,0,783,3,1,24000.0,1,1.0,2,943,648,0.6878980891719745
1574,13134,5840,0,784,3,0,11000.0,1,0.8,10,944,649,0.6882290562036055
1575,13134,9806,0,785,1,1,14000.0,1,0.8,5,945,649,0.6875
1576,13134,5256,0,786,2,1,11000.0,1,0.5813953488372093,43,946,650,0.6878306878306878
1577,13134,13388,0,787,3,1,48000.0,1,0.5,2,947,651,0.6881606765327696
1578,13134,4436,0,788,0,0,52000.0,1,0.46153846153846156,39,948,652,0.6884899683210137
1579,13134,11421,0,789,0,1,17000.0,1,0.6666666666666666,12,949,652,0.6877637130801688
1580,13134,4496,0,790,0,1,19000.0,1,0.6823529411764706,85,950,653,0.6880927291886196
1581,13134,13261,0,791,0,1,32000.0,1,1.0,1,951,654,0.6884210526315789
1582,13134,6318,0,792,0,1,31000.0,1,0.6413043478260869,92,952,655,0.6887486855941115
1583,13134,8609,0,793,3,0,55000.0,1,0.3076923076923077,13,953,656,0.6890756302521008
1584,13134,5518,0,794,1,1,18000.0,1,0.7647058823529411,17,954,656,0.6883525708289612
1585,13134,13483,0,795,1,1,15000.0,1,1.0,3,955,657,0.6886792452830188
1586,13134,11342,0,796,2,1,3000.0,1,0.8,5,956,658,0.6890052356020943
1587,13134,4838,0,797,3,1,18000.0,1,0.625,8,957,659,0.6893305439330544
1588,13134,5166,0,798,3,0,18000.0,1,0.6666666666666666,39,958,660,0.6896551724137931
1589,13134,13303,0,799,0,1,40000.0,1,0.5,2,959,660,0.6889352818371608
1590,13134,11232,0,800,0,1,66000.0,1,0.8,5,960,661,0.6892596454640251
1591,13134,4500,0,801,2,0,25000.0,1,0.48,25,961,662,0.6895833333333333
1592,13134,6673,0,802,3,1,39000.0,1,0.6964285714285714,56,962,662,0.6888657648283039
1593,13134,13510,0,803,0,1,36000.0,1,1.0,4,963,663,0.6891891891891891
1594,13134,11604,0,804,3,0,18000.0,1,0.5714285714285714,7,964,664,0.6895119418483905
1595,13134,11605,0,804,2,1,18000.0,1,0.42857142857142855,7,965,664,0.6887966804979253
1596,13134,11603,0,804,3,1,18000.0,1,0.8571428571428571,7,966,665,0.689119170984456
1597,13134,13066,0,805,1,1,30666.0,1,1.0,1,967,666,0.6894409937888198
1598,13134,13065,0,805,3,1,30666.0,1,1.0,1,968,667,0.6897621509824199
1599,13134,13064,0,805,0,0,30666.0,1,0.0,1,969,668,0.6900826446280992
1600,13134,12777,0,806,3,1,36333.0,1,1.0,1,970,668,0.6893704850361198
1601,13134,175,0,807,2,1,20000.0,1,0.34172661870503596,278,971,669,0.6896907216494845
1602,13134,24,0,808,0,0,28000.0,1,0.6956521739130435,23,972,670,0.690010298661174
1603,13134,10409,0,809,3,1,59000.0,1,0.5,10,973,670,0.6893004115226338
1604,13134,12694,0,810,0,1,23000.0,1,1.0,1,974,671,0.6896197327852004
1605,13134,180,0,811,2,1,23000.0,1,0.5357142857142857,28,975,672,0.6899383983572895
1606,13134,194,0,812,3,1,25000.0,1,0.775,40,976,673,0.6902564102564103
1607,13134,3599,0,813,1,1,18000.0,1,0.8214285714285714,28,977,674,0.6905737704918032
1608,13134,6260,0,814,3,1,33000.0,1,0.75,28,978,675,0.6908904810644831
1609,13134,5429,0,815,0,1,24000.0,1,0.8235294117647058,17,979,676,0.6912065439672802
1610,13134,13386,0,816,2,1,12000.0,1,1.0,3,980,677,0.6915219611848825
1611,13134,5117,0,817,2,1,42000.0,1,1.0,5,981,678,0.6918367346938775
1612,13134,4391,0,818,3,1,20000.0,1,1.0,5,982,679,0.6921508664627931
1613,13134,8616,0,819,3,0,16000.0,1,0.6153846153846154,13,983,680,0.6924643584521385
1614,13134,13285,0,820,2,1,12000.0,1,1.0,4,984,680,0.6917599186164801
1615,13134,9467,0,821,0,1,18000.0,1,0.7142857142857143,7,985,681,0.6920731707317073
1616,13134,3949,0,822,2,1,23000.0,1,0.8333333333333334,6,986,682,0.6923857868020304
1617,13134,11405,0,823,3,1,7000.0,1,0.8888888888888888,9,987,683,0.6926977687626775
1618,13134,13315,0,824,0,1,18000.0,1,1.0,3,988,684,0.6930091185410334
1619,13134,11713,0,825,1,0,6000.0,1,0.6,5,989,685,0.6933198380566802
1620,13134,12042,0,826,3,1,19000.0,1,1.0,4,990,685,0.6926188068756319
1621,13134,12178,0,827,3,1,18000.0,1,0.75,4,991,686,0.692929292929293
1622,13134,12122,0,828,1,1,18000.0,1,1.0,4,992,687,0.693239152371342
1623,13134,11939,0,829,1,0,26000.0,1,0.6666666666666666,3,993,688,0.6935483870967742
1624,13134,12211,0,830,3,1,26000.0,1,0.6666666666666666,3,994,688,0.6928499496475328
1625,13134,11885,0,831,1,1,35000.0,1,0.75,4,995,689,0.693158953722334
1626,13134,12251,0,832,0,1,12000.0,1,1.0,2,996,690,0.6934673366834171
1627,13134,3161,0,834,1,1,19000.0,1,0.6363636363636364,11,997,691,0.6937751004016064
1628,13134,3160,0,834,2,1,19000.0,1,1.0,11,998,692,0.6940822467402207
1629,13134,3159,0,834,0,1,19000.0,1,0.7272727272727273,11,999,693,0.6943887775551102
1630,13134,11816,0,835,3,1,44333.0,1,1.0,1,1000,694,0.6946946946946947
1631,13134,11815,0,835,0,1,44333.0,1,1.0,1,1001,695,0.695
1632,13134,11817,0,835,3,1,44333.0,1,1.0,1,1002,696,0.6953046953046953
1633,13134,11901,0,836,0,1,24666.0,1,0.6666666666666666,3,1003,697,0.6956087824351297
1634,13134,6078,0,833,0,1,31000.0,1,0.6,40,1004,698,0.6959122632103689
1635,13134,5336,0,837,3,1,23000.0,1,0.5625,16,1005,699,0.6962151394422311
1636,13134,13358,0,838,1,0,10000.0,1,0.5,2,1006,700,0.6965174129353234
1637,13134,11929,0,839,0,0,33000.0,1,0.7142857142857143,7,1007,700,0.6958250497017893
1638,13134,11975,0,840,1,1,24000.0,1,1.0,3,1008,700,0.6951340615690169
1639,13134,12179,0,841,1,0,20000.0,1,0.75,4,1009,701,0.6954365079365079
1640,13134,12246,0,842,0,1,18000.0,1,1.0,2,1010,701,0.6947472745292369
1641,13134,12060,0,843,3,1,19000.0,1,1.0,3,1011,702,0.695049504950495
1642,13134,11973,0,844,0,1,20000.0,1,1.0,4,1012,703,0.695351137487636
1643,13134,12136,0,845,1,1,16000.0,1,1.0,3,1013,704,0.6956521739130435
1644,13134,12114,0,846,0,1,10000.0,1,1.0,3,1014,705,0.6959526159921027
1645,13134,11985,0,847,1,1,17000.0,1,0.5,2,1015,706,0.6962524654832347
1646,13134,12245,0,848,1,1,20000.0,1,1.0,1,1016,707,0.696551724137931
1647,13134,12012,0,849,0,1,10000.0,1,0.6666666666666666,6,1017,708,0.6968503937007874
1648,13134,12175,0,850,1,1,16000.0,1,0.75,4,1018,709,0.6971484759095379
1649,13134,12193,0,851,3,0,17000.0,1,0.5,2,1019,710,0.6974459724950884
1650,13134,12006,0,852,0,1,19000.0,1,0.5,2,1020,710,0.6967615309126595
1651,13134,12224,0,853,0,1,22000.0,1,1.0,3,1021,711,0.6970588235294117
1652,13134,11912,0,854,3,1,13000.0,1,1.0,1,1022,712,0.6973555337904016
1653,13134,11934,0,855,3,1,20000.0,1,0.6666666666666666,3,1023,713,0.6976516634050881
1654,13134,12098,0,856,3,1,18000.0,1,1.0,4,1024,714,0.6979472140762464
1655,13134,12135,0,857,3,1,17000.0,1,0.5,2,1025,715,0.6982421875
1656,13134,11998,0,858,0,1,18000.0,1,1.0,1,1026,716,0.6985365853658536
1657,13134,11943,0,859,0,0,16000.0,1,0.6,5,1027,717,0.6988304093567251
1658,13134,12106,0,860,0,1,19000.0,1,0.8,5,1028,717,0.6981499513145083
1659,13134,12109,0,861,0,1,12000.0,1,0.75,4,1029,718,0.6984435797665369
1660,13134,11915,0,862,3,1,13000.0,1,0.25,4,1030,719,0.6987366375121478
1661,13134,12155,0,863,3,0,19000.0,1,0.0,3,1031,720,0.6990291262135923
1662,13134,5030,0,864,0,1,33000.0,1,0.8,40,1032,720,0.6983511154219205
1663,13134,4038,0,865,2,0,22000.0,1,0.8,10,1033,721,0.6986434108527132
1664,13134,4465,0,866,2,0,24000.0,1,0.4473684210526316,38,1034,721,0.6979670861568248
1665,13134,13384,0,867,3,1,26000.0,1,0.6666666666666666,3,1035,721,0.6972920696324951
1666,13134,11710,0,868,0,0,27000.0,1,0.4,5,1036,722,0.6975845410628019
1667,13134,11435,0,869,2,1,13000.0,1,0.7,10,1037,722,0.696911196911197
1668,13134,9259,0,870,0,0,40000.0,1,0.4891304347826087,92,1038,723,0.6972034715525555
1669,13134,13326,0,871,2,0,32000.0,1,0.6,5,1039,723,0.6965317919075145
1670,13134,12069,0,872,3,1,84000.0,1,1.0,4,1040,723,0.6958614051973051
1671,13134,12242,0,873,1,0,19000.0,1,0.4,5,1041,724,0.6961538461538461
1672,13134,12137,0,874,1,1,20000.0,1,1.0,4,1042,724,0.6954851104707013
1673,13134,12119,0,875,3,1,18000.0,1,1.0,3,1043,725,0.6957773512476008
1674,13134,12124,0,876,3,1,17000.0,1,0.8333333333333334,6,1044,726,0.6960690316395014
1675,13134,12215,0,877,0,1,20000.0,1,1.0,5,1045,727,0.696360153256705
1676,13134,11916,0,878,3,1,15000.0,1,1.0,3,1046,728,0.6966507177033493
1677,13134,12194,0,879,1,1,18000.0,1,0.6666666666666666,3,1047,729,0.6969407265774379
1678,13134,12054,0,880,1,1,13000.0,1,0.5,4,1048,730,0.6972301814708691
1679,13134,11941,0,881,3,0,13000.0,1,0.0,2,1049,731,0.6975190839694656
1680,13134,3171,0,882,1,1,18000.0,1,0.6666666666666666,6,1050,731,0.6968541468064824
1681,13134,3173,0,882,0,1,18000.0,1,0.8333333333333334,6,1051,732,0.6971428571428572
1682,13134,3172,0,882,0,0,18000.0,1,0.3333333333333333,6,1052,733,0.6974310180780209
1683,13134,157,0,883,0,0,33333.0,1,0.6481481481481481,54,1053,733,0.6967680608365019
1684,13134,12707,0,884,2,1,23000.0,1,1.0,1,1054,733,0.6961063627730294
1685,13134,10640,0,885,3,1,21000.0,1,0.7142857142857143,14,1055,734,0.6963946869070209
1686,13134,7903,0,886,3,0,18000.0,1,0.42857142857142855,49,1056,735,0.6966824644549763
1687,13134,55,0,887,3,1,22000.0,1,0.6285714285714286,70,1057,735,0.6960227272727273
1688,13134,12692,0,888,3,1,31000.0,1,1.0,1,1058,736,0.6963103122043519
1689,13134,10426,0,889,1,1,21000.0,1,0.42857142857142855,14,1059,737,0.6965973534971645
1690,13134,10568,0,890,0,1,28000.0,1,0.5555555555555556,9,1060,738,0.6968838526912181
1691,13134,10431,0,891,2,1,23000.0,1,0.7777777777777778,18,1061,739,0.6971698113207547
1692,13134,12745,0,892,3,1,27000.0,1,1.0,1,1062,740,0.6974552309142319
1693,13134,10418,0,893,2,0,21000.0,1,0.42857142857142855,21,1063,741,0.6977401129943502
1694,13134,11932,0,894,0,1,28000.0,1,0.8,5,1064,741,0.6970837253057385
1695,13134,12203,0,895,0,1,16000.0,1,1.0,2,1065,742,0.6973684210526315
1696,13134,12164,0,896,0,1,18000.0,1,1.0,4,1066,743,0.6976525821596244
1697,13134,12243,0,897,1,1,15000.0,1,1.0,3,1067,744,0.6979362101313321
1698,13134,12011,0,898,3,1,11000.0,1,0.5,2,1068,745,0.6982193064667291
1699,13134,12013,0,899,3,1,15000.0,1,0.75,4,1069,746,0.6985018726591761
1700,13134,12236,0,900,1,1,18000.0,1,0.6666666666666666,3,1070,747,0.6987839101964453
1701,13134,12257,0,901,0,1,22000.0,1,1.0,2,1071,748,0.6990654205607477
1702,13134,12115,0,902,1,1,19000.0,1,1.0,2,1072,749,0.6993464052287581
1703,13134,13059,0,904,0,0,17000.0,1,0.0,1,1073,750,0.6996268656716418
1704,13134,13058,0,904,3,0,17000.0,1,0.0,1,1074,750,0.6989748369058714
1705,13134,13060,0,904,3,0,17000.0,1,0.0,1,1075,750,0.6983240223463687
1706,13134,9247,0,905,3,0,35000.0,1,0.5454545454545454,11,1076,750,0.6976744186046512
1707,13134,9129,0,906,1,1,15000.0,1,0.7857142857142857,14,1077,750,0.6970260223048327
1708,13134,11909,0,903,0,1,12000.0,1,0.3333333333333333,3,1078,751,0.6973073351903436
1709,13134,5202,0,907,3,1,14000.0,1,0.5897435897435898,39,1079,752,0.6975881261595547
1710,13134,12095,0,908,0,1,24000.0,1,1.0,1,1080,753,0.6978683966635774
1711,13134,12029,0,909,1,1,18000.0,1,1.0,2,1081,754,0.6981481481481482
1712,13134,12206,0,910,3,1,10000.0,1,0.5,2,1082,755,0.6984273820536541
1713,13134,11994,0,911,3,1,22000.0,1,0.8,5,1083,756,0.6987060998151571
1714,13134,12093,0,912,3,1,16000.0,1,1.0,3,1084,757,0.6989843028624192
1715,13134,12157,0,913,3,1,20000.0,1,0.6,5,1085,758,0.6992619926199262
1716,13134,12238,0,914,1,1,18000.0,1,1.0,3,1086,759,0.6995391705069124
1717,13134,12149,0,915,0,1,21000.0,1,1.0,2,1087,760,0.6998158379373849
1718,13134,11997,0,916,1,1,17000.0,1,1.0,2,1088,761,0.7000919963201472
1719,13134,11951,0,917,3,1,10000.0,1,1.0,3,1089,762,0.7003676470588235
1720,13134,3061,0,918,3,1,17000.0,1,0.75,12,1090,763,0.7006427915518825
1721,13134,3060,0,918,0,1,17000.0,1,0.6666666666666666,12,1091,764,0.7009174311926606
1722,13134,3062,0,918,0,0,17000.0,1,0.5833333333333334,12,1092,765,0.7011915673693859
1723,13134,2554,0,919,3,1,29666.0,1,0.875,8,1093,765,0.7005494505494505
1724,13134,2555,0,919,1,0,29666.0,1,0.75,8,1094,766,0.7008234217749314
1725,13134,2556,0,919,1,1,29666.0,1,0.75,8,1095,766,0.70018281535649
1726,13134,3250,0,920,1,1,31000.0,1,0.6428571428571429,14,1096,767,0.7004566210045662
1727,13134,3251,0,920,3,1,31000.0,1,0.6428571428571429,14,1097,768,0.7007299270072993
1728,13134,3249,0,920,1,1,31000.0,1,0.7857142857142857,14,1098,769,0.7010027347310848
1729,13134,13503,0,921,1,0,29000.0,1,0.0,1,1099,770,0.7012750455373407
1730,13134,3852,0,922,3,0,11000.0,1,0.6,75,1100,770,0.7006369426751592
1731,13134,9234,0,923,3,0,13000.0,1,0.6363636363636364,11,1101,770,0.7
1732,13134,8613,0,924,3,1,10000.0,1,0.9090909090909091,11,1102,770,0.6993642143505904
1733,13134,13317,0,925,2,0,9000.0,1,0.5,2,1103,771,0.6996370235934665
1734,13134,8810,0,926,3,0,26000.0,1,0.6666666666666666,6,1104,771,0.6990027198549411
1735,13134,8629,0,927,0,1,36000.0,1,0.7272727272727273,11,1105,771,0.6983695652173914
1736,13134,5603,0,928,0,1,6000.0,1,1.0,3,1106,772,0.6986425339366515
1737,13134,13403,0,929,0,1,13000.0,1,1.0,2,1107,773,0.6989150090415913
1738,13134,8767,0,930,3,0,15000.0,1,0.46153846153846156,13,1108,774,0.6991869918699187
1739,13134,8400,0,931,1,1,9000.0,1,0.6428571428571429,14,1109,774,0.6985559566787004
1740,13134,8397,0,932,0,0,43000.0,1,0.2857142857142857,14,1110,775,0.6988277727682597
1741,13134,13325,0,933,0,1,44000.0,1,1.0,1,1111,775,0.6981981981981982
1742,13134,5264,0,934,1,1,15000.0,1,0.6176470588235294,34,1112,776,0.6984698469846985
1743,13134,8645,0,935,0,1,26000.0,1,0.8,20,1113,777,0.6987410071942446
1744,13134,12014,0,936,1,1,37000.0,1,1.0,3,1114,778,0.6990116801437556
1745,13134,12074,0,937,0,1,20000.0,1,0.75,4,1115,779,0.699281867145422
1746,13134,12142,0,938,1,1,18000.0,1,1.0,4,1116,780,0.6995515695067265
1747,13134,12094,0,939,3,1,18000.0,1,0.6666666666666666,3,1117,781,0.6998207885304659
1748,13134,11946,0,940,3,1,18000.0,1,1.0,2,1118,782,0.7000895255147717
1749,13134,12125,0,941,0,1,26000.0,1,1.0,4,1119,783,0.7003577817531306
1750,13134,12077,0,942,0,1,14000.0,1,1.0,2,1120,784,0.7006255585344057
1751,13134,12057,0,943,3,1,15000.0,1,1.0,2,1121,785,0.7008928571428571
1752,13134,12168,0,944,1,1,19000.0,1,1.0,3,1122,786,0.7011596788581623
1753,13134,12140,0,945,1,1,18000.0,1,1.0,4,1123,787,0.7014260249554367
1754,13134,11879,0,946,3,1,11000.0,1,1.0,1,1124,788,0.7016918967052538
1755,13134,12078,0,947,3,0,23000.0,1,0.75,4,1125,789,0.7019572953736655
1756,13134,4995,0,948,3,1,23000.0,1,0.5072463768115942,138,1126,789,0.7013333333333334
1757,13134,13494,0,949,2,1,2000.0,1,1.0,2,1127,790,0.7015985790408525
1758,13134,3642,0,950,2,1,13000.0,1,0.4857142857142857,70,1128,791,0.7018633540372671
1759,13134,3955,0,951,3,1,26000.0,1,0.7777777777777778,9,1129,792,0.7021276595744681
1760,13134,3958,0,952,3,1,13000.0,1,0.875,8,1130,793,0.7023914968999114
1761,13134,13361,0,953,0,1,18000.0,1,0.6666666666666666,3,1131,794,0.7026548672566372
1762,13134,3717,0,954,1,1,30000.0,1,0.5648148148148148,108,1132,795,0.7029177718832891
1763,13134,11476,0,955,1,1,12000.0,1,0.8888888888888888,9,1133,796,0.7031802120141343
1764,13134,11431,0,956,0,1,3000.0,1,0.6153846153846154,13,1134,797,0.703442188879082
1765,13134,13519,0,957,3,1,8000.0,1,1.0,1,1135,798,0.7037037037037037
1766,13134,4585,0,958,0,1,32000.0,1,0.8461538461538461,13,1136,799,0.7039647577092512
1767,13134,4421,0,959,0,0,16000.0,1,0.6774193548387096,62,1137,800,0.704225352112676
1768,13134,9153,0,960,0,1,7000.0,1,1.0,7,1138,800,0.7036059806508356
1769,13134,13455,0,961,1,1,14000.0,1,1.0,1,1139,801,0.7038664323374341
1770,13134,4215,0,962,3,0,13000.0,1,0.6470588235294118,17,1140,802,0.704126426690079
1771,13134,11422,0,963,2,1,17000.0,1,0.6666666666666666,6,1141,802,0.7035087719298245
1772,13134,11247,0,964,1,0,5000.0,1,0.5,2,1142,803,0.7037686240140227
1773,13134,12067,0,965,0,1,21000.0,1,0.75,4,1143,803,0.7031523642732049
1774,13134,12005,0,966,3,1,15000.0,1,0.6666666666666666,3,1144,804,0.7034120734908137
1775,13134,12089,0,967,1,1,17000.0,1,0.6666666666666666,3,1145,805,0.7036713286713286
1776,13134,11874,0,968,0,1,18000.0,1,0.6666666666666666,3,1146,806,0.7039301310043669
1777,13134,11956,0,969,1,1,23000.0,1,1.0,2,1147,807,0.7041884816753927
1778,13134,12221,0,970,3,1,12000.0,1,1.0,4,1148,808,0.7044463818657367
1779,13134,12051,0,971,1,1,18000.0,1,1.0,6,1149,809,0.7047038327526133
1780,13134,11981,0,972,1,1,25000.0,1,1.0,2,1150,810,0.7049608355091384
1781,13134,12100,0,973,1,0,18000.0,1,0.0,5,1151,811,0.7052173913043478
1782,13134,11906,0,974,1,0,19000.0,1,0.75,4,1152,811,0.7046046915725456
1783,13134,13173,0,975,1,1,12000.0,1,1.0,1,1153,811,0.7039930555555556
1784,13134,13174,0,975,3,1,12000.0,1,1.0,1,1154,812,0.7042497831743278
1785,13134,13172,0,975,1,0,12000.0,1,0.0,1,1155,813,0.7045060658578857
1786,13134,3135,0,976,3,1,24666.0,1,1.0,7,1156,813,0.7038961038961039
1787,13134,3137,0,976,1,0,24666.0,1,0.2857142857142857,7,1157,814,0.7041522491349481
1788,13134,3136,0,976,3,1,24666.0,1,0.8571428571428571,7,1158,814,0.7035436473638721
1789,13134,10124,0,977,2,1,27333.0,1,0.6153846153846154,13,1159,815,0.7037996545768567
1790,13134,10125,0,977,0,1,27333.0,1,0.9230769230769231,13,1160,816,0.7040552200172563
1791,13134,10126,0,977,1,0,27333.0,1,0.3076923076923077,13,1161,817,0.7043103448275863
1792,13134,10723,0,978,2,1,26333.0,1,0.6428571428571429,14,1162,817,0.7037037037037037
1793,13134,10724,0,978,1,1,26333.0,1,0.9285714285714286,14,1163,818,0.7039586919104991
1794,13134,10722,0,978,3,1,26333.0,1,0.7857142857142857,14,1164,819,0.704213241616509
1795,13134,13088,0,979,3,1,27333.0,1,1.0,1,1165,820,0.7044673539518901
1796,13134,13090,0,979,0,1,27333.0,1,1.0,1,1166,821,0.7047210300429184
1797,13134,13089,0,979,0,1,27333.0,1,1.0,1,1167,822,0.7049742710120068
1798,13134,3339,0,980,0,1,33000.0,1,0.875,8,1168,823,0.7052270779777207
1799,13134,3341,0,980,1,0,33000.0,1,0.75,8,1169,824,0.7054794520547946
1800,13134,3340,0,980,3,1,33000.0,1,1.0,8,1170,824,0.7048759623609923
1801,13134,10666,0,981,2,1,28666.0,1,0.6,10,1171,825,0.7051282051282052
1802,13134,10512,0,982,1,0,24000.0,1,0.6666666666666666,15,1172,826,0.7053800170794193
1803,13134,12655,0,983,2,1,30000.0,1,1.0,1,1173,826,0.7047781569965871
1804,13134,10534,0,984,2,1,24000.0,1,0.6363636363636364,11,1174,827,0.7050298380221653
1805,13134,10514,0,985,1,1,22000.0,1,0.9285714285714286,14,1175,828,0.7052810902896082
1806,13134,10522,0,986,2,1,24000.0,1,0.8888888888888888,9,1176,829,0.705531914893617
1807,13134,12774,0,987,1,1,26000.0,1,1.0,1,1177,830,0.70578231292517
1808,13134,10622,0,988,0,0,22000.0,1,0.9090909090909091,11,1178,831,0.7060322854715378
1809,13134,10458,0,989,2,1,22000.0,1,0.8666666666666667,15,1179,831,0.7054329371816639
1810,13134,10449,0,990,1,1,23000.0,1,0.75,8,1180,832,0.7056827820186599
1811,13134,13449,0,991,0,1,11000.0,1,1.0,3,1181,833,0.7059322033898305
1812,13134,6460,0,992,2,0,20000.0,1,0.2962962962962963,27,1182,834,0.7061812023708721
1813,13134,9682,0,993,3,1,24000.0,1,0.3076923076923077,13,1183,834,0.7055837563451777
1814,13134,6649,0,994,0,0,20000.0,1,0.32,25,1184,835,0.705832628909552
1815,13134,12117,0,995,3,1,34000.0,1,1.0,2,1185,835,0.7052364864864865
1816,13134,12027,0,996,0,1,16000.0,1,0.6,5,1186,836,0.7054852320675106
1817,13134,11920,0,997,0,1,17000.0,1,0.6666666666666666,3,1187,837,0.7057335581787522
1818,13134,12052,0,998,1,1,14000.0,1,1.0,2,1188,838,0.7059814658803707
1819,13134,12248,0,999,1,1,12000.0,1,1.0,4,1189,839,0.7062289562289562
1820,13134,12225,0,1000,0,1,23000.0,1,1.0,7,1190,840,0.7064760302775441
1821,13134,11945,0,1001,0,1,16000.0,1,1.0,5,1191,841,0.7067226890756303
1822,13134,12204,0,1002,0,1,15000.0,1,1.0,5,1192,842,0.7069689336691856
1823,13134,12187,0,1003,1,1,13000.0,1,1.0,3,1193,843,0.7072147651006712
1824,13134,11968,0,1004,3,1,16000.0,1,1.0,4,1194,844,0.7074601844090528
1825,13134,11955,0,1005,3,0,13000.0,1,0.6,5,1195,845,0.7077051926298158
1826,13134,3115,0,1006,0,1,19000.0,1,0.4074074074074074,27,1196,845,0.7071129707112971
1827,13134,3114,0,1006,3,0,19000.0,1,0.25925925925925924,27,1197,846,0.7073578595317725
1828,13134,3116,0,1006,3,1,19000.0,1,0.7777777777777778,27,1198,846,0.706766917293233
1829,13134,3348,0,1007,0,1,27000.0,1,0.22727272727272727,22,1199,847,0.7070116861435726
1830,13134,3349,0,1007,1,1,27000.0,1,0.7727272727272727,22,1200,848,0.707256046705588
1831,13134,3350,0,1007,2,1,27000.0,1,0.7727272727272727,22,1201,849,0.7075
1832,13134,13061,0,1008,2,1,29666.0,1,1.0,1,1202,850,0.7077435470441299
1833,13134,13063,0,1008,1,1,29666.0,1,1.0,1,1203,851,0.7079866888519135
1834,13134,13062,0,1008,2,1,29666.0,1,1.0,1,1204,852,0.7082294264339152
1835,13134,3178,0,1009,1,0,27000.0,1,0.5555555555555556,27,1205,853,0.7084717607973422
1836,13134,3179,0,1009,2,0,27000.0,1,0.3333333333333333,27,1206,853,0.7078838174273859
1837,13134,3177,0,1009,1,1,27000.0,1,0.9259259259259259,27,1207,853,0.7072968490878938
1838,13134,12022,0,1010,3,1,32333.0,1,0.8,5,1208,854,0.7075393537696769
1839,13134,11930,0,1011,1,1,15000.0,1,1.0,2,1209,855,0.7077814569536424
1840,13134,12180,0,1012,1,1,16000.0,1,0.6666666666666666,3,1210,856,0.7080231596360629
1841,13134,12000,0,1013,0,0,11000.0,1,0.2,5,1211,857,0.7082644628099174
1842,13134,12188,0,1014,0,1,19000.0,1,1.0,3,1212,857,0.7076796036333609
1843,13134,11882,0,1015,3,1,18000.0,1,0.6666666666666666,3,1213,858,0.7079207920792079
1844,13134,12133,0,1016,1,1,19000.0,1,1.0,2,1214,859,0.708161582852432
1845,13134,12219,0,1017,1,1,20000.0,1,0.5,2,1215,860,0.7084019769357496
1846,13134,12182,0,1018,1,1,19000.0,1,1.0,3,1216,861,0.7086419753086419
1847,13134,11940,0,1019,3,1,17000.0,1,0.5,2,1217,862,0.7088815789473685
1848,13134,12223,0,1020,1,1,20000.0,1,1.0,3,1218,863,0.7091207888249794
1849,13134,12228,0,1021,3,1,20000.0,1,1.0,4,1219,864,0.7093596059113301
1850,13134,11926,0,1022,3,0,17000.0,1,0.3333333333333333,3,1220,865,0.7095980311730927
1851,13134,12049,0,1023,3,1,22000.0,1,1.0,4,1221,865,0.7090163934426229
1852,13134,11924,0,1024,0,1,18000.0,1,1.0,6,1222,866,0.7092547092547092
1853,13134,12267,0,1025,3,1,20000.0,1,0.5,4,1223,867,0.70949263502455
1854,13134,12144,0,1026,0,0,18000.0,1,0.3333333333333333,3,1224,868,0.7097301717089125
1855,13134,12590,0,1027,0,1,21000.0,1,1.0,1,1225,868,0.7091503267973857
1856,13134,10627,0,1028,0,0,14000.0,1,0.631578947368421,19,1226,869,0.7093877551020408
1857,13134,186,0,1029,3,0,29000.0,1,0.6774193548387096,31,1227,869,0.7088091353996737
1858,13134,6,0,1030,3,0,33000.0,1,0.44871794871794873,78,1228,869,0.7082314588427058
1859,13134,13310,0,1031,2,1,20000.0,1,0.75,4,1229,869,0.7076547231270358
1860,13134,4987,0,1032,1,0,36000.0,1,0.34328358208955223,67,1230,870,0.7078925956061839
1861,13134,3878,0,1033,0,0,35000.0,1,0.22988505747126436,174,1231,870,0.7073170731707317
1862,13134,8632,0,1034,3,0,15000.0,1,0.20833333333333334,24,1232,870,0.7067424857839155
1863,13134,13442,0,1035,0,1,12000.0,1,1.0,1,1233,870,0.7061688311688312
1864,13134,11231,0,1036,0,0,23000.0,1,0.2222222222222222,9,1234,871,0.7064071370640713
1865,13134,12691,0,1038,0,1,11000.0,1,1.0,1,1235,871,0.7058346839546191
1866,13134,10660,0,1039,1,1,27000.0,1,1.0,8,1236,872,0.7060728744939271
1867,13134,174,0,1040,3,0,10000.0,1,0.782608695652174,23,1237,873,0.7063106796116505
1868,13134,3967,0,1037,3,0,26000.0,1,0.37037037037037035,27,1238,873,0.7057396928051738
1869,13134,12090,0,1041,3,1,30000.0,1,0.5,2,1239,873,0.7051696284329564
1870,13134,8262,0,1042,1,1,20000.0,1,0.8095238095238095,21,1240,874,0.705407586763519
1871,13134,11911,0,1043,1,1,21000.0,1,1.0,2,1241,875,0.7056451612903226
1872,13134,12148,0,1044,3,1,20000.0,1,1.0,2,1242,876,0.7058823529411765
1873,13134,11892,0,1045,1,1,17000.0,1,1.0,8,1243,877,0.7061191626409018
1874,24418,7900,0,0,2,0,21000.0,0,0.8089430894308943,246,1,0,0.5
1875,24418,7876,0,1,2,0,30000.0,0,0.41198501872659177,267,2,0,0.0
1876,24418,175,0,2,2,1,20000.0,0,0.34172661870503596,278,3,0,0.0
1877,24418,1278,0,3,3,1,24000.0,0,0.6779661016949152,236,4,1,0.3333333333333333
1878,24418,2065,0,4,1,0,17000.0,0,0.6502057613168725,243,5,2,0.5
1879,24418,2064,0,4,0,0,17000.0,0,0.6460905349794238,243,6,2,0.4
1880,24418,2063,0,4,3,0,17000.0,0,0.18518518518518517,243,7,2,0.3333333333333333
1881,24418,3363,0,5,0,0,4000.0,0,0.2608695652173913,230,8,2,0.2857142857142857
1882,24418,3365,0,5,2,1,4000.0,0,0.30869565217391304,230,9,2,0.25
1883,24418,3364,0,5,1,1,4000.0,0,0.5130434782608696,230,10,3,0.3333333333333333
1884,24418,2948,0,6,3,0,1666.0,0,0.17209302325581396,215,11,4,0.4
1885,24418,2946,0,6,3,1,1666.0,0,0.20930232558139536,215,12,4,0.36363636363636365
1886,24418,2947,0,6,3,0,1666.0,0,0.2558139534883721,215,13,5,0.4166666666666667
1887,24418,2594,0,7,3,0,1666.0,0,0.43243243243243246,222,14,5,0.38461538461538464
1888,24418,2593,0,7,0,0,1666.0,0,0.6126126126126126,222,15,5,0.35714285714285715
1889,24418,2595,0,7,3,0,1666.0,0,0.4594594594594595,222,16,5,0.3333333333333333
1890,24418,4492,0,8,2,1,1333.0,0,0.4230769230769231,234,17,5,0.3125
1891,24418,4120,0,9,3,0,17000.0,0,0.25539568345323743,278,18,6,0.35294117647058826
1892,24418,4696,0,10,0,1,5000.0,0,0.5131578947368421,228,19,6,0.3333333333333333
1893,24418,6116,0,11,0,0,14000.0,0,0.29692832764505117,293,20,7,0.3684210526315789
1894,24418,6173,0,12,1,0,5000.0,0,0.26618705035971224,278,21,7,0.35
1895,24418,6370,0,13,2,1,11000.0,0,0.35267857142857145,224,22,7,0.3333333333333333
1896,24418,6910,0,14,3,1,9000.0,0,0.868421052631579,114,23,8,0.36363636363636365
1897,24418,6909,0,14,3,0,9000.0,0,0.5789473684210527,114,24,9,0.391304347826087
1898,24418,6908,0,14,2,0,9000.0,0,0.40350877192982454,114,25,9,0.375
1899,24418,6911,0,14,3,1,9000.0,0,0.5,114,26,9,0.36
1900,24418,7218,0,15,0,0,7000.0,0,0.6296296296296297,216,27,10,0.38461538461538464
1901,24418,7216,0,15,0,0,7000.0,0,0.4074074074074074,216,28,10,0.37037037037037035
1902,24418,7219,0,15,3,0,7000.0,0,0.24074074074074073,216,29,10,0.35714285714285715
1903,24418,7217,0,15,2,1,7000.0,0,0.46296296296296297,216,30,10,0.3448275862068966
1904,24418,881,0,16,1,0,1750.0,0,0.8181818181818182,22,31,11,0.36666666666666664
1905,24418,305,0,17,1,0,21000.0,1,0.8695652173913043,23,32,11,0.3548387096774194
1906,24418,1274,0,18,3,1,14000.0,1,0.8636363636363636,22,33,11,0.34375
1907,24418,10685,0,19,0,1,17000.0,1,0.7783505154639175,194,34,12,0.36363636363636365
1908,24418,268,0,20,0,0,18000.0,1,0.625,16,35,13,0.38235294117647056
1910,24418,305,0,23,3,1,17000.0,1,0.8695652173913043,23,36,13,0.37142857142857144
1911,24418,268,0,24,3,1,15000.0,1,0.625,16,37,14,0.3888888888888889
1912,24418,1170,0,21,0,1,16000.0,1,0.6470588235294118,34,38,15,0.40540540540540543
1913,24418,460,0,25,0,1,16000.0,1,0.8421052631578947,19,39,16,0.42105263157894735
1914,24418,10687,0,26,0,0,15000.0,1,0.85,200,40,17,0.4358974358974359
1915,24418,1030,0,27,1,1,16000.0,1,0.9473684210526315,19,41,17,0.425
1916,24418,360,0,28,0,0,16000.0,1,0.8461538461538461,26,42,18,0.43902439024390244
1917,24418,4725,0,29,3,0,18000.0,1,0.7692307692307693,13,43,18,0.42857142857142855
1918,24418,5568,0,30,1,0,20000.0,1,0.8125,16,44,18,0.4186046511627907
1919,24418,5576,0,31,0,1,30000.0,1,0.6666666666666666,6,45,18,0.4090909090909091
1920,24418,8801,0,32,3,0,10000.0,1,0.5,6,46,19,0.4222222222222222
1921,24418,4462,0,33,0,1,12000.0,1,0.7,10,47,19,0.41304347826086957
1922,24418,4025,0,34,1,1,46000.0,1,0.6296296296296297,27,48,20,0.425531914893617
1923,24418,4456,0,35,3,0,33000.0,1,0.4634146341463415,41,49,21,0.4375
1924,24418,9036,0,36,3,0,15000.0,1,0.6,5,50,21,0.42857142857142855
1925,24418,5402,0,37,1,0,15000.0,1,0.6666666666666666,6,51,21,0.42
1926,24418,4528,0,38,0,1,18000.0,1,0.40476190476190477,42,52,21,0.4117647058823529
1927,24418,829,0,39,0,1,10000.0,1,0.5277777777777778,36,53,22,0.4230769230769231
1928,24418,10686,0,40,0,1,18000.0,1,0.5707070707070707,198,54,23,0.4339622641509434
1929,24418,804,0,41,0,1,19000.0,1,0.8636363636363636,22,55,24,0.4444444444444444
1930,24418,409,0,42,0,1,14000.0,1,0.7777777777777778,18,56,25,0.45454545454545453
1931,24418,726,0,43,1,1,15000.0,1,1.0,14,57,26,0.4642857142857143
1932,24418,294,0,44,0,0,16000.0,1,0.8805970149253731,201,58,27,0.47368421052631576
1933,24418,1041,0,45,0,1,16000.0,1,1.0,15,59,27,0.46551724137931033
1934,24418,1242,0,46,3,0,17000.0,1,0.7857142857142857,14,60,28,0.4745762711864407
1935,24418,958,0,47,1,0,21000.0,1,0.9375,16,61,28,0.4666666666666667
1936,24418,10688,0,48,0,1,19000.0,1,0.774869109947644,191,62,28,0.45901639344262296
1937,24418,3750,0,49,3,1,17000.0,1,1.0,5,63,29,0.46774193548387094
1938,24418,9629,0,50,0,0,8000.0,1,0.0,6,64,30,0.47619047619047616
1939,24418,6117,0,51,1,0,23000.0,1,0.4605263157894737,76,65,30,0.46875
1940,24418,5615,0,52,3,1,55000.0,1,0.6455696202531646,79,66,30,0.46153846153846156
1941,24418,5669,0,53,1,1,41000.0,0,0.8636363636363636,44,67,31,0.4696969696969697
1942,24418,5640,0,54,3,1,12000.0,1,0.875,8,68,32,0.47761194029850745
1943,24418,5002,0,55,0,1,23000.0,1,0.7714285714285715,35,69,33,0.4852941176470588
1944,24418,9578,0,56,2,0,4000.0,1,0.7142857142857143,7,70,34,0.4927536231884058
1945,24418,5255,0,57,0,1,27000.0,1,0.8181818181818182,33,71,34,0.4857142857142857
1946,24418,5008,0,58,3,0,8000.0,1,0.7666666666666667,30,72,35,0.49295774647887325
1947,24418,5698,0,59,1,1,10000.0,1,0.5692307692307692,65,73,35,0.4861111111111111
1948,24418,8589,0,60,1,0,17000.0,1,0.42857142857142855,7,74,36,0.4931506849315068
1949,24418,4700,0,61,1,1,53000.0,1,0.7391304347826086,23,75,36,0.4864864864864865
1950,24418,6118,0,62,0,0,6000.0,1,0.5901639344262295,61,76,37,0.49333333333333335
1951,24418,481,0,63,0,1,46000.0,1,0.9705882352941176,34,77,37,0.4868421052631579
1952,24418,1216,0,64,1,1,16000.0,1,0.7857142857142857,14,78,38,0.4935064935064935
1953,24418,1184,0,65,1,1,17000.0,1,0.8648648648648649,37,79,39,0.5
1954,24418,626,0,66,0,1,15000.0,1,0.875,8,80,40,0.5063291139240507
1955,24418,875,0,67,3,0,15000.0,1,0.9333333333333333,15,81,41,0.5125
1956,24418,809,0,69,1,1,18000.0,1,0.7441860465116279,43,82,41,0.5061728395061729
1957,24418,875,0,70,0,1,20000.0,1,0.9333333333333333,15,83,42,0.5121951219512195
1958,24418,314,0,68,1,1,17000.0,1,1.0,8,84,43,0.5180722891566265
1959,24418,381,0,71,1,1,16000.0,1,0.7916666666666666,24,85,44,0.5238095238095238
1960,24418,982,0,72,1,1,17000.0,1,0.9375,16,86,45,0.5294117647058824
1961,24418,554,0,73,0,0,16000.0,1,0.6410256410256411,39,87,46,0.5348837209302325
1962,24418,286,0,74,1,1,19000.0,1,0.9523809523809523,21,88,46,0.5287356321839081
1964,24418,6118,0,77,1,1,16000.0,1,0.5901639344262295,61,89,47,0.5340909090909091
1965,24418,6117,0,78,1,0,4000.0,1,0.4605263157894737,76,90,48,0.5393258426966292
1966,24418,5341,0,75,3,1,12000.0,1,0.64,25,91,48,0.5333333333333333
1967,24418,8604,0,79,3,0,29000.0,1,0.5,4,92,49,0.5384615384615384
1968,24418,6454,0,80,1,0,22000.0,1,0.42857142857142855,14,93,49,0.532608695652174
1969,24418,4939,0,81,0,1,49000.0,1,1.0,9,94,49,0.5268817204301075
1970,24418,6318,0,82,1,0,15000.0,1,0.6413043478260869,92,95,50,0.5319148936170213
1971,24418,9351,0,83,1,1,33000.0,1,1.0,4,96,50,0.5263157894736842
1972,24418,5672,0,84,1,0,13000.0,1,0.5384615384615384,26,97,51,0.53125
1973,24418,4258,0,85,2,1,41000.0,1,0.4588235294117647,85,98,51,0.5257731958762887
1974,24418,5275,0,86,1,1,6000.0,1,0.9,10,99,52,0.5306122448979592
1975,24418,8609,0,87,2,0,5000.0,1,0.3076923076923077,13,100,53,0.5353535353535354
1976,24418,4845,0,88,3,1,16000.0,1,1.0,3,101,53,0.53
1977,24418,4340,0,89,1,1,13000.0,1,0.691358024691358,81,102,54,0.5346534653465347
1978,24418,5027,0,90,2,1,26000.0,1,0.8888888888888888,9,103,55,0.5392156862745098
1979,24418,9783,0,91,3,0,24000.0,1,0.3333333333333333,6,104,56,0.5436893203883495
1980,24418,5593,0,92,0,1,23000.0,1,0.8,10,105,56,0.5384615384615384
1981,24418,4442,0,93,2,1,20000.0,1,1.0,5,106,57,0.5428571428571428
1982,24418,3638,0,94,3,1,4000.0,1,0.875,8,107,58,0.5471698113207547
1983,24418,9795,0,95,2,0,11000.0,1,0.6,10,108,59,0.5514018691588785
1984,24418,9285,0,96,1,1,29000.0,1,0.7027027027027027,37,109,59,0.5462962962962963
1985,24418,5657,0,97,0,1,35000.0,1,0.7857142857142857,28,110,60,0.5504587155963303
1986,24418,596,0,98,1,1,7000.0,1,0.7894736842105263,19,111,61,0.5545454545454546
1987,24418,204,0,99,1,1,19000.0,1,0.8070175438596491,57,112,62,0.5585585585585585
1988,24418,962,0,100,3,1,17000.0,1,0.6842105263157895,19,113,63,0.5625
1989,24418,486,0,101,3,1,16000.0,1,1.0,13,114,64,0.5663716814159292
1990,24418,404,0,102,0,1,15000.0,1,0.6,15,115,65,0.5701754385964912
1991,24418,1300,0,103,0,1,17000.0,1,0.875,16,116,66,0.5739130434782609
1992,24418,306,0,104,3,1,16000.0,1,0.6956521739130435,23,117,67,0.5775862068965517
1993,24418,991,0,105,3,1,17000.0,1,0.8461538461538461,13,118,68,0.5811965811965812
1994,24418,1388,0,106,1,0,16000.0,1,0.7333333333333333,15,119,69,0.5847457627118644
1995,24418,1387,0,107,0,1,14000.0,1,0.8823529411764706,17,120,69,0.5798319327731093
1996,24418,457,0,108,1,1,18000.0,1,0.8181818181818182,22,121,70,0.5833333333333334
1997,24418,747,0,109,0,0,14000.0,1,0.6470588235294118,17,122,71,0.5867768595041323
1998,24418,379,0,110,0,1,16000.0,1,0.627906976744186,43,123,71,0.5819672131147541
1999,24418,316,0,111,1,1,18000.0,1,0.95,20,124,72,0.5853658536585366
2000,24418,476,0,112,0,1,15000.0,1,0.8823529411764706,17,125,73,0.5887096774193549
2001,24418,236,0,113,0,0,17000.0,1,0.7313432835820896,67,126,74,0.592
2002,24418,1211,0,114,0,1,19000.0,1,1.0,17,127,74,0.5873015873015873
2003,24418,1104,0,115,3,1,14000.0,1,0.8333333333333334,18,128,75,0.5905511811023622
2004,24418,415,0,116,0,0,16000.0,1,0.6956521739130435,23,129,76,0.59375
2005,24418,415,0,118,1,1,17000.0,1,0.6956521739130435,23,130,76,0.5891472868217055
2006,24418,1242,0,119,0,1,7000.0,1,0.7857142857142857,14,131,77,0.5923076923076923
2007,24418,1388,0,120,3,1,19000.0,1,0.7333333333333333,15,132,78,0.5954198473282443
2008,24418,1011,0,117,3,0,17000.0,1,0.7037037037037037,27,133,79,0.5984848484848485
2010,24418,236,0,122,3,1,14000.0,1,0.7313432835820896,67,134,79,0.5939849624060151
2011,24418,1011,0,123,0,1,19000.0,1,0.7037037037037037,27,135,80,0.5970149253731343
2012,24418,4757,0,124,3,1,11000.0,1,1.0,6,136,81,0.6
2013,24418,9552,0,125,2,0,16000.0,1,0.375,8,137,82,0.6029411764705882
2014,24418,6070,0,126,0,1,31000.0,1,0.88,25,138,82,0.5985401459854015
2015,24418,6661,0,127,3,0,21000.0,1,0.5576923076923077,52,139,83,0.6014492753623188
2016,24418,5609,0,128,3,1,17000.0,1,0.8666666666666667,15,140,83,0.5971223021582733
2017,24418,9096,0,129,0,1,6000.0,1,0.8,5,141,84,0.6
2018,24418,4812,0,130,0,1,17000.0,1,0.625,8,142,85,0.6028368794326241
2019,24418,5984,0,131,0,1,22000.0,1,0.7894736842105263,19,143,86,0.6056338028169014
2020,24418,3878,0,132,2,0,16000.0,1,0.22988505747126436,174,144,87,0.6083916083916084
2021,24418,8562,0,133,3,1,42000.0,1,0.7333333333333333,15,145,87,0.6041666666666666
2022,24418,4100,0,134,0,1,27000.0,1,0.7037037037037037,27,146,88,0.6068965517241379
2023,24418,5257,0,135,0,1,15000.0,1,0.7058823529411765,51,147,89,0.6095890410958904
2024,24418,5324,0,136,3,1,13000.0,1,0.875,24,148,90,0.6122448979591837
2025,24418,9554,0,137,2,1,15000.0,1,1.0,9,149,91,0.6148648648648649
2026,24418,4477,0,138,3,1,3000.0,1,0.6666666666666666,9,150,92,0.6174496644295302
2027,24418,4412,0,139,0,1,7000.0,1,0.7,60,151,93,0.62
2028,24418,3904,0,140,1,1,16000.0,1,1.0,3,152,94,0.6225165562913907
2029,24418,9193,0,141,1,0,13000.0,1,0.2857142857142857,7,153,95,0.625
2030,24418,5674,0,142,3,0,12000.0,1,0.7741935483870968,31,154,95,0.6209150326797386
2031,24418,4237,0,143,3,1,13000.0,1,0.6666666666666666,60,155,95,0.6168831168831169
2032,24418,1270,0,144,3,1,26000.0,1,0.95,20,156,96,0.6193548387096774
2033,24418,400,0,145,1,1,17000.0,1,0.8,20,157,97,0.6217948717948718
2034,24418,1179,0,146,3,1,14000.0,1,0.8823529411764706,17,158,98,0.6242038216560509
2035,24418,1147,0,147,0,1,14000.0,1,0.9285714285714286,14,159,99,0.6265822784810127
2036,24418,543,0,148,3,1,13000.0,1,0.8,25,160,100,0.6289308176100629
2037,24418,973,0,149,1,1,15000.0,1,0.6111111111111112,18,161,101,0.63125
2038,24418,225,0,150,1,1,19000.0,1,0.47619047619047616,21,162,102,0.6335403726708074
2039,24418,638,0,151,0,1,25000.0,1,0.7746478873239436,71,163,103,0.6358024691358025
2040,24418,399,0,152,0,1,17000.0,1,0.8214285714285714,28,164,104,0.6380368098159509
2041,24418,1336,0,153,3,1,19000.0,1,0.8260869565217391,23,165,105,0.6402439024390244
2042,24418,5326,0,154,1,1,15000.0,1,0.6666666666666666,30,166,106,0.6424242424242425
2043,24418,6442,0,155,2,0,9000.0,1,0.5217391304347826,23,167,107,0.6445783132530121
2044,24418,4042,0,156,0,1,3000.0,1,1.0,4,168,107,0.6407185628742516
2045,24418,9237,0,157,3,1,10000.0,1,0.7272727272727273,11,169,108,0.6428571428571429
2046,24418,4791,0,158,1,1,22000.0,1,0.7647058823529411,17,170,109,0.6449704142011834
2047,24418,4664,0,159,3,1,9000.0,1,0.8043478260869565,46,171,110,0.6470588235294118
2048,24418,6152,0,160,2,0,9000.0,1,0.6458333333333334,48,172,111,0.6491228070175439
2050,24418,6152,0,163,3,1,27000.0,1,0.6458333333333334,48,173,111,0.6453488372093024
2051,24418,4039,0,164,0,0,9000.0,1,0.5740740740740741,54,174,112,0.6473988439306358
2052,24418,9098,0,161,1,1,26000.0,1,0.9,10,175,112,0.6436781609195402
2053,24418,5247,0,165,3,1,6000.0,1,0.6666666666666666,57,176,113,0.6457142857142857
2054,24418,5779,0,166,0,1,12000.0,1,1.0,4,177,114,0.6477272727272727
2055,24418,6126,0,167,1,1,10000.0,1,0.7948717948717948,39,178,115,0.6497175141242938
2056,24418,8755,0,168,3,1,28000.0,1,0.5555555555555556,9,179,116,0.651685393258427
2057,24418,4446,0,169,3,0,32000.0,1,0.7567567567567568,37,180,117,0.6536312849162011
2059,24418,4446,0,172,0,1,27000.0,1,0.7567567567567568,37,181,117,0.65
2060,24418,5674,0,173,2,1,16000.0,1,0.7741935483870968,31,182,118,0.6519337016574586
2061,24418,4407,0,170,0,1,10000.0,1,0.95,20,183,119,0.6538461538461539
2062,24418,5218,0,174,3,1,12000.0,1,0.875,24,184,120,0.6557377049180327
2063,24418,8317,0,175,3,1,25000.0,1,0.45454545454545453,11,185,121,0.657608695652174
2064,24418,6158,0,176,0,1,33000.0,1,1.0,5,186,122,0.6594594594594595
2065,24418,5671,0,177,0,1,19000.0,1,0.5873015873015873,63,187,123,0.6612903225806451
2066,24418,5556,0,178,0,1,33000.0,1,0.7142857142857143,14,188,124,0.6631016042780749
2067,24418,9169,0,179,1,0,41000.0,1,0.3,10,189,125,0.6648936170212766
2068,24418,288,0,180,3,0,23000.0,1,0.6630434782608695,92,190,125,0.6613756613756614
2069,24418,1212,0,181,0,1,16000.0,1,0.7586206896551724,29,191,125,0.6578947368421053
2070,24418,387,0,182,0,1,19000.0,1,0.8095238095238095,21,192,126,0.6596858638743456
2071,24418,1009,0,183,1,1,16000.0,1,0.8823529411764706,17,193,127,0.6614583333333334
2072,24418,1214,0,184,0,1,14000.0,1,1.0,10,194,128,0.6632124352331606
2073,24418,1303,0,185,1,1,13000.0,1,0.8235294117647058,17,195,129,0.6649484536082474
2074,24418,721,0,186,3,0,11000.0,1,0.6625,80,196,130,0.6666666666666666
2076,24418,721,0,189,1,1,18000.0,1,0.6625,80,197,130,0.6632653061224489
2077,24418,288,0,190,0,1,15000.0,1,0.6630434782608695,92,198,131,0.6649746192893401
2078,24418,375,0,187,3,0,14000.0,1,0.6842105263157895,19,199,132,0.6666666666666666
2079,24418,646,0,191,3,1,18000.0,1,0.9166666666666666,24,200,132,0.6633165829145728
2080,24418,1067,0,192,1,1,18000.0,1,0.8,25,201,133,0.665
2081,24418,1180,0,193,1,0,16000.0,1,0.8,15,202,134,0.6666666666666666
2083,24418,1180,0,196,0,1,16000.0,1,0.8,15,203,134,0.6633663366336634
2084,24418,375,0,197,3,0,13000.0,1,0.6842105263157895,19,204,135,0.6650246305418719
2085,24418,1293,0,194,3,1,20000.0,1,1.0,9,205,135,0.6617647058823529
2086,24418,491,0,198,0,1,16000.0,1,0.8,15,206,136,0.6634146341463415
2087,24418,378,0,199,1,1,16000.0,1,0.9583333333333334,24,207,137,0.6650485436893204
2088,24418,1110,0,200,0,0,15000.0,1,0.7333333333333333,45,208,138,0.6666666666666666
2089,24418,1092,0,201,0,1,17000.0,1,0.9,10,209,138,0.6634615384615384
2090,24418,956,0,202,0,1,15000.0,1,0.8947368421052632,19,210,139,0.6650717703349283
2091,24418,1355,0,203,3,1,15000.0,1,1.0,16,211,140,0.6666666666666666
2092,24418,817,0,204,1,1,20000.0,1,0.7105263157894737,38,212,141,0.6682464454976303
2093,24418,777,0,205,0,0,17000.0,1,0.7894736842105263,19,213,142,0.6698113207547169
2094,24418,964,0,206,1,1,16000.0,1,0.5625,16,214,142,0.6666666666666666
2095,24418,280,0,207,1,0,15000.0,1,0.75,24,215,143,0.6682242990654206
2096,24418,875,0,209,0,1,20000.0,1,0.9333333333333333,15,216,143,0.6651162790697674
2097,24418,809,0,210,1,1,60000.0,1,0.7441860465116279,43,217,144,0.6666666666666666
2098,24418,777,0,211,1,1,11000.0,1,0.7894736842105263,19,218,145,0.6682027649769585
2099,24418,280,0,212,3,1,9000.0,1,0.75,24,219,146,0.6697247706422018
2100,24418,366,0,208,3,1,16000.0,1,1.0,11,220,147,0.6712328767123288
2101,24418,700,0,213,1,1,14000.0,1,0.7857142857142857,14,221,148,0.6727272727272727
2102,24418,814,0,214,1,1,21000.0,1,0.8,15,222,149,0.6742081447963801
2103,24418,411,0,215,1,1,18000.0,1,0.5882352941176471,17,223,150,0.6756756756756757
2104,24418,336,0,216,3,1,20000.0,1,0.8125,16,224,151,0.6771300448430493
2105,24418,469,0,217,0,1,17000.0,1,1.0,12,225,152,0.6785714285714286
2106,24418,833,0,218,1,1,15000.0,1,0.8888888888888888,9,226,153,0.68
2107,24418,737,0,219,1,0,17000.0,1,0.875,16,227,154,0.6814159292035398
2108,24418,8200,0,220,3,1,21000.0,1,0.9230769230769231,13,228,154,0.6784140969162996
2109,24418,8735,0,221,0,1,19000.0,1,0.8333333333333334,6,229,155,0.6798245614035088
2110,24418,4251,0,222,2,1,17000.0,1,1.0,4,230,156,0.6812227074235808
2111,24418,8471,0,223,1,1,7000.0,1,0.75,8,231,157,0.6826086956521739
2112,24418,5028,0,224,1,1,23000.0,1,0.875,8,232,158,0.683982683982684
2113,24418,9068,0,225,2,1,12000.0,1,1.0,5,233,159,0.6853448275862069
2114,24418,8502,0,226,2,0,11000.0,1,0.42857142857142855,14,234,160,0.6866952789699571
2115,24418,4473,0,227,1,1,40000.0,1,0.8214285714285714,28,235,160,0.6837606837606838
2116,24418,5466,0,228,2,0,25000.0,1,0.6,5,236,161,0.6851063829787234
2117,24418,8625,0,229,1,1,14000.0,1,0.7,10,237,161,0.6822033898305084
2118,24418,4447,0,230,0,0,33000.0,1,0.6862745098039216,51,238,162,0.6835443037974683
2119,24418,4718,0,231,1,1,25000.0,1,0.8928571428571429,28,239,162,0.680672268907563
2120,24418,3628,0,232,1,0,4000.0,1,0.59375,32,240,163,0.6820083682008368
2121,24418,9031,0,233,1,1,55000.0,1,0.5714285714285714,7,241,163,0.6791666666666667
2122,24418,4838,0,234,1,0,13000.0,1,0.625,8,242,164,0.6804979253112033
2124,24418,4838,0,237,3,1,23000.0,1,0.625,8,243,164,0.6776859504132231
2125,24418,5466,0,238,3,1,3000.0,1,0.6,5,244,165,0.6790123456790124
2126,24418,6394,0,235,1,1,10000.0,1,0.868421052631579,38,245,166,0.680327868852459
2127,24418,5676,0,239,3,0,10000.0,1,0.6818181818181818,22,246,167,0.6816326530612244
2128,24418,9973,0,240,1,1,32000.0,1,0.7272727272727273,11,247,167,0.6788617886178862
2129,24418,5214,0,241,2,0,24000.0,1,0.8461538461538461,13,248,168,0.680161943319838
2131,24418,5008,0,244,2,1,23000.0,1,0.7666666666666667,30,249,168,0.6774193548387096
2132,24418,5214,0,245,3,1,14000.0,1,0.8461538461538461,13,250,169,0.678714859437751
2133,24418,4855,0,242,2,1,13000.0,1,1.0,5,251,170,0.68
2134,24418,361,0,246,1,1,13000.0,1,0.76,25,252,171,0.6812749003984063
2135,24418,1161,0,247,1,1,17000.0,1,0.6153846153846154,26,253,172,0.6825396825396826
2136,24418,1035,0,248,3,0,18000.0,1,0.75,20,254,173,0.6837944664031621
2137,24418,1286,0,249,1,1,19000.0,1,0.9230769230769231,13,255,173,0.6811023622047244
2138,24418,768,0,250,0,1,14000.0,1,0.8846153846153846,26,256,174,0.6823529411764706
2139,24418,1166,0,251,0,1,14000.0,1,0.8947368421052632,19,257,175,0.68359375
2140,24418,5168,0,253,3,0,16000.0,1,0.7142857142857143,35,258,176,0.6848249027237354
2141,24418,9459,0,254,3,1,47000.0,1,0.8333333333333334,6,259,176,0.6821705426356589
2142,24418,5771,0,255,3,0,6000.0,1,0.5,8,260,177,0.6833976833976834
2143,24418,4481,0,256,2,1,11000.0,1,0.7222222222222222,36,261,177,0.6807692307692308
2144,24418,4421,0,257,0,0,13000.0,1,0.6774193548387096,62,262,178,0.6819923371647509
2145,24418,9850,0,258,1,1,11000.0,1,0.6666666666666666,9,263,178,0.6793893129770993
2146,24418,4821,0,259,3,0,22000.0,1,0.5,108,264,179,0.6806083650190115
2147,24418,5177,0,260,1,1,13000.0,1,0.4642857142857143,84,265,179,0.678030303030303
2148,24418,6328,0,261,0,1,48000.0,1,1.0,6,266,180,0.6792452830188679
2149,24418,9187,0,262,3,1,12000.0,1,0.4444444444444444,18,267,181,0.6804511278195489
2150,24418,649,0,252,3,0,31000.0,1,0.6923076923076923,13,268,182,0.6816479400749064
2151,24418,207,0,263,3,1,19000.0,1,0.75,8,269,182,0.6791044776119403
2152,24418,1181,0,264,0,0,17000.0,1,0.6829268292682927,41,270,183,0.6802973977695167
2153,24418,317,0,265,0,1,18000.0,1,0.9090909090909091,11,271,183,0.6777777777777778
2154,24418,1200,0,266,3,1,16000.0,1,0.75,24,272,184,0.6789667896678967
2155,24418,1304,0,267,0,0,17000.0,1,0.7272727272727273,22,273,185,0.6801470588235294
2156,24418,251,0,268,1,1,15000.0,1,0.75,12,274,185,0.6776556776556777
2157,24418,728,0,269,0,1,16000.0,1,0.8157894736842105,38,275,186,0.6788321167883211
2158,24418,1195,0,270,0,1,19000.0,1,0.9166666666666666,12,276,187,0.68
2159,24418,1208,0,271,3,1,15000.0,1,0.8181818181818182,11,277,188,0.6811594202898551
2160,24418,861,0,272,1,0,16000.0,1,0.8181818181818182,22,278,189,0.6823104693140795
2161,24418,1224,0,273,1,0,20000.0,1,0.7435897435897436,39,279,189,0.6798561151079137
2162,24418,209,0,274,0,0,17000.0,1,0.48,25,280,189,0.6774193548387096
2163,24418,1035,0,276,0,1,17000.0,1,0.75,20,281,189,0.675
2164,24418,219,0,277,3,0,18000.0,1,0.7777777777777778,18,282,190,0.6761565836298933
2165,24418,209,0,278,1,1,21000.0,1,0.48,25,283,190,0.6737588652482269
2166,24418,398,0,279,1,1,17000.0,1,0.5,22,284,191,0.6749116607773852
2167,24418,881,0,280,3,1,15000.0,1,0.8181818181818182,22,285,192,0.676056338028169
2168,24418,629,0,275,3,1,17000.0,1,0.9166666666666666,12,286,193,0.6771929824561403
2170,24418,236,0,282,1,0,16000.0,1,0.7313432835820896,67,287,194,0.6783216783216783
2171,24418,1011,0,283,3,0,19000.0,1,0.7037037037037037,27,288,194,0.6759581881533101
2173,24418,305,0,285,3,1,15000.0,1,0.8695652173913043,23,289,194,0.6736111111111112
2174,24418,721,0,286,0,0,16000.0,1,0.6625,80,290,195,0.6747404844290658
2175,24418,4476,0,287,0,0,20000.0,1,0.5849056603773585,106,291,195,0.6724137931034483
2176,24418,5335,0,288,0,0,7000.0,1,0.5,70,292,195,0.6701030927835051
2177,24418,5500,0,289,1,1,52000.0,1,1.0,3,293,195,0.6678082191780822
2178,24418,9810,0,290,3,0,6000.0,1,0.8181818181818182,11,294,196,0.6689419795221843
2179,24418,5458,0,291,1,1,10000.0,1,0.7777777777777778,9,295,196,0.6666666666666666
2180,24418,3877,0,292,1,1,6000.0,1,0.75,4,296,197,0.6677966101694915
2181,24418,5154,0,293,1,0,22000.0,1,0.5454545454545454,55,297,198,0.668918918918919
2183,24418,5154,0,296,0,1,46000.0,1,0.5454545454545454,55,298,198,0.6666666666666666
2184,24418,3628,0,297,2,1,7000.0,1,0.59375,32,299,199,0.6677852348993288
2185,24418,9622,0,294,0,1,9000.0,1,1.0,5,300,200,0.6688963210702341
2186,24418,6478,0,298,1,1,17000.0,1,0.75,12,301,201,0.67
2187,24418,5600,0,299,0,1,10000.0,1,0.8913043478260869,46,302,202,0.6710963455149501
2188,24418,1132,0,300,1,1,20000.0,1,1.0,13,303,203,0.6721854304635762
2189,24418,1290,0,301,1,0,14000.0,1,0.8048780487804879,41,304,204,0.6732673267326733
2190,24418,420,0,303,0,0,20000.0,1,0.6129032258064516,31,305,204,0.6710526315789473
2191,24418,236,0,304,3,1,16000.0,1,0.7313432835820896,67,306,204,0.6688524590163935
2192,24418,1290,0,305,3,1,20000.0,1,0.8048780487804879,41,307,205,0.6699346405228758
2193,24418,1181,0,306,1,1,19000.0,1,0.6829268292682927,41,308,206,0.6710097719869706
2194,24418,759,0,302,0,1,17000.0,1,0.9473684210526315,19,309,207,0.672077922077922
2195,24418,1297,0,307,1,1,16000.0,1,0.8571428571428571,14,310,208,0.6731391585760518
2196,24418,248,0,308,0,1,18000.0,1,0.8,20,311,209,0.6741935483870968
2197,24418,349,0,309,1,1,18000.0,1,0.9310344827586207,29,312,210,0.6752411575562701
2198,24418,944,0,310,1,1,20000.0,1,0.8666666666666667,15,313,211,0.6762820512820513
2199,24418,341,0,311,3,1,16000.0,1,0.8571428571428571,28,314,212,0.6773162939297125
2200,24418,736,0,312,3,1,17000.0,1,0.9130434782608695,23,315,213,0.678343949044586
2201,24418,492,0,313,1,0,17000.0,1,0.5625,32,316,214,0.6793650793650794
2202,24418,3717,0,314,2,0,15000.0,1,0.5648148148148148,108,317,214,0.6772151898734177
2203,24418,8758,0,315,2,1,38000.0,1,0.9,10,318,214,0.6750788643533123
2204,24418,5627,0,316,0,0,25000.0,1,0.5652173913043478,46,319,215,0.6761006289308176
2205,24418,4980,0,317,3,1,26000.0,1,0.8928571428571429,28,320,215,0.6739811912225705
2206,24418,5334,0,318,2,1,5000.0,1,0.7222222222222222,36,321,216,0.675
2207,24418,8400,0,319,1,1,13000.0,1,0.6428571428571429,14,322,217,0.67601246105919
2208,24418,5014,0,320,0,1,11000.0,1,0.9090909090909091,11,323,218,0.6770186335403726
2209,24418,4222,0,321,2,0,19000.0,1,0.7777777777777778,27,324,219,0.6780185758513931
2211,24418,4222,0,324,3,1,20000.0,1,0.7777777777777778,27,325,219,0.6759259259259259
2212,24418,5676,0,325,3,0,10000.0,1,0.6818181818181818,22,326,220,0.676923076923077
2213,24418,5845,0,322,0,1,54000.0,1,1.0,4,327,220,0.6748466257668712
2214,24418,3586,0,326,3,0,14000.0,1,0.7142857142857143,7,328,221,0.6758409785932722
2215,24418,3643,0,327,2,0,6000.0,1,0.4909090909090909,55,329,221,0.6737804878048781
2217,24418,5627,0,330,1,1,23000.0,1,0.5652173913043478,46,330,221,0.6717325227963525
2218,24418,5154,0,331,0,1,7000.0,1,0.5454545454545454,55,331,222,0.6727272727272727
2220,24418,492,0,334,1,0,5000.0,1,0.5625,32,332,223,0.6737160120845922
2221,24418,1348,0,335,3,1,15000.0,1,0.7272727272727273,22,333,223,0.6716867469879518
2222,24418,1396,0,332,3,1,14000.0,1,1.0,10,334,224,0.6726726726726727
2223,24418,1259,0,336,3,1,16000.0,1,0.8823529411764706,17,335,225,0.6736526946107785
2224,24418,1192,0,337,1,0,19000.0,1,0.6951219512195121,82,336,226,0.6746268656716418
2226,24418,1192,0,340,0,1,17000.0,1,0.6951219512195121,82,337,226,0.6726190476190477
2227,24418,288,0,341,0,1,13000.0,1,0.6630434782608695,92,338,227,0.6735905044510386
2228,24418,801,0,338,0,1,13000.0,1,0.95,20,339,228,0.6745562130177515
2229,24418,522,0,342,3,1,14000.0,1,0.8823529411764706,17,340,229,0.6755162241887905
2230,24418,546,0,343,1,1,17000.0,1,0.88,25,341,230,0.6764705882352942
2231,24418,1213,0,344,0,1,16000.0,1,0.7272727272727273,22,342,231,0.6774193548387096
2232,24418,842,0,345,1,1,15000.0,1,0.75,12,343,232,0.6783625730994152
2233,24418,541,0,346,3,1,15000.0,1,0.8235294117647058,34,344,233,0.6793002915451894
2234,24418,1395,0,347,3,0,19000.0,1,0.6923076923076923,13,345,234,0.6802325581395349
2235,24418,4502,0,328,3,0,15000.0,1,0.7575757575757576,33,346,234,0.6782608695652174
2236,24418,4538,0,348,3,1,23000.0,1,0.8333333333333334,6,347,234,0.6763005780346821
2237,24418,9053,0,349,1,1,6000.0,1,0.875,8,348,235,0.6772334293948127
2238,24418,4800,0,350,1,1,22000.0,1,1.0,9,349,236,0.6781609195402298
2239,24418,3771,0,351,0,1,15000.0,1,0.9,10,350,237,0.6790830945558739
2240,24418,5263,0,352,0,1,14000.0,1,0.9090909090909091,22,351,238,0.68
2241,24418,8656,0,353,0,0,14000.0,1,0.25,12,352,239,0.6809116809116809
2242,24418,6429,0,354,3,1,27000.0,1,0.6101694915254238,59,353,239,0.6789772727272727
2243,24418,3620,0,355,2,1,15000.0,1,1.0,7,354,240,0.6798866855524079
2244,24418,4986,0,356,3,1,16000.0,1,0.8,5,355,241,0.6807909604519774
2245,24418,8828,0,357,1,0,12000.0,1,0.2222222222222222,9,356,242,0.6816901408450704
2246,24418,6087,0,358,3,0,14000.0,1,0.5111111111111111,90,357,242,0.6797752808988764
2248,24418,6087,0,361,0,1,19000.0,1,0.5111111111111111,90,358,242,0.6778711484593838
2249,24418,4821,0,362,2,1,3000.0,1,0.5,108,359,243,0.6787709497206704
2250,24418,4004,0,359,1,1,5000.0,1,1.0,13,360,244,0.6796657381615598
2251,24418,6191,0,363,1,1,21000.0,1,0.6,30,361,245,0.6805555555555556
2252,24418,9577,0,364,2,1,21000.0,1,0.875,8,362,246,0.6814404432132964
2253,24418,4108,0,365,3,0,26000.0,1,0.5752212389380531,113,363,247,0.6823204419889503
2255,24418,4476,0,368,1,1,7000.0,1,0.5849056603773585,106,364,247,0.6804407713498623
2256,24418,4108,0,369,0,1,2000.0,1,0.5752212389380531,113,365,248,0.6813186813186813
2257,24418,3858,0,366,1,0,3000.0,1,0.7222222222222222,36,366,249,0.6821917808219178
2258,24418,5591,0,370,3,1,25000.0,1,0.9090909090909091,11,367,249,0.680327868852459
2259,24418,9427,0,371,3,1,19000.0,1,1.0,6,368,250,0.6811989100817438
2260,24418,1302,0,372,0,0,17000.0,1,0.5833333333333334,24,369,251,0.6820652173913043
2261,24418,496,0,373,0,1,20000.0,1,0.8636363636363636,22,370,251,0.6802168021680217
2262,24418,321,0,374,3,0,19000.0,1,0.7857142857142857,14,371,252,0.6810810810810811
2263,24418,197,0,375,1,1,17000.0,1,0.8181818181818182,11,372,252,0.6792452830188679
2264,24418,641,0,376,3,1,17000.0,1,1.0,15,373,253,0.6801075268817204
2265,24418,1298,0,377,0,1,16000.0,1,0.9166666666666666,12,374,254,0.6809651474530831
2266,24418,466,0,378,1,1,16000.0,1,0.8214285714285714,28,375,255,0.6818181818181818
2267,24418,1173,0,379,3,1,16000.0,1,0.9411764705882353,17,376,256,0.6826666666666666
2268,24418,659,0,380,0,1,18000.0,1,0.9411764705882353,17,377,257,0.6835106382978723
2269,24418,300,0,381,0,1,14000.0,1,1.0,10,378,258,0.6843501326259946
2270,24418,3862,0,382,0,0,15000.0,1,0.5238095238095238,42,379,259,0.6851851851851852
2271,24418,5261,0,383,0,1,10000.0,1,0.4523809523809524,42,380,259,0.683377308707124
2272,24418,4095,0,384,0,1,25000.0,1,0.75,4,381,260,0.6842105263157895
2273,24418,8647,0,385,1,0,6000.0,1,0.26666666666666666,15,382,261,0.6850393700787402
2274,24418,4567,0,386,0,1,66000.0,1,0.6666666666666666,9,383,261,0.6832460732984293
2275,24418,6432,0,387,0,1,9000.0,1,1.0,4,384,262,0.6840731070496083
2276,24418,5087,0,388,1,1,8000.0,1,0.8333333333333334,6,385,263,0.6848958333333334
2277,24418,8345,0,389,0,0,22000.0,1,0.5555555555555556,9,386,264,0.6857142857142857
2278,24418,6368,0,390,3,0,33000.0,1,0.7391304347826086,23,387,264,0.6839378238341969
2279,24418,6425,0,391,2,1,21000.0,1,0.6842105263157895,57,388,264,0.6821705426356589
2280,24418,607,0,392,0,1,45000.0,1,0.9230769230769231,13,389,265,0.6829896907216495
2281,24418,1177,0,393,3,1,21000.0,1,1.0,13,390,266,0.6838046272493573
2282,24418,489,0,394,0,1,15000.0,1,0.68,25,391,267,0.6846153846153846
2283,24418,1399,0,395,1,1,17000.0,1,0.9230769230769231,39,392,268,0.6854219948849105
2284,24418,1319,0,396,1,1,17000.0,1,0.9166666666666666,12,393,269,0.6862244897959183
2285,24418,1167,0,397,0,1,15000.0,1,0.8461538461538461,13,394,270,0.6870229007633588
2286,24418,332,0,398,3,1,18000.0,1,0.76,25,395,271,0.6878172588832487
2287,24418,462,0,399,0,1,21000.0,1,0.8461538461538461,13,396,272,0.6886075949367089
2288,24418,709,0,400,3,0,16000.0,1,0.7222222222222222,18,397,273,0.6893939393939394
2289,24418,388,0,401,1,1,17000.0,1,0.9166666666666666,12,398,273,0.6876574307304786
2290,24418,4682,0,402,0,0,18000.0,1,0.7222222222222222,18,399,274,0.6884422110552764
2292,24418,4682,0,405,1,1,40000.0,1,0.7222222222222222,18,400,274,0.6867167919799498
2293,24418,4497,0,406,3,1,5000.0,1,0.8,15,401,275,0.6875
2294,24418,9749,0,403,3,0,12000.0,1,0.375,8,402,276,0.6882793017456359
2295,24418,4406,0,407,3,1,38000.0,1,0.6296296296296297,81,403,276,0.6865671641791045
2296,24418,4240,0,408,2,1,34000.0,1,0.7222222222222222,54,404,277,0.6873449131513648
2297,24418,5178,0,409,1,1,42000.0,1,0.6666666666666666,33,405,278,0.6881188118811881
2298,24418,8350,0,410,1,0,25000.0,1,0.3333333333333333,12,406,279,0.6888888888888889
2299,24418,6669,0,411,0,1,26000.0,1,0.9047619047619048,21,407,279,0.687192118226601
2300,24418,4429,0,412,2,1,21000.0,1,0.7931034482758621,29,408,280,0.687960687960688
2301,24418,5436,0,413,0,1,19000.0,1,0.9,10,409,281,0.6887254901960784
2302,24418,9139,0,414,2,1,12000.0,1,0.9166666666666666,12,410,282,0.6894865525672371
2303,24418,5477,0,415,1,1,24000.0,1,1.0,1,411,283,0.6902439024390243
2304,24418,5485,0,416,3,1,9000.0,1,1.0,2,412,284,0.6909975669099757
2305,24418,5219,0,417,0,1,7000.0,1,1.0,7,413,285,0.691747572815534
2306,24418,9859,0,418,0,0,3000.0,1,0.4,15,414,286,0.6924939467312349
2307,24418,6273,0,419,1,1,15000.0,1,0.75,8,415,286,0.6908212560386473
2308,24418,4981,0,420,0,1,10000.0,1,0.85,20,416,287,0.691566265060241
2309,24418,5696,0,421,2,1,4000.0,1,0.631578947368421,38,417,288,0.6923076923076923
2310,24418,9904,0,422,2,1,16000.0,1,1.0,9,418,289,0.6930455635491607
2311,24418,4829,0,423,3,1,13000.0,1,0.8235294117647058,17,419,290,0.69377990430622
2312,24418,4482,0,424,3,1,4000.0,1,0.72,25,420,291,0.6945107398568019
2313,24418,5268,0,425,3,1,6000.0,1,0.782608695652174,23,421,292,0.6952380952380952
2314,24418,8348,0,426,2,0,9000.0,1,0.5454545454545454,11,422,293,0.6959619952494062
2315,24418,6150,0,427,1,1,13000.0,1,1.0,6,423,293,0.6943127962085308
2316,24418,3955,0,428,3,1,9000.0,1,0.7777777777777778,9,424,294,0.6950354609929078
2317,24418,4323,0,429,2,1,36000.0,1,0.6666666666666666,3,425,295,0.6957547169811321
2318,24418,8294,0,430,2,0,10000.0,1,0.6,10,426,296,0.6964705882352941
2319,24418,5010,0,431,3,0,23000.0,1,0.7333333333333333,15,427,296,0.6948356807511737
2320,24418,4065,0,432,0,0,20000.0,1,0.484375,64,428,296,0.6932084309133489
2321,24418,4690,0,433,2,1,15000.0,1,0.6923076923076923,13,429,296,0.6915887850467289
2322,24418,9626,0,434,3,0,34000.0,1,0.5555555555555556,9,430,297,0.6923076923076923
2323,24418,895,0,435,0,0,22000.0,1,0.75,8,431,297,0.6906976744186046
2324,24418,996,0,436,0,1,18000.0,1,0.76,75,432,297,0.6890951276102089
2325,24418,1287,0,437,0,1,21000.0,1,0.9444444444444444,18,433,298,0.6898148148148148
2326,24418,793,0,438,3,1,16000.0,1,0.7727272727272727,22,434,299,0.6905311778290993
2327,24418,710,0,439,0,0,17000.0,1,0.6296296296296297,27,435,300,0.6912442396313364
2328,24418,916,0,440,1,1,15000.0,1,0.8571428571428571,14,436,300,0.6896551724137931
2329,24418,951,0,441,1,0,14000.0,1,0.5546218487394958,119,437,301,0.6903669724770642
2330,24418,750,0,442,3,0,7000.0,1,0.7037037037037037,27,438,301,0.6887871853546911
2331,24418,718,0,443,0,1,19000.0,1,0.8888888888888888,9,439,301,0.6872146118721462
2332,24418,863,0,444,0,1,16000.0,1,1.0,10,440,302,0.6879271070615034
2333,24418,5749,0,445,1,1,16000.0,1,0.6666666666666666,3,441,303,0.6886363636363636
2334,24418,6154,0,446,0,0,8000.0,1,0.5652173913043478,46,442,304,0.6893424036281179
2335,24418,6673,0,447,3,1,18000.0,1,0.6964285714285714,56,443,304,0.6877828054298643
2336,24418,8909,0,448,0,1,20000.0,1,1.0,6,444,305,0.6884875846501128
2337,24418,6430,0,449,2,1,22000.0,1,0.5492957746478874,71,445,306,0.6891891891891891
2338,24418,5045,0,450,1,1,11000.0,1,0.7916666666666666,24,446,307,0.6898876404494382
2339,24418,5409,0,451,1,1,31000.0,1,1.0,4,447,308,0.6905829596412556
2340,24418,9823,0,452,0,1,10000.0,1,0.8,5,448,309,0.6912751677852349
2341,24418,4134,0,453,3,1,19000.0,1,1.0,3,449,310,0.6919642857142857
2342,24418,5158,0,454,1,1,14000.0,1,0.7209302325581395,43,450,311,0.6926503340757239
2343,24418,535,0,455,1,1,7000.0,1,1.0,15,451,312,0.6933333333333334
2344,24418,478,0,456,0,1,15000.0,1,0.875,16,452,313,0.6940133037694013
2345,24418,567,0,457,1,1,16000.0,1,1.0,8,453,314,0.6946902654867256
2346,24418,1382,0,458,0,1,17000.0,1,0.8333333333333334,12,454,315,0.695364238410596
2347,24418,357,0,459,3,1,16000.0,1,0.9583333333333334,24,455,316,0.6960352422907489
2348,24418,1368,0,460,0,0,20000.0,1,0.9333333333333333,15,456,317,0.6967032967032967
2349,24418,655,0,461,0,1,20000.0,1,0.9,10,457,317,0.6951754385964912
2350,24418,802,0,462,3,1,15000.0,1,0.6938775510204082,49,458,318,0.6958424507658644
2351,24418,740,0,463,3,0,15000.0,1,0.8260869565217391,23,459,319,0.6965065502183406
2352,24418,1313,0,464,0,1,16000.0,1,0.5154639175257731,97,460,319,0.6949891067538126
2353,24418,6476,0,465,1,1,24000.0,1,1.0,12,461,320,0.6956521739130435
2354,24418,9129,0,466,3,0,21000.0,1,0.7857142857142857,14,462,321,0.6963123644251626
2355,24418,3702,0,467,1,1,27000.0,1,0.7142857142857143,7,463,321,0.6948051948051948
2356,24418,4566,0,468,1,1,6000.0,1,0.75,16,464,322,0.6954643628509719
2357,24418,5266,0,469,3,0,6000.0,1,0.5833333333333334,48,465,323,0.6961206896551724
2358,24418,8393,0,470,2,0,29000.0,1,0.5,26,466,323,0.6946236559139785
2359,24418,5322,0,471,3,1,34000.0,1,0.76,25,467,323,0.6931330472103004
2360,24418,3751,0,472,2,1,24000.0,1,0.8333333333333334,18,468,324,0.6937901498929336
2361,24418,3700,0,473,0,1,11000.0,1,1.0,2,469,325,0.6944444444444444
2362,24418,8563,0,474,2,0,12000.0,1,0.6,5,470,326,0.6950959488272921
2363,24418,896,0,475,3,0,21000.0,1,0.7777777777777778,18,471,326,0.6936170212765957
2364,24418,896,0,477,0,1,15000.0,1,0.7777777777777778,18,472,326,0.692144373673036
2365,24418,1368,0,478,3,1,11000.0,1,0.9333333333333333,15,473,327,0.6927966101694916
2366,24418,554,0,479,0,0,17000.0,1,0.6410256410256411,39,474,328,0.693446088794926
2367,24418,789,0,476,3,0,18000.0,1,0.75,16,475,328,0.6919831223628692
2369,24418,295,0,482,3,1,18000.0,1,0.6363636363636364,22,476,328,0.6905263157894737
2370,24418,211,0,483,0,1,15000.0,1,0.8666666666666667,15,477,329,0.6911764705882353
2371,24418,810,0,480,0,1,16000.0,1,0.8666666666666667,15,478,330,0.6918238993710691
2372,24418,869,0,484,0,1,17000.0,1,0.8235294117647058,17,479,331,0.6924686192468619
2373,24418,1201,0,485,1,1,16000.0,1,1.0,8,480,332,0.6931106471816284
2374,24418,902,0,486,0,1,13000.0,1,1.0,17,481,333,0.69375
2375,24418,523,0,487,1,1,15000.0,1,0.9285714285714286,14,482,334,0.6943866943866944
2376,24418,615,0,488,3,1,9000.0,1,0.95,20,483,335,0.6950207468879668
2377,24418,794,0,489,3,1,15000.0,1,0.8,10,484,336,0.6956521739130435
2378,24418,356,0,490,3,0,16000.0,1,0.9090909090909091,11,485,337,0.6962809917355371
2379,24418,4755,0,491,2,1,21000.0,1,0.84375,32,486,337,0.6948453608247422
2380,24418,4114,0,492,2,1,27000.0,1,0.6764705882352942,34,487,338,0.6954732510288066
2381,24418,5262,0,493,0,1,8000.0,1,0.6710526315789473,76,488,339,0.6960985626283368
2382,24418,8168,0,494,1,0,37000.0,1,0.2222222222222222,9,489,340,0.6967213114754098
2383,24418,3873,0,495,1,1,9000.0,1,0.9,20,490,340,0.6952965235173824
2384,24418,8269,0,496,1,1,24000.0,1,1.0,2,491,341,0.6959183673469388
2385,24418,5692,0,497,3,1,21000.0,1,0.75,56,492,342,0.6965376782077393
2386,24418,9467,0,498,1,0,12000.0,1,0.7142857142857143,7,493,343,0.6971544715447154
2387,24418,5690,0,499,0,1,10000.0,1,0.7777777777777778,18,494,343,0.6957403651115619
2388,24418,4118,0,500,3,1,6000.0,1,0.8620689655172413,29,495,344,0.6963562753036437
2389,24418,203,0,501,1,1,7000.0,1,0.75,12,496,345,0.696969696969697
2390,24418,857,0,502,0,1,17000.0,1,0.7894736842105263,19,497,346,0.6975806451612904
2391,24418,452,0,503,0,1,16000.0,1,0.9,10,498,347,0.6981891348088531
2392,24418,1275,0,504,3,1,14000.0,1,0.8571428571428571,14,499,348,0.6987951807228916
2393,24418,792,0,505,1,1,15000.0,1,0.9230769230769231,13,500,349,0.6993987975951904
2394,24418,418,0,506,1,1,7000.0,1,0.75,16,501,350,0.7
2395,24418,1079,0,507,0,1,19000.0,1,0.7857142857142857,14,502,351,0.7005988023952096
2396,24418,790,0,508,3,1,14000.0,1,0.7,20,503,352,0.701195219123506
2397,24418,1048,0,509,0,1,19000.0,1,1.0,14,504,353,0.7017892644135189
2398,24418,844,0,510,1,1,14000.0,1,0.8571428571428571,14,505,354,0.7023809523809523
2399,24418,7911,0,511,0,1,9000.0,1,1.0,13,506,355,0.7029702970297029
2400,24418,61,0,512,3,1,21000.0,1,0.8571428571428571,21,507,356,0.7035573122529645
2401,24418,7887,0,513,3,1,21000.0,1,1.0,14,508,357,0.7041420118343196
2402,24418,10399,0,514,3,1,23000.0,1,1.0,7,509,358,0.7047244094488189
2403,24418,7852,0,515,3,1,20000.0,1,1.0,11,510,359,0.7053045186640472
2404,24418,13,0,516,1,1,14000.0,1,1.0,12,511,360,0.7058823529411765
2405,24418,184,0,517,1,1,20000.0,1,0.8461538461538461,26,512,361,0.7064579256360078
2406,24418,10617,0,518,2,1,20000.0,1,0.9166666666666666,12,513,362,0.70703125
2407,24418,194,0,519,2,0,20000.0,1,0.775,40,514,363,0.7076023391812866
2408,24418,187,0,520,3,1,21000.0,1,0.851063829787234,47,515,363,0.7062256809338522
2409,24418,7952,0,521,1,1,20000.0,1,1.0,10,516,364,0.7067961165048544
2410,24418,10466,0,522,2,1,9000.0,1,1.0,8,517,365,0.7073643410852714
2411,24418,7954,0,523,3,1,20000.0,1,1.0,16,518,366,0.7079303675048356
2412,24418,163,0,524,3,1,20000.0,1,1.0,15,519,367,0.7084942084942085
2413,24418,7955,0,525,2,0,21000.0,1,0.8181818181818182,11,520,368,0.7090558766859345
2414,24418,6612,0,526,0,1,23000.0,1,0.7714285714285715,35,521,368,0.7076923076923077
2415,24418,6609,0,526,2,1,23000.0,1,0.6,35,522,369,0.708253358925144
2416,24418,6610,0,526,1,1,23000.0,1,0.9714285714285714,35,523,370,0.7088122605363985
2417,24418,6611,0,526,2,0,23000.0,1,0.4857142857142857,35,524,371,0.7093690248565966
2418,24418,6767,0,527,1,1,31250.0,1,0.75,36,525,371,0.7080152671755725
2419,24418,6768,0,527,3,1,31250.0,1,0.7777777777777778,36,526,372,0.7085714285714285
2420,24418,6766,0,527,2,0,31250.0,1,0.7222222222222222,36,527,373,0.7091254752851711
2421,24418,6765,0,527,1,1,31250.0,1,0.8333333333333334,36,528,373,0.7077798861480076
2422,24418,10077,0,528,1,1,34000.0,1,0.9069767441860465,43,529,374,0.7083333333333334
2423,24418,10076,0,528,2,1,34000.0,1,0.8604651162790697,43,530,375,0.7088846880907372
2424,24418,10075,0,528,0,0,34000.0,1,0.46511627906976744,43,531,376,0.7094339622641509
2425,24418,10074,0,528,3,1,34000.0,1,0.6744186046511628,43,532,376,0.7080979284369114
2426,24418,4097,0,529,2,1,33500.0,1,1.0,1,533,377,0.7086466165413534
2427,24418,5388,0,530,2,1,12000.0,1,0.7222222222222222,18,534,378,0.7091932457786116
2428,24418,4470,0,531,0,0,6000.0,1,0.6451612903225806,62,535,379,0.7097378277153558
2429,24418,9389,0,532,2,1,28000.0,1,0.9166666666666666,12,536,379,0.708411214953271
2430,24418,4762,0,533,1,1,14000.0,1,0.9166666666666666,12,537,380,0.7089552238805971
2431,24418,6005,0,534,1,1,11000.0,1,0.6307692307692307,65,538,381,0.7094972067039106
2432,24418,4428,0,535,0,1,15000.0,1,0.796875,64,539,382,0.7100371747211895
2433,24418,8598,0,536,3,1,12000.0,1,1.0,5,540,383,0.7105751391465677
2434,24418,4704,0,537,0,0,15000.0,1,0.7692307692307693,26,541,384,0.7111111111111111
2435,24418,5327,0,538,1,0,10000.0,1,0.5909090909090909,44,542,384,0.7097966728280961
2436,24418,4207,0,539,3,1,27000.0,1,1.0,4,543,384,0.7084870848708487
2437,24418,9252,0,540,0,0,4000.0,1,0.6666666666666666,3,544,385,0.7090239410681399
2438,24418,3869,0,541,0,1,53000.0,1,1.0,6,545,385,0.7077205882352942
2439,24418,4847,0,542,1,1,4000.0,1,0.625,8,546,386,0.708256880733945
2440,24418,4842,0,543,3,1,21000.0,1,0.8888888888888888,9,547,387,0.7087912087912088
2441,24418,8621,0,544,0,1,22000.0,1,1.0,6,548,388,0.7093235831809872
2442,24418,6075,0,545,0,1,6000.0,1,1.0,6,549,389,0.7098540145985401
2443,24418,2550,0,546,1,1,11000.0,1,0.9285714285714286,14,550,390,0.7103825136612022
2444,24418,2548,0,546,3,1,11000.0,1,0.8571428571428571,14,551,391,0.7109090909090909
2445,24418,2549,0,546,1,1,11000.0,1,1.0,14,552,392,0.7114337568058077
2446,24418,1873,0,547,3,1,26333.0,1,0.8709677419354839,31,553,393,0.7119565217391305
2447,24418,1871,0,547,0,1,26333.0,1,0.7096774193548387,31,554,394,0.7124773960216998
2448,24418,1872,0,547,2,0,26333.0,1,0.5806451612903226,31,555,395,0.7129963898916968
2449,24418,2155,0,548,3,0,22000.0,1,0.34782608695652173,23,556,395,0.7117117117117117
2450,24418,2154,0,548,2,1,22000.0,1,1.0,23,557,395,0.710431654676259
2451,24418,2153,0,548,1,0,22000.0,1,0.9130434782608695,23,558,396,0.7109515260323159
2452,24418,1479,0,549,0,1,27666.0,1,0.72,25,559,396,0.7096774193548387
2453,24418,1480,0,549,1,0,27666.0,1,0.48,25,560,397,0.7101967799642218
2454,24418,1478,0,549,1,0,27666.0,1,0.64,25,561,397,0.7089285714285715
2455,24418,10646,0,550,0,1,27666.0,1,0.8333333333333334,12,562,397,0.7076648841354723
2456,24418,158,0,551,1,1,21000.0,1,1.0,5,563,398,0.708185053380783
2457,24418,38,0,552,0,1,19000.0,1,1.0,9,564,399,0.7087033747779752
2458,24418,42,0,553,1,1,21000.0,1,1.0,8,565,400,0.7092198581560284
2459,24418,10483,0,554,1,1,9000.0,1,0.8181818181818182,11,566,401,0.7097345132743362
2460,24418,128,0,555,0,1,21000.0,1,0.967741935483871,31,567,402,0.7102473498233216
2461,24418,7962,0,556,3,1,12000.0,1,1.0,8,568,403,0.7107583774250441
2462,24418,25,0,557,1,1,22000.0,1,0.8709677419354839,31,569,404,0.7112676056338029
2463,24418,10552,0,558,1,1,22000.0,1,1.0,8,570,405,0.7117750439367311
2464,24418,7957,0,559,2,1,21000.0,1,0.9166666666666666,12,571,406,0.712280701754386
2465,24418,7883,0,560,1,1,21000.0,1,0.8823529411764706,17,572,407,0.712784588441331
2466,24418,7921,0,561,0,1,23000.0,1,1.0,5,573,408,0.7132867132867133
2467,24418,10478,0,562,1,1,18000.0,1,0.8571428571428571,14,574,409,0.7137870855148342
2468,24418,7913,0,563,3,1,21000.0,1,1.0,12,575,410,0.7142857142857143
2469,24418,165,0,564,1,0,20000.0,1,0.6,35,576,411,0.7147826086956521
2470,24418,4495,0,565,0,1,22000.0,1,0.68,25,577,411,0.7135416666666666
2471,24418,4979,0,566,2,1,18000.0,1,0.6825396825396826,63,578,412,0.7140381282495667
2472,24418,8324,0,567,1,1,28000.0,1,0.8,10,579,413,0.7145328719723183
2473,24418,4576,0,568,1,1,14000.0,1,1.0,1,580,414,0.7150259067357513
2474,24418,9289,0,569,0,0,4000.0,1,0.8387096774193549,31,581,415,0.7155172413793104
2475,24418,5701,0,570,0,0,19000.0,1,0.7368421052631579,38,582,415,0.7142857142857143
2477,24418,4502,0,573,0,1,20000.0,1,0.7575757575757576,33,583,415,0.7130584192439863
2478,24418,5701,0,574,3,1,13000.0,1,0.7368421052631579,38,584,416,0.7135506003430532
2479,24418,8764,0,571,1,1,5000.0,1,0.9285714285714286,14,585,417,0.714041095890411
2480,24418,6451,0,575,0,1,15000.0,1,0.5208333333333334,48,586,418,0.7145299145299145
2481,24418,5329,0,576,3,1,20000.0,1,0.7777777777777778,36,587,419,0.7150170648464164
2482,24418,4724,0,577,1,1,23000.0,1,1.0,8,588,420,0.7155025553662692
2483,24418,6528,0,578,1,0,18000.0,1,0.36363636363636365,11,589,421,0.7159863945578231
2484,24418,6525,0,578,0,1,18000.0,1,1.0,11,590,421,0.7147707979626485
2485,24418,6527,0,578,2,0,18000.0,1,0.36363636363636365,11,591,422,0.7152542372881356
2486,24418,6526,0,578,1,0,18000.0,1,0.6363636363636364,11,592,422,0.7140439932318104
2487,24418,6857,0,579,1,0,40000.0,1,0.8648648648648649,37,593,422,0.7128378378378378
2488,24418,6858,0,579,3,1,40000.0,1,0.7027027027027027,37,594,422,0.7116357504215851
2489,24418,6859,0,579,1,0,40000.0,1,0.8918918918918919,37,595,423,0.7121212121212122
2490,24418,6860,0,579,1,1,40000.0,1,0.8108108108108109,37,596,423,0.7109243697478992
2491,24418,9522,0,580,1,1,33250.0,1,0.8181818181818182,11,597,424,0.7114093959731543
2492,24418,6140,0,581,1,1,21000.0,1,0.8333333333333334,18,598,425,0.711892797319933
2493,24418,4244,0,582,1,0,17000.0,1,0.5357142857142857,56,599,426,0.7123745819397993
2494,24418,6418,0,583,1,1,18000.0,1,0.625,8,600,426,0.7111853088480802
2495,24418,9787,0,584,3,1,16000.0,1,0.5,10,601,427,0.7116666666666667
2496,24418,4056,0,585,0,1,31000.0,1,0.8125,16,602,428,0.7121464226289518
2497,24418,4180,0,586,3,1,12000.0,1,1.0,12,603,429,0.7126245847176079
2498,24418,4995,0,587,3,1,25000.0,1,0.5072463768115942,138,604,430,0.7131011608623549
2499,24418,8987,0,588,2,1,6000.0,1,0.6666666666666666,12,605,431,0.7135761589403974
2500,24418,8257,0,589,3,0,12000.0,1,0.8181818181818182,22,606,432,0.7140495867768595
2501,24418,6174,0,590,0,1,29000.0,1,0.6666666666666666,3,607,432,0.7128712871287128
2502,24418,4669,0,591,3,1,31000.0,1,0.875,8,608,433,0.71334431630972
2503,24418,9951,0,592,2,0,10000.0,1,0.0,12,609,434,0.7138157894736842
2504,24418,9279,0,593,0,1,31000.0,1,1.0,3,610,434,0.7126436781609196
2505,24418,6798,0,594,0,1,24000.0,1,0.6538461538461539,26,611,435,0.7131147540983607
2506,24418,6797,0,594,1,1,24000.0,1,0.9230769230769231,26,612,436,0.7135842880523732
2507,24418,6800,0,594,0,1,24000.0,1,0.5769230769230769,26,613,437,0.7140522875816994
2508,24418,6799,0,594,2,1,24000.0,1,0.6153846153846154,26,614,438,0.7145187601957586
2509,24418,6488,0,595,3,1,35500.0,1,0.9444444444444444,18,615,439,0.7149837133550488
2510,24418,6485,0,595,2,1,35500.0,1,0.9444444444444444,18,616,440,0.7154471544715447
2511,24418,6486,0,595,0,1,35500.0,1,0.8333333333333334,18,617,441,0.7159090909090909
2512,24418,6487,0,595,3,1,35500.0,1,0.7777777777777778,18,618,442,0.7163695299837926
2513,24418,10019,0,596,1,0,32000.0,1,0.5454545454545454,11,619,443,0.7168284789644013
2514,24418,10020,0,596,1,0,32000.0,1,0.8181818181818182,11,620,443,0.715670436187399
2515,24418,10017,0,596,2,1,32000.0,1,0.5454545454545454,11,621,443,0.714516129032258
2516,24418,10018,0,596,3,1,32000.0,1,0.6363636363636364,11,622,444,0.714975845410628
2517,24418,5919,0,597,1,1,38000.0,1,0.9166666666666666,12,623,445,0.7154340836012861
2518,24418,5209,0,598,2,1,8000.0,1,0.875,16,624,446,0.7158908507223114
2519,24418,9848,0,599,1,1,19000.0,1,0.75,8,625,447,0.7163461538461539
2520,24418,5085,0,600,0,0,8000.0,1,0.6363636363636364,22,626,448,0.7168
2522,24418,8257,0,603,2,1,24000.0,1,0.8181818181818182,22,627,448,0.7156549520766773
2523,24418,5085,0,604,3,1,4000.0,1,0.6363636363636364,22,628,449,0.7161084529505582
2524,24418,6176,0,601,1,1,4000.0,1,1.0,1,629,450,0.7165605095541401
2525,24418,6106,0,605,2,1,6000.0,1,0.6229508196721312,61,630,451,0.7170111287758346
2526,24418,9216,0,606,3,0,47000.0,1,0.75,4,631,452,0.7174603174603175
2527,24418,5220,0,607,3,1,23000.0,1,0.9285714285714286,14,632,452,0.716323296354992
2528,24418,5611,0,608,0,1,19000.0,1,0.8,25,633,453,0.7167721518987342
2529,24418,5581,0,609,2,1,40000.0,1,0.5972222222222222,72,634,454,0.717219589257504
2530,24418,4208,0,610,2,1,9000.0,1,0.8888888888888888,9,635,455,0.7176656151419558
2531,24418,4253,0,611,3,1,12000.0,1,0.8148148148148148,27,636,456,0.7181102362204724
2532,24418,4534,0,612,3,0,6000.0,1,0.7241379310344828,29,637,457,0.7185534591194969
2534,24418,5340,0,615,1,1,30000.0,1,0.5909090909090909,44,638,457,0.717425431711146
2535,24418,4534,0,616,1,1,17000.0,1,0.7241379310344828,29,639,458,0.7178683385579937
2536,24418,4999,0,613,0,1,4000.0,1,0.8571428571428571,14,640,459,0.7183098591549296
2537,24418,8660,0,617,3,1,7000.0,1,0.14285714285714285,7,641,460,0.71875
2538,24418,6837,0,618,1,0,19000.0,1,0.7692307692307693,13,642,461,0.719188767550702
2539,24418,6838,0,618,3,1,19000.0,1,0.7692307692307693,13,643,461,0.7180685358255452
2540,24418,6839,0,618,3,0,19000.0,1,0.9230769230769231,13,644,462,0.71850699844479
2541,24418,6840,0,618,1,1,19000.0,1,0.7692307692307693,13,645,462,0.717391304347826
2542,24418,6862,0,619,2,1,31000.0,1,0.75,16,646,463,0.7178294573643411
2543,24418,6861,0,619,1,0,31000.0,1,0.75,16,647,464,0.718266253869969
2544,24418,6864,0,619,1,1,31000.0,1,0.6875,16,648,464,0.7171561051004637
2545,24418,6863,0,619,0,1,31000.0,1,0.9375,16,649,465,0.7175925925925926
2546,24418,4418,0,620,1,0,23250.0,1,0.5555555555555556,45,650,466,0.7180277349768875
2548,24418,6152,0,623,3,1,12000.0,1,0.6458333333333334,48,651,466,0.7169230769230769
2549,24418,6108,0,624,2,1,11000.0,1,0.6111111111111112,54,652,467,0.717357910906298
2550,24418,4144,0,621,0,1,6000.0,1,0.7857142857142857,14,653,468,0.7177914110429447
2551,24418,6155,0,625,3,1,13000.0,1,0.7037037037037037,54,654,469,0.7182235834609495
2552,24418,8949,0,626,2,0,33000.0,1,0.6666666666666666,6,655,470,0.7186544342507645
2553,24418,6250,0,627,1,1,24000.0,1,0.9047619047619048,21,656,470,0.7175572519083969
2554,24418,3635,0,628,0,0,21000.0,1,0.5421686746987951,83,657,471,0.7179878048780488
2556,24418,3635,0,631,1,1,20000.0,1,0.5421686746987951,83,658,471,0.7168949771689498
2557,24418,6661,0,632,2,1,3000.0,1,0.5576923076923077,52,659,472,0.7173252279635258
2558,24418,3854,0,629,0,0,15000.0,1,0.4787234042553192,94,660,473,0.7177541729893778
2559,24418,9833,0,633,0,1,32000.0,1,0.875,8,661,473,0.7166666666666667
2560,24418,4494,0,634,0,1,21000.0,1,0.66,50,662,474,0.7170953101361573
2561,24418,5180,0,635,1,1,10000.0,1,0.6571428571428571,35,663,475,0.7175226586102719
2562,24418,4010,0,637,3,1,20000.0,1,0.8,10,664,476,0.717948717948718
2563,24418,9254,0,638,1,1,16000.0,1,0.75,12,665,477,0.7183734939759037
2565,24418,6859,0,639,3,1,29000.0,1,0.8918918918918919,37,666,478,0.718796992481203
2566,24418,6858,0,639,3,1,29000.0,1,0.7027027027027027,37,667,479,0.7192192192192193
2567,24418,6857,0,639,3,1,29000.0,1,0.8648648648648649,37,668,480,0.719640179910045
2568,24418,6860,0,639,1,1,29000.0,1,0.8108108108108109,37,669,481,0.7200598802395209
2569,24418,7863,0,640,0,1,23250.0,1,0.896551724137931,58,670,482,0.7204783258594918
2570,24418,10603,0,641,1,1,20000.0,1,0.6428571428571429,14,671,483,0.7208955223880597
2571,24418,86,0,642,1,0,7000.0,1,0.6521739130434783,23,672,484,0.7213114754098361
2572,24418,117,0,643,2,1,21000.0,1,1.0,12,673,484,0.7202380952380952
2573,24418,7966,0,644,2,1,23000.0,1,1.0,4,674,485,0.7206537890044576
2574,24418,10405,0,645,0,1,17000.0,1,0.5294117647058824,17,675,486,0.7210682492581603
2575,24418,142,0,646,3,1,22000.0,1,0.7692307692307693,26,676,487,0.7214814814814815
2576,24418,195,0,647,1,0,20000.0,1,0.7916666666666666,24,677,488,0.7218934911242604
2577,24418,47,0,648,2,1,22000.0,1,0.8461538461538461,13,678,488,0.7208271787296898
2578,24418,10500,0,649,0,1,22000.0,1,1.0,8,679,489,0.7212389380530974
2579,24418,7855,0,650,0,1,13000.0,1,1.0,11,680,490,0.7216494845360825
2580,24418,44,0,651,2,1,20000.0,1,1.0,6,681,491,0.7220588235294118
2581,24418,7885,0,652,3,1,19000.0,1,1.0,8,682,492,0.7224669603524229
2582,24418,10524,0,653,0,1,22000.0,1,1.0,12,683,493,0.7228739002932552
2583,24418,7918,0,654,0,1,23000.0,1,0.8888888888888888,9,684,494,0.7232796486090776
2584,24418,7891,0,655,2,0,21000.0,1,0.7647058823529411,17,685,495,0.7236842105263158
2586,24418,86,0,658,0,1,21000.0,1,0.6521739130434783,23,686,495,0.7226277372262774
2587,24418,7891,0,659,3,1,13000.0,1,0.7647058823529411,17,687,496,0.7230320699708455
2588,24418,155,0,656,1,1,16000.0,1,0.9166666666666666,12,688,497,0.7234352256186317
2589,24418,10649,0,660,1,1,21000.0,1,0.6666666666666666,12,689,498,0.7238372093023255
2590,24418,7856,0,661,0,1,20000.0,1,0.9,10,690,499,0.7242380261248186
2591,24418,11,0,662,3,1,12000.0,1,1.0,6,691,500,0.7246376811594203
2592,24418,4432,0,663,1,0,19000.0,1,0.5365853658536586,41,692,501,0.7250361794500724
2593,24418,3632,0,664,2,1,10000.0,1,0.7818181818181819,55,693,501,0.7239884393063584
2594,24418,4310,0,665,3,0,15000.0,1,0.5555555555555556,9,694,502,0.7243867243867244
2595,24418,9657,0,666,0,1,5000.0,1,0.8571428571428571,7,695,502,0.723342939481268
2596,24418,5873,0,667,3,0,13000.0,1,0.75,8,696,503,0.7237410071942446
2598,24418,5873,0,670,0,1,7000.0,1,0.75,8,697,503,0.7227011494252874
2599,24418,4310,0,671,1,1,4000.0,1,0.5555555555555556,9,698,504,0.7230989956958394
2600,24418,6469,0,668,1,0,9000.0,1,0.5454545454545454,44,699,505,0.7234957020057307
2601,24418,771,0,673,3,1,11000.0,1,0.8421052631578947,19,700,505,0.7224606580829757
2602,24418,1004,0,674,3,1,16000.0,1,0.9,10,701,506,0.7228571428571429
2603,24418,572,0,675,1,0,15000.0,1,0.7678571428571429,56,702,507,0.7232524964336662
2604,24418,1377,0,676,0,1,15000.0,1,1.0,13,703,507,0.7222222222222222
2605,24418,725,0,677,3,0,18000.0,1,0.8863636363636364,44,704,508,0.7226173541963016
2606,24418,572,0,679,3,1,17000.0,1,0.7678571428571429,56,705,508,0.7215909090909091
2607,24418,1290,0,680,3,1,14000.0,1,0.8048780487804879,41,706,509,0.7219858156028369
2608,24418,725,0,681,1,1,20000.0,1,0.8863636363636364,44,707,510,0.7223796033994334
2609,24418,750,0,682,1,1,9000.0,1,0.7037037037037037,27,708,511,0.7227722772277227
2610,24418,1181,0,683,1,1,10000.0,1,0.6829268292682927,41,709,512,0.7231638418079096
2611,24418,945,0,678,1,0,16000.0,1,0.8666666666666667,15,710,513,0.7235543018335684
2612,24418,940,0,684,0,1,17000.0,1,0.8333333333333334,12,711,513,0.7225352112676057
2613,24418,1085,0,685,1,0,15000.0,1,0.675,40,712,514,0.7229254571026723
2614,24418,912,0,686,1,1,21000.0,1,0.8181818181818182,11,713,514,0.7219101123595506
2615,24418,984,0,687,1,0,13000.0,1,0.7083333333333334,48,714,515,0.7223001402524544
2616,24418,886,0,688,1,0,17000.0,1,0.7575757575757576,66,715,515,0.7212885154061625
2617,24418,557,0,689,0,1,17000.0,1,0.8333333333333334,12,716,515,0.7202797202797203
2618,24418,682,0,690,0,1,16000.0,1,0.9285714285714286,14,717,516,0.7206703910614525
2619,24418,438,0,691,1,0,15000.0,1,0.7439024390243902,82,718,517,0.7210599721059973
2621,24418,886,0,694,3,1,18000.0,1,0.7575757575757576,66,719,517,0.7200557103064067
2622,24418,438,0,695,3,1,17000.0,1,0.7439024390243902,82,720,518,0.7204450625869263
2623,24418,342,0,692,1,1,14000.0,1,0.9285714285714286,14,721,519,0.7208333333333333
2624,24418,229,0,696,0,1,16000.0,1,0.8666666666666667,15,722,520,0.7212205270457698
2625,24418,373,0,697,0,1,16000.0,1,0.7692307692307693,13,723,521,0.721606648199446
2626,24418,897,0,698,3,1,16000.0,1,0.9,10,724,522,0.7219917012448133
2627,24418,7916,0,672,1,1,16000.0,1,0.8333333333333334,24,725,523,0.7223756906077348
2628,24418,10616,0,699,0,0,19000.0,1,0.25,16,726,524,0.7227586206896551
2629,24418,7,0,700,0,1,12000.0,1,0.96,25,727,524,0.721763085399449
2630,24418,6778,0,701,1,0,14000.0,1,0.7586206896551724,29,728,525,0.7221458046767538
2631,24418,6779,0,701,0,1,14000.0,1,0.41379310344827586,29,729,525,0.7211538461538461
2632,24418,6777,0,701,3,0,14000.0,1,0.20689655172413793,29,730,526,0.7215363511659808
2633,24418,6780,0,701,3,1,14000.0,1,0.896551724137931,29,731,526,0.7205479452054795
2634,24418,6505,0,702,2,1,38750.0,1,0.75,4,732,527,0.7209302325581395
2635,24418,6506,0,702,1,1,38750.0,1,0.75,4,733,528,0.7213114754098361
2636,24418,6508,0,702,1,1,38750.0,1,1.0,4,734,529,0.7216916780354706
2637,24418,6507,0,702,2,1,38750.0,1,1.0,4,735,530,0.7220708446866485
2638,24418,3289,0,703,2,1,38500.0,1,0.44,25,736,531,0.7224489795918367
2639,24418,3290,0,703,1,1,38500.0,1,0.52,25,737,532,0.7228260869565217
2640,24418,3288,0,703,3,1,38500.0,1,1.0,25,738,533,0.723202170963365
2641,24418,2742,0,704,2,0,27333.0,1,0.6,5,739,534,0.7235772357723578
2642,24418,2741,0,704,3,1,27333.0,1,1.0,5,740,534,0.7225981055480379
2643,24418,2740,0,704,0,1,27333.0,1,0.8,5,741,535,0.722972972972973
2644,24418,5694,0,705,3,1,25666.0,1,0.7407407407407407,27,742,536,0.7233468286099866
2645,24418,5832,0,706,3,1,21000.0,1,0.8888888888888888,9,743,537,0.7237196765498652
2646,24418,5582,0,707,2,1,23000.0,1,0.5483870967741935,62,744,538,0.7240915208613729
2647,24418,5253,0,708,1,0,12000.0,1,0.6086956521739131,23,745,539,0.7244623655913979
2648,24418,4978,0,709,0,1,8000.0,1,0.7647058823529411,34,746,539,0.723489932885906
2649,24418,9055,0,710,2,1,22000.0,1,0.8461538461538461,13,747,540,0.7238605898123325
2650,24418,3718,0,711,1,1,11000.0,1,0.8333333333333334,12,748,541,0.7242302543507363
2651,24418,5700,0,712,2,0,15000.0,1,0.8214285714285714,28,749,542,0.7245989304812834
2652,24418,5367,0,713,2,0,11000.0,1,0.8,25,750,542,0.7236315086782377
2653,24418,9022,0,714,3,1,17000.0,1,0.4,15,751,542,0.7226666666666667
2654,24418,6668,0,715,3,1,47000.0,1,0.6629213483146067,89,752,543,0.7230359520639148
2655,24418,5616,0,716,1,1,27000.0,1,0.3950617283950617,81,753,544,0.723404255319149
2656,24418,6743,0,717,0,1,28000.0,1,0.95,20,754,545,0.7237715803452855
2657,24418,6744,0,717,2,0,28000.0,1,0.65,20,755,546,0.7241379310344828
2658,24418,6741,0,717,1,1,28000.0,1,0.9,20,756,546,0.7231788079470198
2659,24418,6742,0,717,1,1,28000.0,1,0.6,20,757,547,0.7235449735449735
2660,24418,8489,0,718,1,1,45500.0,1,0.7857142857142857,28,758,548,0.7239101717305152
2661,24418,9534,0,719,1,1,20000.0,1,0.6666666666666666,6,759,549,0.7242744063324539
2662,24418,4112,0,720,3,1,18000.0,1,0.8333333333333334,6,760,550,0.7246376811594203
2663,24418,5675,0,721,0,1,16000.0,1,0.9230769230769231,26,761,551,0.725
2664,24418,9259,0,722,2,1,14000.0,1,0.4891304347826087,92,762,552,0.7253613666228647
2665,24418,9918,0,723,3,0,27000.0,1,0.5833333333333334,12,763,553,0.7257217847769029
2666,24418,3933,0,724,0,1,14000.0,1,0.7647058823529411,17,764,553,0.7247706422018348
2667,24418,4510,0,725,0,1,28000.0,1,1.0,6,765,554,0.725130890052356
2668,24418,6119,0,726,2,1,18000.0,1,0.5154639175257731,97,766,555,0.7254901960784313
2669,24418,9395,0,727,0,0,21000.0,1,0.46153846153846156,13,767,556,0.7258485639686684
2670,24418,5629,0,728,0,1,26000.0,1,1.0,6,768,556,0.7249022164276402
2671,24418,5156,0,729,2,0,36000.0,1,0.4897959183673469,49,769,557,0.7252604166666666
2672,24418,4778,0,730,1,0,38000.0,1,0.8333333333333334,18,770,557,0.7243172951885566
2673,24418,8804,0,731,0,0,43000.0,1,0.7777777777777778,9,771,557,0.7233766233766233
2674,24418,4105,0,732,0,1,16000.0,1,0.8333333333333334,18,772,557,0.7224383916990921
2675,24418,9260,0,733,1,0,23000.0,1,0.7142857142857143,35,773,558,0.7227979274611399
2677,24418,6469,0,735,1,0,15000.0,1,0.5454545454545454,44,774,558,0.7218628719275549
2678,24418,9260,0,736,0,1,41000.0,1,0.7142857142857143,35,775,558,0.7209302325581395
2679,24418,7865,0,737,0,1,14000.0,1,1.0,19,776,559,0.7212903225806452
2680,24418,7931,0,738,1,1,20000.0,1,1.0,5,777,560,0.7216494845360825
2681,24418,10537,0,739,2,0,22000.0,1,0.7777777777777778,9,778,561,0.722007722007722
2682,24418,7895,0,740,3,1,21000.0,1,0.875,8,779,561,0.7210796915167095
2683,24418,50,0,741,2,0,19000.0,1,0.9375,32,780,562,0.7214377406931964
2684,24418,99,0,742,3,1,20000.0,1,1.0,6,781,562,0.7205128205128205
2685,24418,10422,0,743,1,0,19000.0,1,0.6363636363636364,11,782,563,0.7208706786171575
2686,24418,7928,0,744,2,0,20000.0,1,0.8421052631578947,19,783,563,0.7199488491048593
2687,24418,51,0,745,0,1,21000.0,1,1.0,33,784,563,0.719029374201788
2688,24418,129,0,746,2,1,18000.0,1,0.9166666666666666,12,785,564,0.7193877551020408
2689,24418,10669,0,747,3,0,21000.0,1,0.75,12,786,565,0.7197452229299363
2690,24418,46,0,748,2,1,24000.0,1,0.875,8,787,565,0.7188295165394402
2691,24418,57,0,749,0,1,20000.0,1,1.0,11,788,566,0.7191867852604829
2692,24418,18,0,750,1,1,20000.0,1,0.8333333333333334,36,789,567,0.7195431472081218
2693,24418,10389,0,751,1,0,20000.0,1,0.8181818181818182,11,790,568,0.7198986058301647
2694,24418,21,0,752,3,1,22000.0,1,0.8095238095238095,21,791,568,0.7189873417721518
2695,24418,5,0,753,2,1,19000.0,1,0.8235294117647058,17,792,569,0.7193426042983565
2696,24418,7877,0,754,0,1,23000.0,1,0.9,20,793,570,0.7196969696969697
2697,24418,10594,0,755,2,1,22000.0,1,1.0,8,794,571,0.7200504413619168
2698,24418,135,0,756,3,1,20000.0,1,1.0,17,795,572,0.7204030226700252
2699,24418,900,0,757,3,0,20000.0,1,0.8,10,796,573,0.720754716981132
2700,24418,443,0,758,0,1,16000.0,1,0.8333333333333334,18,797,573,0.7198492462311558
2701,24418,797,0,759,1,1,18000.0,1,1.0,11,798,574,0.7202007528230866
2702,24418,1005,0,760,1,0,15000.0,1,0.8,15,799,575,0.7205513784461153
2703,24418,1096,0,761,0,1,17000.0,1,0.7380952380952381,42,800,575,0.7196495619524406
2704,24418,658,0,762,0,1,17000.0,1,0.7894736842105263,19,801,576,0.72
2705,24418,1232,0,763,1,1,16000.0,1,0.8620689655172413,29,802,577,0.7203495630461922
2706,24418,1320,0,764,1,1,18000.0,1,0.8947368421052632,19,803,578,0.7206982543640897
2707,24418,1164,0,765,0,0,16000.0,1,0.8888888888888888,18,804,579,0.7210460772104608
2708,24418,303,0,766,1,1,20000.0,1,0.6,10,805,579,0.7201492537313433
2709,24418,988,0,767,0,0,15000.0,1,0.8461538461538461,13,806,580,0.7204968944099379
2710,24418,1344,0,768,0,0,15000.0,1,0.7450980392156863,51,807,580,0.7196029776674938
2711,24418,1344,0,769,3,1,18000.0,1,0.7450980392156863,51,808,580,0.7187112763320942
2712,24418,750,0,770,1,1,13000.0,1,0.7037037037037037,27,809,581,0.719059405940594
2713,24418,572,0,771,3,1,16000.0,1,0.7678571428571429,56,810,582,0.7194066749072929
2714,24418,984,0,772,1,0,17000.0,1,0.7083333333333334,48,811,583,0.7197530864197531
2715,24418,725,0,773,1,1,17000.0,1,0.8863636363636364,44,812,583,0.718865598027127
2716,24418,4140,0,774,1,0,10000.0,1,0.7272727272727273,11,813,584,0.7192118226600985
2717,24418,8922,0,775,0,1,15000.0,1,0.625,8,814,584,0.7183271832718328
2718,24418,5718,0,776,0,1,14000.0,1,0.8857142857142857,35,815,585,0.7186732186732187
2719,24418,6078,0,777,0,1,4000.0,1,0.6,40,816,586,0.7190184049079754
2720,24418,3731,0,778,1,0,18000.0,1,0.5344827586206896,116,817,587,0.7193627450980392
2721,24418,9515,0,779,1,0,11000.0,1,0.42857142857142855,7,818,587,0.7184822521419829
2722,24418,4461,0,781,0,0,32000.0,1,0.875,16,819,587,0.71760391198044
2724,24418,5992,0,784,2,0,23000.0,1,0.4166666666666667,12,820,587,0.7167277167277167
2725,24418,4461,0,785,2,1,18000.0,1,0.875,16,821,587,0.7158536585365853
2726,24418,3631,0,782,3,1,5000.0,1,0.6153846153846154,26,822,588,0.7161997563946407
2727,24418,6382,0,786,3,1,25000.0,1,0.6666666666666666,15,823,589,0.7165450121654501
2728,24418,8962,0,787,3,0,10000.0,1,0.25,8,824,590,0.7168894289185905
2729,24418,5250,0,788,3,1,28000.0,1,0.5588235294117647,68,825,590,0.7160194174757282
2730,24418,6046,0,789,3,1,45000.0,1,0.8823529411764706,34,826,591,0.7163636363636363
2732,24418,3717,0,790,1,1,25000.0,1,0.5648148148148148,108,827,592,0.7167070217917676
2733,24418,3731,0,791,2,1,8000.0,1,0.5344827586206896,116,828,593,0.717049576783555
2734,24418,4299,0,792,2,1,9000.0,1,0.5263157894736842,19,829,594,0.717391304347826
2735,24418,8523,0,793,1,1,11000.0,1,0.8461538461538461,13,830,595,0.7177322074788902
2736,24418,5284,0,794,3,0,22000.0,1,0.6666666666666666,18,831,596,0.7180722891566265
2737,24418,4260,0,795,0,1,24000.0,1,0.8333333333333334,18,832,596,0.717208182912154
2738,24418,5164,0,796,3,1,10000.0,1,0.9230769230769231,13,833,597,0.7175480769230769
2739,24418,9863,0,797,3,1,19000.0,1,0.75,4,834,598,0.7178871548619448
2740,24418,3970,0,798,1,1,15000.0,1,0.6363636363636364,55,835,599,0.7182254196642686
2741,24418,6281,0,799,1,1,31000.0,1,0.675,40,836,600,0.718562874251497
2742,24418,8227,0,800,0,1,18000.0,1,0.6666666666666666,9,837,601,0.7188995215311005
2743,24418,9966,0,801,2,0,7000.0,1,0.6363636363636364,11,838,602,0.7192353643966547
2744,24418,4643,0,802,1,1,26000.0,1,1.0,3,839,602,0.7183770883054893
2745,24418,4067,0,803,1,1,9000.0,1,0.8214285714285714,28,840,603,0.7187127532777116
2746,24418,3737,0,804,3,1,21000.0,1,0.8571428571428571,7,841,604,0.719047619047619
2747,24418,8678,0,805,0,1,13000.0,1,0.875,8,842,605,0.7193816884661117
2748,24418,6115,0,806,0,1,23000.0,1,0.8787878787878788,33,843,606,0.7197149643705463
2749,24418,4807,0,807,0,0,5000.0,1,0.5925925925925926,54,844,607,0.7200474495848161
2750,24418,4416,0,808,1,1,21000.0,1,0.8611111111111112,72,845,607,0.7191943127962085
2751,24418,8334,0,809,2,1,17000.0,1,0.2,15,846,608,0.7195266272189349
2752,24418,4202,0,810,2,0,19000.0,1,0.7857142857142857,14,847,609,0.7198581560283688
2754,24418,4202,0,813,1,1,26000.0,1,0.7857142857142857,14,848,609,0.71900826446281
2755,24418,5367,0,814,0,1,5000.0,1,0.8,25,849,610,0.7193396226415094
2756,24418,3603,0,811,1,1,23000.0,1,0.75,32,850,611,0.7196702002355713
2757,24418,6261,0,815,0,0,25000.0,1,0.42857142857142855,42,851,612,0.72
2758,24418,8847,0,816,2,0,5000.0,1,0.42857142857142855,7,852,612,0.7191539365452408
2759,24418,6637,0,817,2,1,23000.0,1,0.7333333333333333,30,853,612,0.7183098591549296
2760,24418,6639,0,817,0,1,23000.0,1,0.7,30,854,613,0.7186400937866354
2761,24418,6638,0,817,2,0,23000.0,1,0.5666666666666667,30,855,614,0.7189695550351288
2762,24418,6640,0,817,2,0,23000.0,1,0.7,30,856,614,0.7181286549707603
2763,24418,6783,0,818,2,1,35250.0,1,0.76,25,857,614,0.7172897196261683
2764,24418,6784,0,818,0,1,35250.0,1,0.88,25,858,615,0.7176196032672112
2765,24418,6781,0,818,0,1,35250.0,1,0.92,25,859,616,0.717948717948718
2766,24418,6782,0,818,1,1,35250.0,1,0.76,25,860,617,0.7182770663562281
2767,24418,10336,0,819,1,0,35250.0,1,0.8333333333333334,6,861,618,0.7186046511627907
2768,24418,10339,0,819,2,0,35250.0,1,0.8333333333333334,6,862,618,0.7177700348432056
2769,24418,10337,0,819,0,1,35250.0,1,1.0,6,863,618,0.7169373549883991
2770,24418,10338,0,819,0,0,35250.0,1,0.6666666666666666,6,864,619,0.7172653534183082
2771,24418,6831,0,820,1,0,40500.0,1,0.6818181818181818,22,865,619,0.7164351851851852
2772,24418,6832,0,820,1,1,40500.0,1,0.6363636363636364,22,866,619,0.715606936416185
2773,24418,6830,0,820,1,1,40500.0,1,0.9545454545454546,22,867,620,0.7159353348729792
2774,24418,6829,0,820,3,1,40500.0,1,1.0,22,868,621,0.7162629757785467
2775,24418,6842,0,821,0,1,24750.0,1,0.9534883720930233,43,869,622,0.716589861751152
2776,24418,6843,0,821,1,1,24750.0,1,0.8837209302325582,43,870,623,0.716915995397008
2777,24418,6841,0,821,0,0,24750.0,1,0.23255813953488372,43,871,624,0.7172413793103448
2778,24418,6844,0,821,0,0,24750.0,1,0.5348837209302325,43,872,624,0.7164179104477612
2779,24418,6577,0,822,1,0,34750.0,1,0.6774193548387096,31,873,624,0.7155963302752294
2780,24418,6578,0,822,0,0,34750.0,1,0.3870967741935484,31,874,624,0.7147766323024055
2781,24418,6579,0,822,1,1,34750.0,1,0.8709677419354839,31,875,624,0.7139588100686499
2782,24418,6580,0,822,0,1,34750.0,1,0.8387096774193549,31,876,625,0.7142857142857143
2783,24418,6546,0,823,1,1,31000.0,1,0.6,5,877,626,0.7146118721461188
2784,24418,6545,0,823,0,1,31000.0,1,0.8,5,878,627,0.7149372862029647
2785,24418,6548,0,823,2,1,31000.0,1,0.8,5,879,628,0.715261958997722
2786,24418,6547,0,823,0,0,31000.0,1,0.4,5,880,629,0.7155858930602957
2787,24418,90,0,824,2,1,33000.0,1,0.8333333333333334,6,881,629,0.7147727272727272
2788,24418,52,0,825,3,1,19000.0,1,0.8727272727272727,55,882,630,0.7150964812712827
2789,24418,10456,0,826,1,1,19000.0,1,0.875,16,883,631,0.7154195011337868
2790,24418,7937,0,827,1,1,21000.0,1,1.0,8,884,632,0.7157417893544734
2791,24418,7933,0,828,2,1,23000.0,1,0.6756756756756757,37,885,633,0.7160633484162896
2792,24418,85,0,829,1,1,24000.0,1,0.9047619047619048,21,886,634,0.7163841807909604
2793,24418,10404,0,830,1,1,22000.0,1,0.6470588235294118,17,887,635,0.7167042889390519
2794,24418,7896,0,831,2,1,21000.0,1,0.9696969696969697,33,888,636,0.7170236753100339
2795,24418,7927,0,832,3,1,19000.0,1,0.8113207547169812,53,889,637,0.7173423423423423
2796,24418,7917,0,833,3,1,23000.0,1,0.8461538461538461,13,890,638,0.7176602924634421
2797,24418,10387,0,834,1,0,21000.0,1,0.6428571428571429,14,891,639,0.7179775280898877
2798,24418,7861,0,835,1,1,22000.0,1,1.0,5,892,639,0.7171717171717171
2799,24418,103,0,836,0,1,19000.0,1,0.7333333333333333,30,893,640,0.7174887892376681
2800,24418,130,0,837,2,0,20000.0,1,0.7796610169491526,59,894,641,0.7178051511758119
2802,24418,130,0,840,3,1,23000.0,1,0.7796610169491526,59,895,641,0.7170022371364653
2803,24418,10620,0,838,1,1,2000.0,1,0.8666666666666667,15,896,642,0.71731843575419
2804,24418,7981,0,841,2,0,19000.0,1,0.5555555555555556,36,897,643,0.7176339285714286
2805,24418,151,0,842,3,1,23000.0,1,1.0,9,898,643,0.7168338907469343
2806,24418,76,0,843,1,0,20000.0,1,0.6818181818181818,44,899,644,0.7171492204899778
2807,24418,10436,0,844,3,1,23000.0,1,0.75,8,900,644,0.7163515016685206
2808,24418,7897,0,845,0,1,20000.0,1,0.9130434782608695,23,901,645,0.7166666666666667
2809,24418,7975,0,846,3,1,23000.0,1,0.9,10,902,646,0.7169811320754716
2810,24418,7898,0,847,1,0,20000.0,1,0.5625,112,903,647,0.7172949002217295
2811,24418,7898,0,849,2,1,24000.0,1,0.5625,112,904,647,0.716500553709856
2812,24418,130,0,850,3,1,3000.0,1,0.7796610169491526,59,905,648,0.7168141592920354
2813,24418,10672,0,848,3,1,17000.0,1,0.9,10,906,649,0.7171270718232045
2814,24418,84,0,851,2,1,22000.0,1,1.0,12,907,650,0.717439293598234
2815,24418,7888,0,852,3,0,22000.0,1,0.7931034482758621,29,908,651,0.7177508269018743
2816,24418,119,0,853,0,1,24000.0,1,0.75,8,909,651,0.7169603524229075
2817,24418,10653,0,854,1,1,13000.0,1,0.9,10,910,652,0.7172717271727173
2818,24418,153,0,855,0,1,8000.0,1,0.8181818181818182,22,911,653,0.7175824175824176
2819,24418,7967,0,856,2,1,23000.0,1,0.8846153846153846,26,912,654,0.7178924259055982
2820,24418,7935,0,857,1,0,25000.0,1,0.7575757575757576,33,913,655,0.7182017543859649
2822,24418,7935,0,859,3,1,22000.0,1,0.7575757575757576,33,914,655,0.7174151150054765
2823,24418,76,0,860,3,1,17000.0,1,0.6818181818181818,44,915,656,0.7177242888402626
2824,24418,4419,0,861,1,1,23000.0,1,0.7551020408163265,49,916,657,0.7180327868852459
2825,24418,3698,0,862,3,1,14000.0,1,0.9,20,917,658,0.7183406113537117
2826,24418,6123,0,863,3,1,7000.0,1,0.75,16,918,659,0.7186477644492911
2827,24418,7994,0,864,1,1,44000.0,1,0.6666666666666666,9,919,660,0.7189542483660131
2828,24418,5758,0,865,2,1,12000.0,1,1.0,3,920,661,0.719260065288357
2829,24418,9258,0,866,0,0,7000.0,1,0.8333333333333334,18,921,662,0.7195652173913043
2830,24418,4074,0,867,3,1,15000.0,1,0.5873015873015873,63,922,662,0.7187839305103149
2831,24418,9965,0,868,1,0,30000.0,1,0.5714285714285714,7,923,663,0.7190889370932755
2832,24418,4976,0,869,3,1,19000.0,1,0.5932203389830508,59,924,663,0.7183098591549296
2833,24418,6652,0,870,1,1,22000.0,1,1.0,10,925,664,0.7186147186147186
2834,24418,4142,0,871,1,1,19000.0,1,0.5555555555555556,27,926,665,0.7189189189189189
2835,24418,9540,0,872,0,0,24000.0,1,0.5,8,927,666,0.7192224622030238
2836,24418,4841,0,873,3,1,23000.0,1,0.85,20,928,666,0.7184466019417476
2837,24418,3761,0,874,2,1,5000.0,1,0.9333333333333333,15,929,667,0.71875
2838,24418,4132,0,875,1,1,23000.0,1,0.8333333333333334,18,930,668,0.7190527448869752
2839,24418,9429,0,876,3,1,7000.0,1,0.8,10,931,669,0.7193548387096774
2840,24418,5545,0,877,1,1,17000.0,1,0.9166666666666666,24,932,670,0.719656283566058
2841,24418,5248,0,878,3,1,12000.0,1,0.7333333333333333,15,933,671,0.7199570815450643
2842,24418,3853,0,879,3,1,8000.0,1,0.6944444444444444,36,934,672,0.7202572347266881
2843,24418,8679,0,880,3,1,25000.0,1,0.9230769230769231,13,935,673,0.7205567451820128
2844,24418,6114,0,881,3,0,18000.0,1,0.5584415584415584,77,936,674,0.720855614973262
2845,24418,4147,0,882,0,1,19000.0,1,0.7567567567567568,37,937,674,0.7200854700854701
2846,24418,4984,0,883,1,1,13000.0,1,0.75,48,938,675,0.7203842049092849
2847,24418,8316,0,884,2,1,7000.0,1,0.5555555555555556,9,939,676,0.720682302771855
2848,24418,6185,0,885,3,1,21000.0,1,0.5974025974025974,77,940,677,0.7209797657082002
2849,24418,4130,0,886,3,0,26000.0,1,0.26785714285714285,56,941,678,0.7212765957446808
2850,24418,5179,0,887,0,1,5000.0,1,1.0,5,942,678,0.720510095642933
2851,24418,8836,0,888,0,1,41000.0,1,1.0,8,943,679,0.7208067940552016
2852,24418,3978,0,889,0,0,15000.0,1,0.8846153846153846,26,944,680,0.721102863202545
2854,24418,5259,0,892,1,0,11000.0,1,0.5483870967741935,31,945,680,0.7203389830508474
2855,24418,3978,0,893,2,1,8000.0,1,0.8846153846153846,26,946,680,0.7195767195767195
2856,24418,8494,0,890,1,1,5000.0,1,0.5098039215686274,51,947,681,0.7198731501057083
2857,24418,3913,0,894,3,1,24000.0,1,0.8571428571428571,7,948,682,0.720168954593453
2858,24418,354,0,895,3,1,9000.0,1,0.7272727272727273,22,949,683,0.7204641350210971
2859,24418,1172,0,896,0,1,16000.0,1,0.9565217391304348,23,950,684,0.7207586933614331
2860,24418,1142,0,897,0,0,17000.0,1,0.7727272727272727,22,951,685,0.7210526315789474
2861,24418,765,0,898,1,1,20000.0,1,0.9230769230769231,13,952,685,0.7202944269190326
2862,24418,936,0,899,0,1,14000.0,1,1.0,15,953,686,0.7205882352941176
2863,24418,1204,0,900,3,1,17000.0,1,0.88,25,954,687,0.720881427072403
2864,24418,1187,0,901,1,0,16000.0,1,0.8823529411764706,17,955,688,0.7211740041928721
2865,24418,1164,0,903,3,1,17000.0,1,0.8888888888888888,18,956,688,0.7204188481675393
2866,24418,777,0,904,1,1,17000.0,1,0.7894736842105263,19,957,689,0.7207112970711297
2867,24418,1302,0,905,1,1,15000.0,1,0.5833333333333334,24,958,690,0.7210031347962382
2868,24418,280,0,906,3,1,18000.0,1,0.75,24,959,691,0.721294363256785
2869,24418,1187,0,907,3,1,17000.0,1,0.8823529411764706,17,960,692,0.721584984358707
2870,24418,673,0,902,3,1,19000.0,1,1.0,13,961,693,0.721875
2871,24418,1262,0,908,1,1,19000.0,1,0.7272727272727273,22,962,694,0.7221644120707597
2872,24418,812,0,909,3,0,18000.0,1,0.7857142857142857,14,963,695,0.7224532224532224
2873,24418,1089,0,910,1,1,16000.0,1,0.9375,16,964,695,0.7217030114226376
2874,24418,431,0,911,1,1,16000.0,1,0.9090909090909091,11,965,696,0.7219917012448133
2875,24418,562,0,912,1,1,15000.0,1,0.8947368421052632,19,966,697,0.722279792746114
2876,24418,992,0,913,1,1,19000.0,1,0.9166666666666666,12,967,698,0.722567287784679
2877,24418,1252,0,914,1,1,16000.0,1,0.8333333333333334,42,968,699,0.7228541882109617
2878,24418,656,0,915,1,1,15000.0,1,0.9090909090909091,11,969,700,0.7231404958677686
2879,24418,513,0,916,1,1,17000.0,1,0.9090909090909091,11,970,701,0.7234262125902993
2880,24418,1322,0,917,1,1,17000.0,1,0.8055555555555556,36,971,702,0.7237113402061855
2881,24418,600,0,918,3,1,14000.0,1,0.9285714285714286,14,972,703,0.7239958805355304
2882,24418,1299,0,919,0,1,20000.0,1,0.8333333333333334,18,973,704,0.7242798353909465
2883,24418,413,0,920,3,0,15000.0,1,0.6666666666666666,18,974,705,0.7245632065775951
2885,24418,1005,0,923,1,0,21000.0,1,0.8,15,975,705,0.7238193018480493
2886,24418,277,0,921,3,0,17000.0,1,0.6341463414634146,41,976,705,0.7230769230769231
2887,24418,1325,0,925,3,1,18000.0,1,0.7142857142857143,14,977,705,0.7223360655737705
2888,24418,442,0,926,1,0,18000.0,1,0.8235294117647058,17,978,706,0.7226202661207779
2889,24418,424,0,927,1,0,17000.0,1,0.8076923076923077,26,979,706,0.721881390593047
2890,24418,1085,0,929,0,1,20000.0,1,0.675,40,980,706,0.7211440245148111
2891,24418,1142,0,930,3,1,14000.0,1,0.7727272727272727,22,981,707,0.7214285714285714
2892,24418,896,0,931,0,1,15000.0,1,0.7777777777777778,18,982,708,0.7217125382262997
2893,24418,1368,0,932,3,1,16000.0,1,0.9333333333333333,15,983,709,0.7219959266802444
2894,24418,424,0,933,3,1,17000.0,1,0.8076923076923077,26,984,710,0.7222787385554426
2895,24418,407,0,928,3,1,17000.0,1,0.625,24,985,711,0.7225609756097561
2896,24418,413,0,924,1,1,17000.0,1,0.6666666666666666,18,986,712,0.7228426395939086
2897,24418,1219,0,934,1,1,9000.0,1,0.8571428571428571,14,987,713,0.7231237322515213
2898,24418,856,0,935,0,0,18000.0,1,0.9333333333333333,15,988,714,0.723404255319149
2899,24418,321,0,937,0,1,19000.0,1,0.7857142857142857,14,989,714,0.7226720647773279
2900,24418,895,0,938,3,1,18000.0,1,0.75,8,990,715,0.7229524772497472
2901,24418,856,0,939,1,1,15000.0,1,0.9333333333333333,15,991,716,0.7232323232323232
2902,24418,945,0,940,0,1,9000.0,1,0.8666666666666667,15,992,717,0.7235116044399597
2903,24418,812,0,941,0,1,17000.0,1,0.7857142857142857,14,993,718,0.7237903225806451
2904,24418,780,0,936,1,1,13000.0,1,0.7058823529411765,17,994,719,0.7240684793554885
2905,24418,199,0,942,0,0,16000.0,1,0.44554455445544555,101,995,720,0.7243460764587525
2907,24418,199,0,944,3,1,18000.0,1,0.44554455445544555,101,996,720,0.7236180904522613
2908,24418,877,0,945,1,0,16000.0,1,0.5289256198347108,121,997,721,0.7238955823293173
2909,24418,2017,0,946,1,0,16000.0,1,0.7222222222222222,18,998,721,0.7231695085255767
2910,24418,2015,0,946,0,0,16000.0,1,0.6111111111111112,18,999,721,0.7224448897795591
2911,24418,2016,0,946,0,0,16000.0,1,0.7222222222222222,18,1000,721,0.7217217217217218
2912,24418,1880,0,947,0,1,25333.0,1,0.8333333333333334,18,1001,721,0.721
2913,24418,1881,0,947,1,0,25333.0,1,0.3888888888888889,18,1002,722,0.7212787212787213
2914,24418,1882,0,947,3,1,25333.0,1,0.5,18,1003,722,0.720558882235529
2915,24418,2247,0,948,2,1,24000.0,1,0.8571428571428571,7,1004,723,0.7208374875373879
2916,24418,2246,0,948,0,1,24000.0,1,0.7142857142857143,7,1005,724,0.7211155378486056
2917,24418,2245,0,948,3,1,24000.0,1,0.8571428571428571,7,1006,725,0.7213930348258707
2918,24418,1518,0,949,0,0,23333.0,1,0.8387096774193549,31,1007,726,0.7216699801192843
2919,24418,1517,0,949,0,1,23333.0,1,0.5806451612903226,31,1008,726,0.7209533267130089
2920,24418,1519,0,949,2,1,23333.0,1,0.7419354838709677,31,1009,727,0.7212301587301587
2921,24418,1687,0,950,2,1,25666.0,1,0.75,4,1010,728,0.7215064420218038
2922,24418,1686,0,950,0,1,25666.0,1,1.0,4,1011,729,0.7217821782178218
2923,24418,1685,0,950,1,1,25666.0,1,1.0,4,1012,730,0.722057368941642
2924,24418,1718,0,951,1,0,24666.0,1,0.42857142857142855,21,1013,731,0.7223320158102767
2925,24418,1719,0,951,2,0,24666.0,1,0.7142857142857143,21,1014,731,0.721618953603159
2926,24418,1720,0,951,3,1,24666.0,1,1.0,21,1015,731,0.7209072978303748
2927,24418,2462,0,952,0,0,25333.0,1,0.4444444444444444,9,1016,732,0.7211822660098522
2928,24418,2463,0,952,0,1,25333.0,1,0.8888888888888888,9,1017,732,0.7204724409448819
2929,24418,2461,0,952,3,1,25333.0,1,1.0,9,1018,733,0.7207472959685349
2930,24418,1477,0,953,1,1,23666.0,1,0.9333333333333333,30,1019,734,0.7210216110019646
2931,24418,1475,0,953,0,0,23666.0,1,0.7666666666666667,30,1020,735,0.7212953876349362
2932,24418,1476,0,953,2,0,23666.0,1,0.9,30,1021,735,0.7205882352941176
2933,24418,2123,0,954,2,0,26000.0,1,0.6666666666666666,9,1022,735,0.7198824681684622
2934,24418,2124,0,954,0,1,26000.0,1,0.7777777777777778,9,1023,735,0.7191780821917808
2935,24418,2125,0,954,2,1,26000.0,1,0.6666666666666666,9,1024,736,0.7194525904203324
2936,24418,2383,0,955,1,0,27000.0,1,0.5714285714285714,21,1025,737,0.7197265625
2937,24418,2384,0,955,1,0,27000.0,1,0.5714285714285714,21,1026,737,0.7190243902439024
2938,24418,2385,0,955,1,1,27000.0,1,0.8095238095238095,21,1027,737,0.7183235867446394
2940,24418,1718,0,957,0,1,25333.0,1,0.42857142857142855,21,1028,738,0.7185978578383642
2941,24418,1719,0,957,1,1,25333.0,1,0.7142857142857143,21,1029,739,0.7188715953307393
2942,24418,1720,0,957,3,1,25333.0,1,1.0,21,1030,740,0.7191448007774538
2943,24418,2198,0,958,2,1,23000.0,1,0.6923076923076923,13,1031,741,0.7194174757281553
2944,24418,2197,0,958,1,1,23000.0,1,0.9230769230769231,13,1032,742,0.7196896217264791
2945,24418,2199,0,958,2,0,23000.0,1,0.9230769230769231,13,1033,743,0.7199612403100775
2946,24418,2008,0,959,1,1,26000.0,1,0.7666666666666667,30,1034,743,0.7192642787996127
2947,24418,2007,0,959,1,0,26000.0,1,0.5,30,1035,744,0.7195357833655706
2948,24418,2006,0,959,2,0,26000.0,1,0.7333333333333333,30,1036,744,0.7188405797101449
2949,24418,1620,0,960,2,1,25333.0,1,0.625,16,1037,744,0.7181467181467182
2950,24418,1619,0,960,1,0,25333.0,1,0.6875,16,1038,745,0.7184185149469624
2951,24418,1621,0,960,1,0,25333.0,1,0.75,16,1039,745,0.7177263969171483
2953,24418,2017,0,963,0,1,26666.0,1,0.7222222222222222,18,1040,745,0.7170356111645814
2954,24418,2015,0,963,1,1,26666.0,1,0.6111111111111112,18,1041,746,0.7173076923076923
2955,24418,2016,0,963,3,1,26666.0,1,0.7222222222222222,18,1042,747,0.7175792507204611
2956,24418,1963,0,961,3,1,25333.0,1,0.9230769230769231,13,1043,748,0.7178502879078695
2957,24418,1962,0,961,0,1,25333.0,1,0.8461538461538461,13,1044,749,0.7181208053691275
2958,24418,1961,0,961,3,0,25333.0,1,0.6153846153846154,13,1045,750,0.7183908045977011
2959,24418,2043,0,964,0,1,23666.0,1,0.9285714285714286,14,1046,750,0.7177033492822966
2960,24418,2044,0,964,2,0,23666.0,1,0.35714285714285715,14,1047,751,0.7179732313575525
2961,24418,2042,0,964,1,1,23666.0,1,0.9285714285714286,14,1048,751,0.7172874880611271
2962,24418,2129,0,965,3,1,22666.0,1,0.9130434782608695,23,1049,752,0.7175572519083969
2963,24418,2130,0,965,0,1,22666.0,1,0.8260869565217391,23,1050,753,0.7178265014299333
2964,24418,2131,0,965,3,1,22666.0,1,0.9565217391304348,23,1051,754,0.7180952380952381
2965,24418,1416,0,966,3,1,23666.0,1,1.0,4,1052,755,0.7183634633682208
2966,24418,1417,0,966,2,1,23666.0,1,1.0,4,1053,756,0.7186311787072244
2967,24418,1415,0,966,1,1,23666.0,1,1.0,4,1054,757,0.7188983855650523
2968,24418,10668,0,967,2,1,26000.0,1,1.0,8,1055,758,0.7191650853889943
2969,24418,138,0,968,1,1,28000.0,1,0.8333333333333334,18,1056,759,0.7194312796208531
2970,24418,7876,0,969,2,0,64000.0,1,0.41198501872659177,267,1057,760,0.7196969696969697
2971,24418,7947,0,970,2,1,21000.0,1,1.0,8,1058,760,0.7190160832544938
2972,24418,10578,0,971,0,1,20000.0,1,0.9090909090909091,11,1059,761,0.719281663516068
2973,24418,7963,0,972,2,1,21000.0,1,1.0,21,1060,762,0.7195467422096318
2974,24418,120,0,973,3,1,23000.0,1,0.88,25,1061,763,0.719811320754717
2975,24418,7886,0,974,0,1,22000.0,1,0.9090909090909091,11,1062,764,0.7200754005655042
2976,24418,10554,0,975,1,1,25000.0,1,0.8,10,1063,765,0.7203389830508474
2977,24418,7864,0,976,0,1,20000.0,1,0.8888888888888888,9,1064,766,0.7206020696142992
2978,24418,7965,0,977,0,1,25000.0,1,0.631578947368421,38,1065,767,0.7208646616541353
2979,24418,108,0,978,3,1,16000.0,1,0.8709677419354839,31,1066,768,0.7211267605633803
2980,24418,10460,0,979,3,1,21000.0,1,0.8125,16,1067,769,0.7213883677298312
2981,24418,7901,0,980,1,1,23000.0,1,0.875,40,1068,770,0.7216494845360825
2982,24418,7939,0,981,1,1,22000.0,1,0.8636363636363636,22,1069,771,0.7219101123595506
2983,24418,35,0,982,0,1,8000.0,1,1.0,9,1070,772,0.7221702525724977
2984,24418,10463,0,983,1,1,19000.0,1,0.7,10,1071,773,0.7224299065420561
2985,24418,48,0,984,3,1,23000.0,1,0.9090909090909091,11,1072,774,0.7226890756302521
2986,24418,7902,0,985,3,1,23000.0,1,0.8888888888888888,9,1073,775,0.7229477611940298
2987,24418,7915,0,986,1,1,23000.0,1,0.7058823529411765,34,1074,776,0.723205964585275
2988,24418,10647,0,987,3,1,8000.0,1,0.8181818181818182,11,1075,777,0.723463687150838
2989,24418,164,0,988,1,0,20000.0,1,0.56,25,1076,778,0.7237209302325581
2990,24418,6030,0,989,3,0,22000.0,1,0.42857142857142855,14,1077,778,0.7230483271375465
2991,24418,6072,0,990,0,1,28000.0,1,0.7222222222222222,18,1078,778,0.7223769730733519
2992,24418,5009,0,991,1,1,20000.0,1,0.5238095238095238,21,1079,779,0.7226345083487941
2993,24418,6280,0,992,2,0,27000.0,1,0.6764705882352942,34,1080,780,0.7228915662650602
2994,24418,9370,0,993,0,1,34000.0,1,1.0,10,1081,780,0.7222222222222222
2995,24418,5012,0,994,1,1,27000.0,1,0.5384615384615384,39,1082,781,0.7224791859389454
2996,24418,4141,0,995,1,0,34000.0,1,0.676923076923077,65,1083,782,0.722735674676525
2997,24418,4005,0,996,1,0,27000.0,1,0.7916666666666666,24,1084,782,0.7220683287165282
2999,24418,4005,0,999,3,1,25000.0,1,0.7916666666666666,24,1085,782,0.7214022140221402
3000,24418,5168,0,1000,1,1,6000.0,1,0.7142857142857143,35,1086,783,0.7216589861751153
3001,24418,9007,0,997,0,0,26000.0,1,0.8,5,1087,784,0.7219152854511971
3002,24418,4772,0,1001,1,0,21000.0,1,0.6521739130434783,23,1088,784,0.7212511499540019
3003,24418,3892,0,1002,1,1,34000.0,1,0.6153846153846154,13,1089,784,0.7205882352941176
3004,24418,4386,0,1003,1,1,20000.0,1,0.8571428571428571,7,1090,785,0.7208448117539027
3005,24418,8793,0,1004,3,0,12000.0,1,0.3333333333333333,3,1091,786,0.7211009174311926
3006,24418,4569,0,1005,1,1,39000.0,1,0.8928571428571429,28,1092,786,0.7204399633363886
3007,24418,6369,0,1006,2,1,26000.0,1,0.6956521739130435,23,1093,787,0.7206959706959707
3008,24418,3559,0,1007,1,0,22000.0,1,0.3333333333333333,3,1094,788,0.7209515096065874
3009,24418,6211,0,1008,3,1,7000.0,1,0.9,10,1095,788,0.720292504570384
3010,24418,6336,0,1009,0,1,28000.0,1,0.9230769230769231,13,1096,789,0.7205479452054795
3011,24418,5166,0,1010,1,1,12000.0,1,0.6666666666666666,39,1097,790,0.7208029197080292
3012,24418,3872,0,1011,2,1,30000.0,1,0.7083333333333334,24,1098,791,0.7210574293527803
3013,24418,9748,0,1012,0,1,32000.0,1,0.3333333333333333,3,1099,792,0.7213114754098361
3014,24418,5626,0,1013,2,0,31000.0,1,0.65625,32,1100,793,0.721565059144677
3015,24418,4357,0,1014,0,1,31000.0,1,1.0,3,1101,793,0.7209090909090909
3016,24418,3609,0,1015,0,1,8000.0,1,0.6716417910447762,67,1102,794,0.7211625794732062
3017,24418,9361,0,1016,2,1,12000.0,1,1.0,5,1103,795,0.721415607985481
3018,24418,4455,0,1017,3,0,29000.0,1,0.631578947368421,38,1104,796,0.7216681776971895
3019,24418,6329,0,1018,1,1,13000.0,1,0.6153846153846154,13,1105,796,0.7210144927536232
3020,24418,5585,0,1019,2,0,22000.0,1,0.5428571428571428,70,1106,797,0.7212669683257918
3022,24418,6117,0,1022,2,1,37000.0,1,0.4605263157894737,76,1107,797,0.720614828209765
3023,24418,5585,0,1023,3,1,25000.0,1,0.5428571428571428,70,1108,798,0.7208672086720868
3024,24418,9037,0,1020,2,0,2000.0,1,0.8333333333333334,6,1109,799,0.7211191335740073
3025,24418,5802,0,1024,0,1,29000.0,1,1.0,3,1110,799,0.7204688908926962
3026,24418,1007,0,1025,3,1,6000.0,1,0.75,16,1111,800,0.7207207207207207
3027,24418,230,0,1026,3,1,18000.0,1,0.9411764705882353,17,1112,801,0.720972097209721
3028,24418,531,0,1027,3,0,16000.0,1,0.75,20,1113,802,0.7212230215827338
3029,24418,480,0,1028,0,1,16000.0,1,0.7777777777777778,9,1114,802,0.7205750224618149
3030,24418,720,0,1029,1,0,17000.0,1,0.5909090909090909,22,1115,803,0.7208258527827648
3031,24418,889,0,1030,3,1,21000.0,1,0.7272727272727273,22,1116,803,0.7201793721973094
3032,24418,1158,0,1031,0,0,18000.0,1,0.6904761904761905,42,1117,804,0.7204301075268817
3033,24418,539,0,1032,3,0,19000.0,1,0.7857142857142857,14,1118,804,0.7197851387645479
3034,24418,1302,0,1034,1,1,22000.0,1,0.5833333333333334,24,1119,804,0.7191413237924866
3035,24418,1187,0,1035,3,1,11000.0,1,0.8823529411764706,17,1120,805,0.7193923145665773
3036,24418,539,0,1036,0,1,16000.0,1,0.7857142857142857,14,1121,806,0.7196428571428571
3037,24418,1158,0,1037,3,1,18000.0,1,0.6904761904761905,42,1122,807,0.719892952720785
3038,24418,1164,0,1038,3,1,17000.0,1,0.8888888888888888,18,1123,808,0.7201426024955436
3039,24418,1380,0,1033,1,0,17000.0,1,0.8235294117647058,17,1124,809,0.7203918076580588
3040,24418,1316,0,1039,1,1,22000.0,1,0.7777777777777778,9,1125,809,0.7197508896797153
3041,24418,1014,0,1040,1,1,16000.0,1,0.7619047619047619,21,1126,810,0.72
3042,24418,468,0,1041,3,1,10000.0,1,1.0,18,1127,811,0.7202486678507993
3043,24418,376,0,1042,1,1,17000.0,1,0.6060606060606061,33,1128,812,0.7204968944099379
3044,24418,198,0,1043,0,1,9000.0,1,0.8571428571428571,7,1129,813,0.7207446808510638
3045,24418,1120,0,1044,3,0,22000.0,1,0.8125,16,1130,814,0.7209920283436669
3047,24418,1120,0,1047,0,1,21000.0,1,0.8125,16,1131,814,0.720353982300885
3048,24418,413,0,1048,0,0,13000.0,1,0.6666666666666666,18,1132,815,0.7206012378426172
3049,24418,894,0,1045,3,1,19000.0,1,0.7142857142857143,21,1133,815,0.7199646643109541
3050,24418,1282,0,1049,1,0,17000.0,1,0.5714285714285714,14,1134,816,0.7202118270079435
3052,24418,1180,0,1052,1,0,16000.0,1,0.8,15,1135,816,0.7195767195767195
3053,24418,442,0,1053,1,0,14000.0,1,0.8235294117647058,17,1136,816,0.718942731277533
3054,24418,824,0,1050,3,0,18000.0,1,0.580952380952381,105,1137,816,0.7183098591549296
3055,24418,1344,0,1055,0,0,16000.0,1,0.7450980392156863,51,1138,816,0.7176781002638523
3056,24418,984,0,1056,0,1,20000.0,1,0.7083333333333334,48,1139,816,0.7170474516695958
3057,24418,824,0,1057,0,1,15000.0,1,0.580952380952381,105,1140,817,0.7172958735733099
3058,24418,277,0,1058,1,1,15000.0,1,0.6341463414634146,41,1141,818,0.7175438596491228
3059,24418,725,0,1059,1,1,19000.0,1,0.8863636363636364,44,1142,819,0.7177914110429447
3060,24418,647,0,1054,1,0,17000.0,1,0.6666666666666666,24,1143,820,0.7180385288966725
3061,24418,847,0,1060,3,0,18000.0,1,0.5,22,1144,820,0.7174103237095363
3062,24418,1667,0,1061,1,1,17000.0,1,1.0,10,1145,820,0.7167832167832168
3063,24418,1668,0,1061,3,1,17000.0,1,1.0,10,1146,821,0.7170305676855895
3064,24418,1669,0,1061,1,1,17000.0,1,0.9,10,1147,822,0.7172774869109948
3065,24418,2299,0,1062,1,1,19666.0,1,1.0,11,1148,823,0.7175239755884917
3066,24418,2300,0,1062,0,0,19666.0,1,0.7272727272727273,11,1149,824,0.7177700348432056
3067,24418,2301,0,1062,1,0,19666.0,1,0.6363636363636364,11,1150,824,0.7171453437771975
3068,24418,1474,0,1063,1,0,28666.0,1,0.35714285714285715,28,1151,824,0.7165217391304348
3069,24418,1473,0,1063,0,1,28666.0,1,1.0,28,1152,824,0.7158992180712423
3070,24418,1472,0,1063,1,0,28666.0,1,0.75,28,1153,825,0.7161458333333334
3071,24418,1655,0,1064,3,1,26000.0,1,1.0,9,1154,825,0.7155247181266262
3072,24418,1656,0,1064,3,1,26000.0,1,0.8888888888888888,9,1155,826,0.7157712305025996
3073,24418,1657,0,1064,2,1,26000.0,1,1.0,9,1156,827,0.716017316017316
3074,24418,2150,0,1065,3,0,25000.0,1,0.6,5,1157,828,0.7162629757785467
3075,24418,2151,0,1065,1,1,25000.0,1,1.0,5,1158,828,0.7156439066551427
3076,24418,2152,0,1065,0,0,25000.0,1,0.6,5,1159,829,0.7158894645941278
3078,24418,2300,0,1068,2,1,20666.0,1,0.7272727272727273,11,1160,829,0.7152717860224331
3079,24418,2301,0,1068,2,1,20666.0,1,0.6363636363636364,11,1161,830,0.7155172413793104
3080,24418,2299,0,1068,1,1,20666.0,1,1.0,11,1162,831,0.7157622739018088
3081,24418,1664,0,1066,1,1,23333.0,1,1.0,8,1163,832,0.7160068846815835
3082,24418,1666,0,1066,3,0,23333.0,1,0.75,8,1164,833,0.7162510748065348
3083,24418,1665,0,1066,0,1,23333.0,1,1.0,8,1165,833,0.7156357388316151
3084,24418,1425,0,1069,2,0,24333.0,1,0.7241379310344828,29,1166,834,0.7158798283261802
3085,24418,1424,0,1069,0,1,24333.0,1,0.7931034482758621,29,1167,834,0.7152658662092625
3086,24418,1426,0,1069,2,1,24333.0,1,0.9655172413793104,29,1168,835,0.715509854327335
3087,24418,1888,0,1070,1,0,26666.0,1,0.3888888888888889,18,1169,836,0.7157534246575342
3088,24418,1886,0,1070,2,1,26666.0,1,0.5555555555555556,18,1170,836,0.7151411462788708
3089,24418,1887,0,1070,1,1,26666.0,1,0.9444444444444444,18,1171,837,0.7153846153846154
3090,24418,6561,0,1072,2,1,26666.0,1,0.7692307692307693,26,1172,838,0.7156276686592656
3091,24418,6563,0,1072,0,0,26666.0,1,0.7307692307692307,26,1173,839,0.7158703071672355
3092,24418,6564,0,1072,3,0,26666.0,1,0.6153846153846154,26,1174,839,0.7152600170502984
3093,24418,6562,0,1072,1,1,26666.0,1,0.5384615384615384,26,1175,839,0.7146507666098807
3094,24418,6903,0,1073,1,1,41750.0,1,0.76,25,1176,840,0.7148936170212766
3095,24418,6901,0,1073,2,1,41750.0,1,0.92,25,1177,841,0.7151360544217688
3096,24418,6902,0,1073,3,1,41750.0,1,0.8,25,1178,842,0.7153780798640612
3097,24418,6900,0,1073,3,1,41750.0,1,0.8,25,1179,843,0.7156196943972836
3098,24418,6849,0,1075,3,1,29750.0,1,0.7368421052631579,19,1180,844,0.7158608990670059
3099,24418,6850,0,1075,0,1,29750.0,1,0.8947368421052632,19,1181,845,0.7161016949152542
3100,24418,6851,0,1075,3,1,29750.0,1,0.7894736842105263,19,1182,846,0.7163420829805249
3101,24418,6852,0,1075,3,0,29750.0,1,0.7894736842105263,19,1183,847,0.7165820642978004
3102,24418,4667,0,1076,2,1,26250.0,1,0.6666666666666666,30,1184,847,0.7159763313609467
3103,24418,5328,0,1077,2,1,25000.0,1,0.8461538461538461,26,1185,848,0.7162162162162162
3104,24418,8971,0,1078,3,0,17000.0,1,0.5,8,1186,849,0.7164556962025317
3105,24418,6251,0,1079,3,1,41000.0,1,0.8823529411764706,17,1187,849,0.7158516020236088
3106,24418,5833,0,1080,3,1,36000.0,1,0.8,15,1188,850,0.7160909856781803
3107,24418,4798,0,1081,2,0,39000.0,1,0.5,8,1189,851,0.7163299663299664
3108,24418,8436,0,1082,0,0,33000.0,1,0.8,5,1190,851,0.7157275021026073
3109,24418,4836,0,1083,1,1,29000.0,1,0.6666666666666666,39,1191,851,0.7151260504201681
3110,24418,5350,0,1084,0,0,38000.0,1,0.5301204819277109,83,1192,852,0.7153652392947103
3111,24418,9720,0,1085,1,1,48000.0,1,0.8333333333333334,6,1193,852,0.714765100671141
3112,24418,3786,0,1086,3,1,32000.0,1,0.875,8,1194,853,0.7150041911148366
3113,24418,4496,0,1087,1,0,17000.0,1,0.6823529411764706,85,1195,854,0.7152428810720268
3114,24418,4257,0,1088,0,0,13000.0,1,0.4166666666666667,84,1196,854,0.7146443514644352
3116,24418,4725,0,1091,0,1,16000.0,1,0.7692307692307693,13,1197,854,0.7140468227424749
3117,24418,4807,0,1092,2,1,24000.0,1,0.5925925925925926,54,1198,855,0.7142857142857143
3118,24418,4974,0,1089,0,1,6000.0,1,1.0,5,1199,856,0.7145242070116862
3119,24418,8191,0,1093,2,0,17000.0,1,0.6666666666666666,12,1200,857,0.7147623019182652
3120,24418,3855,0,1094,3,1,34000.0,1,0.5571428571428572,70,1201,857,0.7141666666666666
3121,24418,6147,0,1095,0,1,33000.0,1,1.0,15,1202,858,0.7144046627810158
3122,24418,5254,0,1096,0,1,17000.0,1,0.6829268292682927,41,1203,859,0.7146422628951747
3123,24418,8723,0,1097,3,1,13000.0,1,1.0,13,1204,860,0.714879467996675
3124,24418,4490,0,1098,1,0,11000.0,1,0.8275862068965517,29,1205,861,0.7151162790697675
3126,24418,3858,0,1101,3,1,30000.0,1,0.7222222222222222,36,1206,861,0.7145228215767635
3127,24418,4490,0,1102,2,1,9000.0,1,0.8275862068965517,29,1207,862,0.714759535655058
3128,24418,8470,0,1099,0,1,4000.0,1,0.9,20,1208,863,0.7149958574979287
3129,24418,5190,0,1103,2,1,15000.0,1,0.7916666666666666,24,1209,864,0.7152317880794702
3130,24418,9213,0,1104,0,1,28000.0,1,0.75,12,1210,865,0.7154673283705542
3131,24418,5707,0,1105,1,1,8000.0,1,0.7083333333333334,24,1211,866,0.715702479338843
3132,24418,5185,0,1106,1,1,40000.0,1,0.6666666666666666,21,1212,867,0.7159372419488026
3133,24418,4277,0,1107,2,0,38000.0,1,0.8571428571428571,7,1213,868,0.7161716171617162
3134,24418,9095,0,1108,3,1,16000.0,1,0.9090909090909091,11,1214,868,0.7155812036273702
3135,24418,5038,0,1109,0,1,26000.0,1,0.5393258426966292,89,1215,869,0.7158154859967051
3136,24418,4560,0,1110,1,1,19000.0,1,0.75,4,1216,870,0.7160493827160493
3137,24418,5029,0,1111,3,0,7000.0,1,0.4827586206896552,58,1217,871,0.7162828947368421
3138,24418,917,0,1112,3,1,9000.0,1,0.875,16,1218,871,0.7156943303204601
3139,24418,1196,0,1113,0,1,16000.0,1,0.7272727272727273,22,1219,872,0.715927750410509
3140,24418,472,0,1114,0,1,16000.0,1,0.7857142857142857,14,1220,873,0.716160787530763
3141,24418,1188,0,1115,3,1,19000.0,1,0.8421052631578947,19,1221,874,0.7163934426229508
3142,24418,839,0,1116,0,1,17000.0,1,0.9166666666666666,12,1222,875,0.7166257166257166
3143,24418,1080,0,1117,1,1,18000.0,1,0.875,32,1223,876,0.7168576104746317
3144,24418,664,0,1118,0,1,15000.0,1,0.75,8,1224,877,0.7170891251022077
3145,24418,551,0,1119,0,1,18000.0,1,0.9,20,1225,878,0.7173202614379085
3146,24418,333,0,1120,3,1,19000.0,1,0.9444444444444444,18,1226,879,0.7175510204081633
3147,24418,302,0,1121,0,1,18000.0,1,0.6956521739130435,23,1227,880,0.7177814029363785
3148,24418,1251,0,1122,0,1,17000.0,1,0.85,20,1228,881,0.7180114099429503
3149,24418,1031,0,1123,3,1,14000.0,1,0.7857142857142857,14,1229,882,0.7182410423452769
3150,24418,867,0,1124,0,0,16000.0,1,0.8,15,1230,883,0.7184703010577705
3151,24418,1349,0,1125,0,1,17000.0,1,1.0,12,1231,883,0.7178861788617886
3152,24418,870,0,1126,1,0,14000.0,1,0.8333333333333334,30,1232,884,0.7181153533712429
3153,24418,1374,0,1127,0,0,24000.0,1,0.6428571428571429,28,1233,884,0.7175324675324676
3154,24418,1057,0,1128,0,1,19000.0,1,1.0,10,1234,884,0.7169505271695052
3155,24418,1107,0,1129,0,0,18000.0,1,0.6956521739130435,23,1235,885,0.7171799027552674
3156,24418,397,0,1130,3,1,17000.0,1,1.0,21,1236,885,0.7165991902834008
3157,24418,1115,0,1131,1,1,15000.0,1,0.9333333333333333,15,1237,886,0.7168284789644013
3158,24418,1240,0,1132,3,0,15000.0,1,0.8421052631578947,19,1238,887,0.7170573969280517
3159,24418,740,0,1133,0,1,19000.0,1,0.8260869565217391,23,1239,887,0.7164781906300485
3160,24418,277,0,1134,3,0,14000.0,1,0.6341463414634146,41,1240,888,0.7167070217917676
3161,24418,789,0,1135,0,1,17000.0,1,0.75,16,1241,888,0.7161290322580646
3162,24418,1374,0,1136,3,1,17000.0,1,0.6428571428571429,28,1242,889,0.7163577759871071
3163,24418,1240,0,1137,0,1,18000.0,1,0.8421052631578947,19,1243,890,0.71658615136876
3165,24418,6577,0,1138,2,1,16000.0,1,0.6774193548387096,31,1244,891,0.7168141592920354
3166,24418,6578,0,1138,3,1,16000.0,1,0.3870967741935484,31,1245,892,0.7170418006430869
3167,24418,6579,0,1138,1,1,16000.0,1,0.8709677419354839,31,1246,893,0.7172690763052209
3168,24418,6580,0,1138,0,1,16000.0,1,0.8387096774193549,31,1247,894,0.7174959871589085
3169,24418,1460,0,1139,3,1,16750.0,1,1.0,5,1248,895,0.7177225340817963
3170,24418,1461,0,1139,0,1,16750.0,1,1.0,5,1249,896,0.717948717948718
3171,24418,1462,0,1139,0,1,16750.0,1,1.0,5,1250,897,0.7181745396317054
3172,24418,1917,0,1140,0,1,24000.0,1,0.5714285714285714,14,1251,898,0.7184
3173,24418,1916,0,1140,0,0,24000.0,1,0.7857142857142857,14,1252,899,0.718625099920064
3174,24418,1918,0,1140,3,0,24000.0,1,0.7857142857142857,14,1253,899,0.7180511182108626
3175,24418,1637,0,1141,3,1,28333.0,1,0.8461538461538461,26,1254,899,0.7174780526735834
3176,24418,1638,0,1141,3,1,28333.0,1,0.9230769230769231,26,1255,900,0.7177033492822966
3177,24418,1639,0,1141,3,0,28333.0,1,0.7307692307692307,26,1256,901,0.7179282868525897
3178,24418,2248,0,1142,1,1,28666.0,1,0.7272727272727273,22,1257,901,0.7173566878980892
3179,24418,2249,0,1142,3,0,28666.0,1,0.7272727272727273,22,1258,902,0.7175815433571997
3180,24418,2250,0,1142,2,0,28666.0,1,0.3181818181818182,22,1259,902,0.7170111287758346
3181,24418,2493,0,1143,3,0,20666.0,1,0.9,10,1260,902,0.716441620333598
3182,24418,2492,0,1143,3,1,20666.0,1,0.6,10,1261,902,0.7158730158730159
3183,24418,2491,0,1143,1,0,20666.0,1,0.5,10,1262,903,0.7160983346550357
3185,24418,2153,0,1146,0,1,28333.0,1,0.9130434782608695,23,1263,903,0.7155309033280507
3186,24418,2154,0,1146,2,1,28333.0,1,1.0,23,1264,904,0.7157561361836896
3187,24418,2155,0,1146,3,0,28333.0,1,0.34782608695652173,23,1265,905,0.7159810126582279
3188,24418,1560,0,1144,0,1,21000.0,1,0.8,15,1266,905,0.7154150197628458
3189,24418,1561,0,1144,3,1,21000.0,1,0.9333333333333333,15,1267,906,0.7156398104265402
3190,24418,1559,0,1144,2,1,21000.0,1,0.9333333333333333,15,1268,907,0.7158642462509865
3191,24418,2002,0,1147,2,0,26666.0,1,0.7419354838709677,31,1269,908,0.7160883280757098
3192,24418,2000,0,1147,1,0,26666.0,1,0.45161290322580644,31,1270,908,0.7155240346729709
3193,24418,2001,0,1147,1,0,26666.0,1,0.8064516129032258,31,1271,908,0.7149606299212599
3194,24418,2850,0,1148,2,0,28000.0,1,0.6666666666666666,6,1272,908,0.7143981117230527
3195,24418,2848,0,1148,1,1,28000.0,1,1.0,6,1273,908,0.7138364779874213
3196,24418,2849,0,1148,1,1,28000.0,1,1.0,6,1274,909,0.7140612725844462
3197,24418,10689,0,1149,3,1,24666.0,1,1.0,10,1275,910,0.7142857142857143
3198,24418,10690,0,1149,2,1,24666.0,1,0.6,10,1276,911,0.7145098039215686
3199,24418,10691,0,1149,0,1,24666.0,1,1.0,10,1277,912,0.7147335423197492
3200,24418,2600,0,1150,1,1,23666.0,1,0.6,5,1278,913,0.7149569303054033
3201,24418,2599,0,1150,0,1,23666.0,1,0.8,5,1279,914,0.7151799687010955
3202,24418,2601,0,1150,1,1,23666.0,1,0.8,5,1280,915,0.7154026583268178
3203,24418,3007,0,1151,0,0,20000.0,1,0.5555555555555556,9,1281,916,0.715625
3204,24418,3008,0,1151,2,1,20000.0,1,1.0,9,1282,916,0.7150663544106167
3205,24418,3006,0,1151,0,1,20000.0,1,0.6666666666666666,9,1283,917,0.7152886115444618
3206,24418,3425,0,1152,2,1,23333.0,1,1.0,15,1284,918,0.7155105222135619
3207,24418,3423,0,1152,2,0,23333.0,1,0.8,15,1285,919,0.7157320872274143
3208,24418,3424,0,1152,2,1,23333.0,1,0.6666666666666666,15,1286,919,0.7151750972762646
3209,24418,3381,0,1153,1,1,22666.0,1,1.0,10,1287,920,0.7153965785381027
3210,24418,3383,0,1153,3,0,22666.0,1,0.9,10,1288,921,0.7156177156177156
3211,24418,3382,0,1153,3,1,22666.0,1,0.7,10,1289,921,0.7150621118012422
3212,24418,3367,0,1154,1,1,22666.0,1,0.5185185185185185,27,1290,922,0.7152831652443755
3213,24418,3368,0,1154,1,0,22666.0,1,0.3333333333333333,27,1291,923,0.7155038759689922
3214,24418,3366,0,1154,0,1,22666.0,1,0.8518518518518519,27,1292,923,0.7149496514329977
3215,24418,3379,0,1155,0,0,24333.0,1,0.7058823529411765,17,1293,924,0.7151702786377709
3216,24418,3378,0,1155,2,1,24333.0,1,0.9411764705882353,17,1294,924,0.7146171693735499
3217,24418,3380,0,1155,2,1,24333.0,1,0.8235294117647058,17,1295,925,0.7148377125193199
3218,24418,8387,0,1156,0,1,20333.0,1,0.8333333333333334,12,1296,926,0.715057915057915
3219,24418,4645,0,1157,3,1,17000.0,1,0.625,8,1297,927,0.7152777777777778
3220,24418,5449,0,1158,1,0,9000.0,1,0.8181818181818182,11,1298,928,0.7154973014649191
3221,24418,5450,0,1159,3,1,17000.0,1,0.6875,16,1299,928,0.7149460708782742
3222,24418,9030,0,1160,0,0,6000.0,1,0.5333333333333333,15,1300,929,0.7151655119322555
3223,24418,5713,0,1161,0,1,21000.0,1,0.5584415584415584,77,1301,929,0.7146153846153847
3224,24418,5173,0,1162,1,0,24000.0,1,0.6,85,1302,930,0.7148347425057648
3226,24418,5029,0,1165,1,1,18000.0,1,0.4827586206896552,58,1303,930,0.7142857142857143
3227,24418,5173,0,1166,0,1,9000.0,1,0.6,85,1304,931,0.7145049884881044
3228,24418,4501,0,1163,0,0,3000.0,1,0.6417910447761194,67,1305,932,0.7147239263803681
3229,24418,8746,0,1167,3,0,8000.0,1,0.7142857142857143,7,1306,932,0.714176245210728
3230,24418,3975,0,1168,1,1,8000.0,1,0.6666666666666666,18,1307,932,0.7136294027565084
3231,24418,4152,0,1169,3,0,23000.0,1,0.7948717948717948,39,1308,933,0.7138485080336648
3232,24418,4692,0,1170,3,0,42000.0,1,0.7407407407407407,27,1309,933,0.713302752293578
3233,24418,9596,0,1171,1,0,22000.0,1,0.3,10,1310,933,0.7127578304048893
3234,24418,6124,0,1172,1,1,30000.0,1,0.5833333333333334,36,1311,933,0.7122137404580152
3235,24418,4720,0,1173,2,1,34000.0,1,0.75,16,1312,934,0.7124332570556827
3236,24418,4405,0,1174,1,1,40000.0,1,0.6744186046511628,43,1313,935,0.7126524390243902
3237,24418,9451,0,1175,0,1,22000.0,1,1.0,5,1314,936,0.7128712871287128
3238,24418,5423,0,1176,2,1,12000.0,1,1.0,12,1315,937,0.713089802130898
3239,24418,4444,0,1177,1,0,9000.0,1,0.8148148148148148,27,1316,938,0.7133079847908745
3240,24418,5336,0,1178,1,0,21000.0,1,0.5625,16,1317,938,0.7127659574468085
3241,24418,4476,0,1179,3,0,17000.0,1,0.5849056603773585,106,1318,938,0.7122247532270312
3242,24418,4108,0,1180,3,0,18000.0,1,0.5752212389380531,113,1319,938,0.7116843702579666
3243,24418,7899,0,1181,2,0,39000.0,1,0.52,25,1320,938,0.711144806671721
3244,24418,83,0,1182,3,1,21000.0,1,0.7857142857142857,28,1321,938,0.7106060606060606
3245,24418,10600,0,1183,3,1,21000.0,1,1.0,12,1322,939,0.7108251324753975
3246,24418,56,0,1184,1,1,20000.0,1,0.8,40,1323,940,0.7110438729198184
3247,24418,78,0,1185,1,1,21000.0,1,0.8571428571428571,14,1324,941,0.7112622826908541
3248,24418,113,0,1186,0,1,21000.0,1,0.9090909090909091,11,1325,942,0.7114803625377644
3249,24418,10468,0,1187,3,1,21000.0,1,0.8888888888888888,9,1326,943,0.7116981132075472
3250,24418,15,0,1188,3,1,21000.0,1,0.5172413793103449,29,1327,944,0.7119155354449472
3251,24418,73,0,1189,1,1,24000.0,1,0.7692307692307693,13,1328,945,0.7121326299924642
3252,24418,94,0,1190,2,1,20000.0,1,1.0,4,1329,946,0.7123493975903614
3253,24418,10391,0,1191,0,0,20000.0,1,0.46153846153846156,13,1330,947,0.7125658389766741
3254,24418,31,0,1192,1,1,21000.0,1,0.8125,16,1331,947,0.7120300751879699
3255,24418,106,0,1193,3,0,8000.0,1,0.7692307692307693,13,1332,948,0.7122464312546957
3256,24418,131,0,1194,1,1,20000.0,1,0.9444444444444444,18,1333,948,0.7117117117117117
3257,24418,10511,0,1195,3,1,18000.0,1,1.0,10,1334,949,0.7119279819954989
3258,24418,7936,0,1196,3,1,18000.0,1,0.9047619047619048,21,1335,950,0.712143928035982
3259,24418,7910,0,1197,1,0,22000.0,1,0.6140350877192983,57,1336,951,0.7123595505617978
3260,24418,53,0,1198,0,1,20000.0,1,0.5625,16,1337,951,0.7118263473053892
3261,24418,10671,0,1199,2,1,22000.0,1,1.0,14,1338,952,0.7120418848167539
3262,24418,7851,0,1200,3,1,21000.0,1,0.9565217391304348,23,1339,953,0.7122571001494769
3263,24418,6501,0,1201,1,1,20000.0,1,0.7142857142857143,7,1340,954,0.7124719940253921
3264,24418,6502,0,1201,0,1,20000.0,1,1.0,7,1341,955,0.7126865671641791
3265,24418,6503,0,1201,3,0,20000.0,1,0.42857142857142855,7,1342,956,0.7129008202833707
3266,24418,6504,0,1201,0,1,20000.0,1,0.8571428571428571,7,1343,956,0.7123695976154992
3267,24418,6923,0,1202,3,0,28750.0,1,0.875,32,1344,957,0.7125837676842889
3268,24418,6921,0,1202,2,1,28750.0,1,0.53125,32,1345,957,0.7120535714285714
3269,24418,6920,0,1202,2,1,28750.0,1,0.78125,32,1346,958,0.7122676579925651
3270,24418,6922,0,1202,2,0,28750.0,1,0.84375,32,1347,959,0.712481426448737
3272,24418,6922,0,1205,0,1,26750.0,1,0.84375,32,1348,959,0.7119524870081663
3273,24418,6921,0,1205,2,1,26750.0,1,0.53125,32,1349,960,0.712166172106825
3274,24418,6920,0,1205,2,1,26750.0,1,0.78125,32,1350,961,0.7123795404002965
3275,24418,6923,0,1205,1,1,26750.0,1,0.875,32,1351,962,0.7125925925925926
3276,24418,6626,0,1203,3,1,3000.0,1,0.9090909090909091,22,1352,963,0.7128053293856402
3277,24418,6627,0,1203,1,1,3000.0,1,0.9545454545454546,22,1353,964,0.7130177514792899
3278,24418,6625,0,1203,0,1,3000.0,1,0.8636363636363636,22,1354,965,0.713229859571323
3279,24418,6628,0,1203,2,1,3000.0,1,0.9090909090909091,22,1355,966,0.7134416543574594
3280,24418,6907,0,1206,0,0,16500.0,1,0.56,25,1356,967,0.7136531365313653
3281,24418,6906,0,1206,1,1,16500.0,1,0.92,25,1357,967,0.7131268436578171
3282,24418,6905,0,1206,1,1,16500.0,1,0.72,25,1358,968,0.7133382461311717
3283,24418,6904,0,1206,0,1,16500.0,1,0.92,25,1359,969,0.7135493372606775
3284,24418,10250,0,1207,3,0,29000.0,1,0.5,8,1360,970,0.7137601177336277
3285,24418,10249,0,1207,0,1,29000.0,1,0.75,8,1361,970,0.7132352941176471
3286,24418,10251,0,1207,3,1,29000.0,1,0.75,8,1362,971,0.7134459955914768
3287,24418,10248,0,1207,1,0,29000.0,1,0.625,8,1363,972,0.7136563876651982
3288,24418,450,0,1208,0,1,35750.0,1,1.0,12,1364,972,0.7131327953044754
3289,24418,939,0,1209,0,1,14000.0,1,0.6086956521739131,46,1365,973,0.7133431085043989
3290,24418,669,0,1210,1,1,20000.0,1,1.0,18,1366,974,0.7135531135531136
3291,24418,369,0,1211,0,0,17000.0,1,0.6578947368421053,38,1367,975,0.7137628111273792
3292,24418,205,0,1212,3,1,17000.0,1,0.9090909090909091,11,1368,975,0.7132406730065838
3293,24418,564,0,1213,3,0,15000.0,1,0.59375,32,1369,976,0.7134502923976608
3294,24418,424,0,1215,3,1,20000.0,1,0.8076923076923077,26,1370,976,0.7129291453615778
3295,24418,1107,0,1216,1,1,19000.0,1,0.6956521739130435,23,1371,977,0.7131386861313869
3296,24418,1142,0,1217,3,1,17000.0,1,0.7727272727272727,22,1372,978,0.7133479212253829
3297,24418,1085,0,1218,0,1,15000.0,1,0.675,40,1373,979,0.7135568513119533
3298,24418,564,0,1219,0,1,15000.0,1,0.59375,32,1374,980,0.7137654770575382
3299,24418,707,0,1214,1,1,15000.0,1,0.8275862068965517,29,1375,981,0.7139737991266376
3300,24418,446,0,1220,0,0,18000.0,1,0.5473684210526316,95,1376,982,0.7141818181818181
3301,24418,1245,0,1221,3,0,16000.0,1,0.45454545454545453,33,1377,982,0.7136627906976745
3302,24418,1046,0,1222,1,1,18000.0,1,0.875,8,1378,982,0.7131445170660857
3303,24418,241,0,1223,0,1,15000.0,1,0.9285714285714286,14,1379,983,0.7133526850507983
3304,24418,994,0,1224,0,1,19000.0,1,0.7428571428571429,35,1380,984,0.7135605511240029
3305,24418,1148,0,1225,0,1,18000.0,1,0.8888888888888888,18,1381,985,0.7137681159420289
3306,24418,590,0,1226,0,1,16000.0,1,0.85,20,1382,986,0.7139753801593048
3307,24418,684,0,1227,3,1,20000.0,1,0.9473684210526315,19,1383,987,0.7141823444283647
3308,24418,901,0,1228,3,0,14000.0,1,0.765625,64,1384,988,0.7143890093998554
3309,24418,1344,0,1229,3,1,18000.0,1,0.7450980392156863,51,1385,988,0.7138728323699421
3310,24418,824,0,1230,0,1,18000.0,1,0.580952380952381,105,1386,989,0.7140794223826715
3311,24418,901,0,1231,1,1,17000.0,1,0.765625,64,1387,990,0.7142857142857143
3312,24418,446,0,1232,1,1,10000.0,1,0.5473684210526316,95,1388,991,0.7144917087238645
3313,24418,277,0,1233,1,1,9000.0,1,0.6341463414634146,41,1389,992,0.7146974063400576
3314,24418,2544,0,1234,0,1,21000.0,1,1.0,11,1390,993,0.714902807775378
3315,24418,2543,0,1234,0,0,21000.0,1,0.45454545454545453,11,1391,994,0.7151079136690648
3316,24418,2542,0,1234,2,0,21000.0,1,0.6363636363636364,11,1392,994,0.7145938173975557
3317,24418,1739,0,1235,1,1,27333.0,1,0.8333333333333334,6,1393,994,0.7140804597701149
3318,24418,1740,0,1235,1,1,27333.0,1,1.0,6,1394,995,0.7142857142857143
3319,24418,1741,0,1235,2,1,27333.0,1,1.0,6,1395,996,0.7144906743185079
3320,24418,2335,0,1236,0,1,25333.0,1,0.85,20,1396,997,0.7146953405017921
3321,24418,2336,0,1236,2,0,25333.0,1,0.2,20,1397,998,0.7148997134670487
3322,24418,2337,0,1236,3,1,25333.0,1,0.55,20,1398,998,0.7143879742304939
3323,24418,2081,0,1237,2,1,28333.0,1,0.6896551724137931,29,1399,999,0.7145922746781116
3324,24418,2083,0,1237,3,1,28333.0,1,0.9655172413793104,29,1400,1000,0.7147962830593281
3325,24418,2082,0,1237,0,1,28333.0,1,1.0,29,1401,1001,0.715
3326,24418,1531,0,1238,1,1,26000.0,1,0.8571428571428571,21,1402,1002,0.715203426124197
3327,24418,1529,0,1238,0,0,26000.0,1,0.5238095238095238,21,1403,1003,0.7154065620542083
3328,24418,1530,0,1238,1,0,26000.0,1,0.7142857142857143,21,1404,1003,0.714896650035638
3329,24418,2382,0,1239,0,1,24666.0,1,0.8333333333333334,18,1405,1003,0.7143874643874644
3330,24418,2381,0,1239,3,0,24666.0,1,0.8888888888888888,18,1406,1004,0.7145907473309608
3331,24418,2380,0,1239,2,1,24666.0,1,0.8888888888888888,18,1407,1004,0.7140825035561877
3332,24418,2164,0,1240,3,0,23333.0,1,0.7857142857142857,14,1408,1005,0.7142857142857143
3333,24418,2163,0,1240,3,1,23333.0,1,0.7142857142857143,14,1409,1005,0.7137784090909091
3334,24418,2162,0,1240,3,1,23333.0,1,0.7142857142857143,14,1410,1006,0.7139815471965933
3335,24418,2877,0,1241,0,1,22000.0,1,1.0,3,1411,1007,0.7141843971631205
3336,24418,2879,0,1241,3,0,22000.0,1,0.6666666666666666,3,1412,1008,0.7143869596031184
3337,24418,2878,0,1241,3,1,22000.0,1,1.0,3,1413,1008,0.7138810198300283
3338,24418,10718,0,1242,3,0,22333.0,1,0.625,16,1414,1009,0.7140835102618542
3339,24418,10716,0,1242,0,1,22333.0,1,0.8125,16,1415,1009,0.7135785007072136
3340,24418,10717,0,1242,0,0,22333.0,1,0.625,16,1416,1010,0.7137809187279152
3341,24418,3445,0,1243,2,0,22666.0,1,0.5555555555555556,9,1417,1010,0.713276836158192
3342,24418,3444,0,1243,0,1,22666.0,1,1.0,9,1418,1010,0.7127734650670431
3343,24418,3446,0,1243,2,1,22666.0,1,1.0,9,1419,1011,0.7129760225669958
3344,24418,2871,0,1244,2,0,26333.0,1,0.25,20,1420,1012,0.7131782945736435
3345,24418,2872,0,1244,1,1,26333.0,1,0.65,20,1421,1012,0.7126760563380282
3346,24418,2873,0,1244,1,1,26333.0,1,0.8,20,1422,1013,0.712878254750176
3347,24418,3178,0,1245,3,1,24333.0,1,0.5555555555555556,27,1423,1014,0.7130801687763713
3348,24418,3177,0,1245,1,1,24333.0,1,0.9259259259259259,27,1424,1015,0.7132817990161631
3349,24418,3179,0,1245,2,0,24333.0,1,0.3333333333333333,27,1425,1016,0.7134831460674157
3350,24418,3019,0,1246,2,1,22666.0,1,0.7272727272727273,11,1426,1016,0.7129824561403508
3351,24418,3018,0,1246,3,1,22666.0,1,0.8181818181818182,11,1427,1017,0.7131837307152875
3352,24418,3020,0,1246,2,0,22666.0,1,0.2727272727272727,11,1428,1018,0.713384723195515
3353,24418,3078,0,1247,2,1,25666.0,1,0.8333333333333334,6,1429,1018,0.7128851540616247
3354,24418,3080,0,1247,3,1,25666.0,1,1.0,6,1430,1019,0.7130860741777467
3355,24418,3079,0,1247,3,1,25666.0,1,1.0,6,1431,1020,0.7132867132867133
3356,24418,8337,0,1248,1,1,22666.0,1,0.9090909090909091,11,1432,1021,0.713487071977638
3357,24418,4256,0,1249,3,1,10000.0,1,0.6981132075471698,53,1433,1022,0.7136871508379888
3358,24418,5183,0,1250,3,0,13000.0,1,0.6455696202531646,79,1434,1023,0.7138869504535938
3359,24418,3979,0,1251,2,1,23000.0,1,0.8666666666666667,15,1435,1023,0.7133891213389121
3360,24418,8850,0,1252,1,0,20000.0,1,0.5333333333333333,15,1436,1024,0.713588850174216
3361,24418,3754,0,1253,0,1,17000.0,1,0.8125,16,1437,1024,0.713091922005571
3362,24418,5878,0,1254,2,0,10000.0,1,0.875,8,1438,1025,0.7132915796798887
3363,24418,4568,0,1255,3,1,10000.0,1,0.5652173913043478,46,1439,1025,0.7127955493741307
3364,24418,9394,0,1256,2,0,8000.0,1,0.6,5,1440,1026,0.7129951355107713
3365,24418,3926,0,1257,3,1,23000.0,1,0.8518518518518519,27,1441,1026,0.7125
3366,24418,5986,0,1258,3,0,10000.0,1,0.625,8,1442,1027,0.7126995142262318
3367,24418,6391,0,1259,2,1,19000.0,1,0.7857142857142857,14,1443,1027,0.7122052704576977
3368,24418,9108,0,1260,2,1,6000.0,1,0.8888888888888888,9,1444,1028,0.7124047124047124
3369,24418,5260,0,1261,3,1,9000.0,1,0.9333333333333333,15,1445,1029,0.7126038781163435
3370,24418,5244,0,1262,3,1,17000.0,1,0.7391304347826086,23,1446,1030,0.71280276816609
3371,24418,6151,0,1263,0,0,22000.0,1,0.463768115942029,69,1447,1031,0.7130013831258645
3372,24418,8951,0,1264,3,1,27000.0,1,0.8571428571428571,7,1448,1031,0.7125086385625432
3373,24418,5680,0,1265,3,0,21000.0,1,0.8,20,1449,1032,0.712707182320442
3374,24418,4593,0,1266,0,1,16000.0,1,0.9090909090909091,11,1450,1032,0.7122153209109731
3375,24418,5515,0,1267,1,1,9000.0,1,0.7,10,1451,1033,0.7124137931034483
3376,24418,9633,0,1268,3,0,9000.0,1,0.4,5,1452,1034,0.7126119917298415
3377,24418,5717,0,1269,2,1,21000.0,1,0.819672131147541,61,1453,1034,0.7121212121212122
3378,24418,6248,0,1270,2,0,9000.0,1,0.75,20,1454,1035,0.7123193392980042
3380,24418,6248,0,1272,0,1,15000.0,1,0.75,20,1455,1035,0.7118294360385145
3381,24418,1345,0,1274,3,1,4000.0,1,1.0,11,1456,1036,0.7120274914089347
3382,24418,806,0,1275,0,1,19000.0,1,0.9166666666666666,12,1457,1037,0.7122252747252747
3383,24418,429,0,1276,3,1,18000.0,1,0.8823529411764706,17,1458,1038,0.7124227865477007
3384,24418,934,0,1277,3,1,20000.0,1,0.896551724137931,29,1459,1039,0.7126200274348422
3385,24418,601,0,1278,1,1,16000.0,1,0.8888888888888888,9,1460,1040,0.7128169979437972
3386,24418,1210,0,1279,3,1,18000.0,1,0.85,20,1461,1041,0.713013698630137
3387,24418,693,0,1280,0,1,17000.0,1,0.8,15,1462,1042,0.7132101300479123
3388,24418,1351,0,1281,1,1,19000.0,1,0.8095238095238095,21,1463,1043,0.713406292749658
3389,24418,405,0,1282,0,0,11000.0,1,0.5977011494252874,87,1464,1044,0.7136021872863978
3390,24418,5672,0,1273,0,1,19000.0,1,0.5384615384615384,26,1465,1044,0.7131147540983607
3391,24418,7854,0,1283,3,1,22000.0,1,0.8076923076923077,26,1466,1045,0.7133105802047781
3392,24418,192,0,1284,1,1,21000.0,1,1.0,10,1467,1046,0.713506139154161
3393,24418,10443,0,1285,2,1,21000.0,1,1.0,10,1468,1047,0.7137014314928425
3394,24418,7974,0,1286,1,1,18000.0,1,0.6511627906976745,43,1469,1048,0.7138964577656676
3395,24418,36,0,1287,3,1,22000.0,1,0.8181818181818182,11,1470,1049,0.7140912185159973
3396,24418,111,0,1288,0,1,20000.0,1,0.9473684210526315,19,1471,1050,0.7142857142857143
3397,24418,10565,0,1289,2,1,20000.0,1,0.7857142857142857,14,1472,1051,0.7144799456152278
3398,24418,7903,0,1290,3,0,22000.0,1,0.42857142857142855,49,1473,1052,0.7146739130434783
3400,24418,7935,0,1293,3,1,19000.0,1,0.7575757575757576,33,1474,1052,0.7141887304820095
3401,24418,76,0,1294,3,1,19000.0,1,0.6818181818181818,44,1475,1053,0.7143826322930801
3402,24418,169,0,1291,0,1,23000.0,1,1.0,12,1476,1054,0.7145762711864406
3403,24418,7866,0,1295,3,1,23000.0,1,0.8571428571428571,7,1477,1055,0.714769647696477
3404,24418,10507,0,1296,2,0,21000.0,1,0.9,10,1478,1056,0.7149627623561273
3405,24418,188,0,1297,0,1,21000.0,1,0.8571428571428571,14,1479,1056,0.7144790257104194
3406,24418,7980,0,1298,3,1,12000.0,1,0.9285714285714286,14,1480,1057,0.7146720757268424
3407,24418,7867,0,1299,2,1,20000.0,1,0.7027027027027027,37,1481,1058,0.7148648648648649
3408,24418,10415,0,1300,1,1,20000.0,1,0.7272727272727273,11,1482,1059,0.7150573936529372
3409,24418,181,0,1301,3,0,83000.0,1,0.7692307692307693,13,1483,1060,0.7152496626180836
3410,24418,183,0,1302,0,0,22000.0,1,0.8297872340425532,47,1484,1060,0.7147673634524613
3411,24418,17,0,1303,0,1,21000.0,1,1.0,15,1485,1060,0.7142857142857143
3412,24418,10657,0,1304,0,1,21000.0,1,0.5384615384615384,13,1486,1061,0.7144781144781145
3413,24418,123,0,1305,2,0,20000.0,1,0.6296296296296297,27,1487,1062,0.7146702557200538
3415,24418,123,0,1307,0,1,23000.0,1,0.6296296296296297,27,1488,1062,0.7141896435776731
3416,24418,164,0,1308,0,1,21000.0,1,0.56,25,1489,1063,0.7143817204301075
3417,24418,505,0,1309,1,0,12000.0,1,0.7272727272727273,33,1490,1064,0.7145735392881128
3418,24418,647,0,1311,1,0,18000.0,1,0.6666666666666666,24,1491,1064,0.7140939597315437
3419,24418,505,0,1312,0,1,21000.0,1,0.7272727272727273,33,1492,1064,0.7136150234741784
3420,24418,1158,0,1313,3,1,17000.0,1,0.6904761904761905,42,1493,1065,0.7138069705093834
3421,24418,539,0,1314,1,0,18000.0,1,0.7857142857142857,14,1494,1066,0.7139986604152713
3422,24418,1374,0,1315,1,0,20000.0,1,0.6428571428571429,28,1495,1066,0.713520749665328
3423,24418,1182,0,1310,1,0,18000.0,1,0.8181818181818182,11,1496,1066,0.7130434782608696
3424,24418,359,0,1316,3,1,18000.0,1,0.7894736842105263,19,1497,1066,0.7125668449197861
3425,24418,1305,0,1317,0,0,16000.0,1,0.6153846153846154,13,1498,1067,0.7127588510354042
3426,24418,556,0,1318,0,0,19000.0,1,0.7105263157894737,38,1499,1067,0.712283044058745
3427,24418,634,0,1319,0,1,20000.0,1,0.8,20,1500,1067,0.7118078719146097
3428,24418,1069,0,1320,3,1,16000.0,1,0.8,30,1501,1068,0.712
3429,24418,503,0,1321,1,0,17000.0,1,0.7083333333333334,24,1502,1069,0.7121918720852765
3430,24418,502,0,1322,1,0,15000.0,1,0.6,30,1503,1069,0.7117177097203728
3431,24418,441,0,1323,3,1,20000.0,1,0.7352941176470589,34,1504,1069,0.7112441783100466
3432,24418,1247,0,1324,0,0,16000.0,1,0.7307692307692307,26,1505,1070,0.711436170212766
3433,24418,998,0,1325,1,1,16000.0,1,0.8571428571428571,21,1506,1070,0.7109634551495017
3434,24418,908,0,1326,1,1,17000.0,1,0.8,25,1507,1071,0.7111553784860558
3435,24418,712,0,1327,1,0,17000.0,1,0.75,24,1508,1072,0.7113470471134705
3436,24418,327,0,1328,0,1,19000.0,1,0.8125,16,1509,1072,0.7108753315649867
3437,24418,1136,0,1329,0,1,13000.0,1,0.68,25,1510,1073,0.711066931742876
3438,24418,878,0,1330,1,1,16000.0,1,0.7619047619047619,21,1511,1074,0.7112582781456953
3439,24418,245,0,1331,1,0,15000.0,1,0.6206896551724138,29,1512,1075,0.7114493712772998
3441,24418,245,0,1334,3,1,18000.0,1,0.6206896551724138,29,1513,1075,0.7109788359788359
3442,24418,503,0,1335,0,1,14000.0,1,0.7083333333333334,24,1514,1076,0.7111698612029081
3443,24418,598,0,1332,1,1,12000.0,1,1.0,12,1515,1077,0.7113606340819022
3444,24418,1094,0,1336,3,1,18000.0,1,0.7777777777777778,18,1516,1078,0.7115511551155116
3445,24418,4929,0,1337,1,1,18000.0,1,1.0,2,1517,1079,0.7117414248021108
3446,24418,8938,0,1338,0,0,13000.0,1,0.3,10,1518,1080,0.7119314436387607
3447,24418,8460,0,1339,0,1,33000.0,1,0.7692307692307693,26,1519,1080,0.7114624505928854
3448,24418,3980,0,1340,1,0,25000.0,1,0.5,26,1520,1081,0.7116524028966426
3449,24418,4975,0,1341,2,1,40000.0,1,0.5833333333333334,72,1521,1081,0.7111842105263158
3450,24418,9365,0,1342,0,0,29000.0,1,0.8,5,1522,1082,0.7113740959894806
3451,24418,5117,0,1343,2,1,22000.0,1,1.0,5,1523,1082,0.7109067017082786
3452,24418,5205,0,1344,2,1,19000.0,1,0.7368421052631579,19,1524,1083,0.711096520026264
3453,24418,6651,0,1345,0,1,28000.0,1,0.8636363636363636,22,1525,1084,0.7112860892388452
3454,24418,9931,0,1346,0,1,29000.0,1,0.875,8,1526,1085,0.7114754098360656
3455,24418,4123,0,1347,0,1,22000.0,1,0.8181818181818182,55,1527,1086,0.7116644823066841
3456,24418,3772,0,1348,2,1,8000.0,1,0.6,15,1528,1087,0.7118533071381794
3457,24418,5153,0,1349,3,0,12000.0,1,0.6129032258064516,31,1529,1088,0.7120418848167539
3458,24418,8538,0,1350,3,1,26000.0,1,0.5555555555555556,9,1530,1088,0.7115761935905821
3459,24418,3688,0,1351,1,1,17000.0,1,0.7142857142857143,7,1531,1089,0.711764705882353
3460,24418,4457,0,1352,0,0,18000.0,1,0.6333333333333333,30,1532,1090,0.7119529719137818
3461,24418,6405,0,1353,0,1,10000.0,1,0.5769230769230769,26,1533,1090,0.7114882506527415
3462,24418,9573,0,1354,0,1,11000.0,1,0.7142857142857143,7,1534,1091,0.7116764514024788
3463,24418,3945,0,1355,2,1,11000.0,1,0.9444444444444444,36,1535,1092,0.711864406779661
3464,24418,4417,0,1356,1,0,13000.0,1,0.5084745762711864,59,1536,1093,0.7120521172638437
3465,24418,4417,0,1358,0,1,21000.0,1,0.5084745762711864,59,1537,1093,0.7115885416666666
3466,24418,6108,0,1359,2,1,6000.0,1,0.6111111111111112,54,1538,1094,0.7117761873780091
3467,24418,6154,0,1360,3,1,8000.0,1,0.5652173913043478,46,1539,1095,0.711963589076723
3468,24418,6151,0,1361,3,1,6000.0,1,0.463768115942029,69,1540,1096,0.7121507472384665
3469,24418,4418,0,1362,3,1,8000.0,1,0.5555555555555556,45,1541,1097,0.7123376623376624
3470,24418,4769,0,1357,1,1,7000.0,1,0.6,20,1542,1098,0.7125243348475017
3471,24418,6868,0,1363,0,1,25000.0,1,0.7391304347826086,46,1543,1099,0.7127107652399481
3472,24418,6867,0,1363,3,1,25000.0,1,0.8478260869565217,46,1544,1100,0.712896953985742
3473,24418,6866,0,1363,1,0,25000.0,1,0.6739130434782609,46,1545,1101,0.7130829015544041
3474,24418,6865,0,1363,3,1,25000.0,1,0.5652173913043478,46,1546,1101,0.7126213592233009
3476,24418,6561,0,1366,2,1,32500.0,1,0.7692307692307693,26,1547,1102,0.7128072445019404
3477,24418,6564,0,1366,3,0,32500.0,1,0.6153846153846154,26,1548,1103,0.7129928894634777
3478,24418,6563,0,1366,1,1,32500.0,1,0.7307692307692307,26,1549,1103,0.712532299741602
3479,24418,6562,0,1366,1,1,32500.0,1,0.5384615384615384,26,1550,1104,0.7127178825048418
3480,24418,6484,0,1364,3,0,26750.0,1,0.6111111111111112,18,1551,1105,0.7129032258064516
3481,24418,6481,0,1364,1,1,26750.0,1,1.0,18,1552,1105,0.7124435847840103
3482,24418,6482,0,1364,3,0,26750.0,1,0.5555555555555556,18,1553,1106,0.7126288659793815
3483,24418,6483,0,1364,0,1,26750.0,1,0.9444444444444444,18,1554,1106,0.71216999356085
3484,24418,2574,0,1367,3,1,36000.0,1,0.9444444444444444,18,1555,1107,0.7123552123552124
3485,24418,2573,0,1367,3,1,36000.0,1,0.2222222222222222,18,1556,1108,0.712540192926045
3486,24418,2572,0,1367,3,0,36000.0,1,0.3333333333333333,18,1557,1109,0.7127249357326478
3487,24418,3141,0,1368,3,1,22333.0,1,0.7,10,1558,1109,0.7122671804752729
3488,24418,3142,0,1368,3,1,22333.0,1,0.4,10,1559,1110,0.7124518613607189
3489,24418,3143,0,1368,1,0,22333.0,1,0.5,10,1560,1111,0.7126363053239256
3490,24418,2760,0,1369,3,1,26333.0,1,0.8888888888888888,9,1561,1111,0.7121794871794872
3491,24418,2759,0,1369,0,1,26333.0,1,0.8888888888888888,9,1562,1112,0.712363869314542
3492,24418,2758,0,1369,3,1,26333.0,1,1.0,9,1563,1113,0.7125480153649167
3493,24418,2653,0,1370,2,1,22000.0,1,0.8333333333333334,12,1564,1114,0.7127319257837492
3494,24418,2655,0,1370,1,1,22000.0,1,0.6666666666666666,12,1565,1115,0.7129156010230179
3495,24418,2654,0,1370,3,1,22000.0,1,1.0,12,1566,1116,0.7130990415335463
3496,24418,3546,0,1371,0,1,25000.0,1,1.0,3,1567,1117,0.7132822477650064
3497,24418,3547,0,1371,2,0,25000.0,1,0.3333333333333333,3,1568,1118,0.7134652201659222
3498,24418,3548,0,1371,1,1,25000.0,1,1.0,3,1569,1118,0.7130102040816326
3499,24418,2710,0,1372,0,1,26333.0,1,0.8,5,1570,1119,0.7131931166347992
3500,24418,2711,0,1372,0,1,26333.0,1,1.0,5,1571,1120,0.7133757961783439
3501,24418,2712,0,1372,3,1,26333.0,1,1.0,5,1572,1121,0.7135582431572247
3502,24418,3332,0,1373,1,1,30333.0,1,0.7777777777777778,9,1573,1122,0.7137404580152672
3503,24418,3330,0,1373,2,1,30333.0,1,0.8888888888888888,9,1574,1123,0.7139224411951685
3504,24418,3331,0,1373,3,0,30333.0,1,0.6666666666666666,9,1575,1124,0.7141041931385006
3505,24418,2641,0,1374,2,1,26333.0,1,0.9333333333333333,15,1576,1124,0.7136507936507936
3506,24418,2642,0,1374,1,1,26333.0,1,0.8666666666666667,15,1577,1125,0.7138324873096447
3507,24418,2643,0,1374,1,1,26333.0,1,0.6666666666666666,15,1578,1126,0.7140139505389981
3508,24418,2824,0,1375,0,1,20666.0,1,1.0,4,1579,1127,0.7141951837769328
3509,24418,2825,0,1375,1,0,20666.0,1,0.75,4,1580,1128,0.714376187460418
3510,24418,2826,0,1375,0,0,20666.0,1,0.5,4,1581,1128,0.7139240506329114
3511,24418,2749,0,1376,2,0,25333.0,1,0.5263157894736842,19,1582,1128,0.713472485768501
3512,24418,2751,0,1376,3,1,25333.0,1,0.5789473684210527,19,1583,1128,0.7130214917825537
3513,24418,2750,0,1376,2,0,25333.0,1,0.7368421052631579,19,1584,1129,0.7132027795325332
3514,24418,6895,0,1377,0,0,31000.0,1,0.5116279069767442,43,1585,1129,0.7127525252525253
3515,24418,6894,0,1377,3,0,31000.0,1,0.7441860465116279,43,1586,1129,0.7123028391167192
3516,24418,6893,0,1377,0,0,31000.0,1,0.7209302325581395,43,1587,1129,0.7118537200504413
3517,24418,6892,0,1377,0,1,31000.0,1,0.5813953488372093,43,1588,1129,0.7114051669817265
3519,24418,6484,0,1380,1,1,25500.0,1,0.6111111111111112,18,1589,1130,0.7115869017632241
3520,24418,6483,0,1380,0,1,25500.0,1,0.9444444444444444,18,1590,1131,0.7117684078036501
3521,24418,6482,0,1380,1,0,25500.0,1,0.5555555555555556,18,1591,1132,0.7119496855345911
3522,24418,6481,0,1380,1,1,25500.0,1,1.0,18,1592,1132,0.7115021998742929
3523,24418,10023,0,1378,0,0,34500.0,1,0.5,8,1593,1133,0.7116834170854272
3524,24418,10021,0,1378,3,0,34500.0,1,0.75,8,1594,1133,0.7112366603892027
3525,24418,10022,0,1378,0,0,34500.0,1,0.375,8,1595,1133,0.7107904642409034
3526,24418,10024,0,1378,2,0,34500.0,1,0.5,8,1596,1133,0.7103448275862069
3527,24418,6569,0,1381,1,1,31000.0,1,0.9642857142857143,28,1597,1133,0.7098997493734336
3528,24418,6570,0,1381,3,1,31000.0,1,0.5357142857142857,28,1598,1134,0.7100814026299311
3529,24418,6571,0,1381,0,1,31000.0,1,0.6071428571428571,28,1599,1135,0.7102628285356696
3530,24418,6572,0,1381,1,0,31000.0,1,0.7857142857142857,28,1600,1136,0.7104440275171983
3531,24418,10081,0,1382,2,1,37500.0,1,0.7352941176470589,34,1601,1136,0.71
3532,24418,10080,0,1382,2,0,37500.0,1,0.7941176470588235,34,1602,1137,0.7101811367895066
3533,24418,10078,0,1382,0,1,37500.0,1,0.9411764705882353,34,1603,1137,0.7097378277153558
3534,24418,10079,0,1382,3,0,37500.0,1,0.23529411764705882,34,1604,1138,0.7099189020586401
3535,24418,627,0,1383,0,0,26250.0,1,0.8333333333333334,18,1605,1138,0.7094763092269327
3536,24418,661,0,1384,3,1,18000.0,1,0.8695652173913043,23,1606,1138,0.7090342679127726
3537,24418,318,0,1385,0,1,15000.0,1,0.9,10,1607,1139,0.7092154420921544
3538,24418,453,0,1386,3,0,18000.0,1,0.8571428571428571,14,1608,1140,0.7093963907902925
3539,24418,1060,0,1387,0,0,19000.0,1,0.7727272727272727,22,1609,1140,0.7089552238805971
3541,24418,870,0,1390,1,0,15000.0,1,0.8333333333333334,30,1610,1140,0.7085146053449347
3542,24418,720,0,1391,1,0,21000.0,1,0.5909090909090909,22,1611,1140,0.7080745341614907
3543,24418,1128,0,1388,3,1,21000.0,1,1.0,7,1612,1140,0.707635009310987
3544,24418,550,0,1392,3,0,20000.0,1,0.8181818181818182,11,1613,1141,0.7078163771712159
3545,24418,1346,0,1393,3,0,19000.0,1,0.7,20,1614,1141,0.7073775573465592
3546,24418,683,0,1394,0,1,14000.0,1,0.8787878787878788,33,1615,1141,0.7069392812887236
3547,24418,1394,0,1395,1,1,16000.0,1,0.6666666666666666,12,1616,1142,0.7071207430340557
3548,24418,1016,0,1396,1,1,18000.0,1,0.5714285714285714,28,1617,1143,0.7073019801980198
3549,24418,218,0,1397,0,0,18000.0,1,0.46875,32,1618,1144,0.7074829931972789
3550,24418,1374,0,1399,3,1,18000.0,1,0.6428571428571429,28,1619,1144,0.7070457354758962
3551,24418,647,0,1400,3,1,19000.0,1,0.6666666666666666,24,1620,1145,0.7072266831377394
3552,24418,218,0,1401,3,1,18000.0,1,0.46875,32,1621,1146,0.7074074074074074
3553,24418,505,0,1402,0,1,16000.0,1,0.7272727272727273,33,1622,1147,0.7075879086983343
3554,24418,627,0,1403,1,1,18000.0,1,0.8333333333333334,18,1623,1148,0.7077681874229347
3555,24418,637,0,1398,3,0,8000.0,1,0.7894736842105263,19,1624,1149,0.7079482439926063
3556,24418,779,0,1404,0,1,18000.0,1,0.85,20,1625,1149,0.7075123152709359
3557,24418,828,0,1405,3,1,17000.0,1,0.7407407407407407,27,1626,1150,0.7076923076923077
3558,24418,1123,0,1406,3,1,16000.0,1,0.8181818181818182,22,1627,1151,0.7078720787207872
3559,24418,986,0,1407,3,0,17000.0,1,0.7894736842105263,19,1628,1152,0.7080516287645974
3561,24418,453,0,1410,1,1,18000.0,1,0.8571428571428571,14,1629,1152,0.7076167076167076
3562,24418,1182,0,1411,0,1,15000.0,1,0.8181818181818182,11,1630,1153,0.7077961939840393
3563,24418,568,0,1408,3,0,16000.0,1,0.8666666666666667,30,1631,1154,0.7079754601226994
3564,24418,1106,0,1412,1,0,16000.0,1,0.6,25,1632,1154,0.7075413856529736
3565,24418,568,0,1414,1,1,18000.0,1,0.8666666666666667,30,1633,1154,0.7071078431372549
3566,24418,492,0,1415,0,1,14000.0,1,0.5625,32,1634,1155,0.7072872014696877
3567,24418,1106,0,1416,0,1,16000.0,1,0.6,25,1635,1156,0.7074663402692778
3568,24418,847,0,1417,0,1,14000.0,1,0.5,22,1636,1157,0.7076452599388379
3569,24418,369,0,1418,0,0,15000.0,1,0.6578947368421053,38,1637,1158,0.7078239608801956
3570,24418,1288,0,1413,3,1,17000.0,1,0.8636363636363636,22,1638,1158,0.7073915699450214
3571,24418,269,0,1419,1,1,17000.0,1,0.7619047619047619,21,1639,1159,0.7075702075702076
3572,24418,1321,0,1420,3,1,14000.0,1,0.84,25,1640,1160,0.7077486272117145
3573,24418,1071,0,1421,1,1,18000.0,1,0.9285714285714286,28,1641,1161,0.7079268292682926
3574,24418,928,0,1422,1,0,14000.0,1,0.7647058823529411,17,1642,1162,0.7081048141377209
3575,24418,394,0,1423,1,0,16000.0,1,0.8947368421052632,19,1643,1162,0.707673568818514
3576,24418,678,0,1424,1,1,16000.0,1,0.76,25,1644,1162,0.707242848447961
3577,24418,630,0,1425,1,1,15000.0,1,1.0,11,1645,1163,0.7074209245742092
3578,24418,954,0,1426,3,0,14000.0,1,0.6,35,1646,1164,0.7075987841945289
3579,24418,702,0,1427,3,0,14000.0,1,0.725,40,1647,1164,0.707168894289186
3580,24418,265,0,1428,1,1,18000.0,1,0.8181818181818182,22,1648,1164,0.7067395264116576
3581,24418,9002,0,1429,3,0,17000.0,1,0.8,10,1649,1165,0.7069174757281553
3582,24418,4548,0,1430,3,1,25000.0,1,0.6666666666666666,15,1650,1165,0.7064887810794421
3583,24418,4181,0,1431,2,1,34000.0,1,0.9375,16,1651,1166,0.7066666666666667
3584,24418,5400,0,1432,1,1,6000.0,1,0.875,16,1652,1167,0.7068443367655967
3585,24418,9938,0,1433,3,1,15000.0,1,0.8461538461538461,13,1653,1168,0.7070217917675545
3586,24418,6316,0,1434,3,1,27000.0,1,0.9230769230769231,13,1654,1169,0.7071990320629159
3587,24418,6159,0,1435,3,0,17000.0,1,0.3333333333333333,3,1655,1170,0.7073760580411125
3588,24418,5793,0,1436,0,1,12000.0,1,0.8181818181818182,11,1656,1170,0.7069486404833837
3589,24418,9632,0,1437,2,1,18000.0,1,0.38461538461538464,13,1657,1171,0.7071256038647343
3590,24418,6297,0,1438,0,1,9000.0,1,1.0,3,1658,1172,0.7073023536511768
3591,24418,5861,0,1439,2,1,18000.0,1,0.6808510638297872,47,1659,1173,0.7074788902291917
3592,24418,4378,0,1440,3,0,7000.0,1,0.75,12,1660,1174,0.707655213984328
3593,24418,8422,0,1441,3,1,10000.0,1,0.875,8,1661,1174,0.7072289156626506
3594,24418,5005,0,1442,2,1,15000.0,1,0.4523809523809524,42,1662,1175,0.7074051776038531
3595,24418,3864,0,1443,1,1,12000.0,1,0.6428571428571429,42,1663,1176,0.7075812274368231
3596,24418,5632,0,1444,2,1,9000.0,1,0.9444444444444444,18,1664,1177,0.7077570655441973
3597,24418,9057,0,1445,1,0,12000.0,1,0.7142857142857143,14,1665,1178,0.7079326923076923
3598,24418,4654,0,1446,0,1,29000.0,1,0.6666666666666666,9,1666,1178,0.7075075075075075
3599,24418,5993,0,1447,2,1,5000.0,1,0.625,32,1667,1179,0.7076830732292917
3600,24418,8487,0,1448,2,0,17000.0,1,0.7857142857142857,14,1668,1180,0.7078584283143371
3602,24418,8487,0,1450,0,1,17000.0,1,0.7857142857142857,14,1669,1180,0.7074340527577938
3603,24418,5986,0,1451,0,1,14000.0,1,0.625,8,1670,1181,0.70760934691432
3604,24418,174,0,1452,1,0,12000.0,1,0.782608695652174,23,1671,1182,0.7077844311377246
3605,24418,59,0,1453,1,1,23000.0,1,0.9285714285714286,14,1672,1182,0.7073608617594255
3606,24418,10583,0,1454,1,0,21000.0,1,0.8333333333333334,6,1673,1183,0.7075358851674641
3607,24418,150,0,1455,2,1,25000.0,1,1.0,10,1674,1183,0.7071129707112971
3608,24418,7905,0,1456,2,1,21000.0,1,0.625,32,1675,1184,0.7072879330943848
3609,24418,121,0,1457,1,0,20000.0,1,0.8,15,1676,1185,0.7074626865671642
3610,24418,10547,0,1458,0,1,22000.0,1,0.9166666666666666,12,1677,1185,0.7070405727923628
3611,24418,6,0,1459,1,0,21000.0,1,0.44871794871794873,78,1678,1186,0.7072152653548003
3612,24418,191,0,1460,2,1,22000.0,1,0.7948717948717948,39,1679,1186,0.7067938021454112
3613,24418,37,0,1461,1,1,23000.0,1,0.8148148148148148,27,1680,1187,0.7069684335914235
3614,24418,10508,0,1462,0,0,20000.0,1,0.8333333333333334,12,1681,1188,0.7071428571428572
3615,24418,7964,0,1463,2,0,20000.0,1,0.45901639344262296,61,1682,1188,0.7067221891731112
3616,24418,102,0,1464,3,1,27000.0,1,0.9090909090909091,11,1683,1188,0.7063020214030915
3617,24418,19,0,1465,0,1,19000.0,1,0.8947368421052632,19,1684,1189,0.7064765300059418
3618,24418,10477,0,1466,0,1,21000.0,1,1.0,7,1685,1190,0.7066508313539193
3619,24418,7914,0,1467,3,0,22000.0,1,0.8333333333333334,12,1686,1191,0.7068249258160237
3620,24418,190,0,1468,0,1,20000.0,1,0.9,10,1687,1191,0.7064056939501779
3621,24418,144,0,1469,0,1,23000.0,1,0.7272727272727273,33,1688,1192,0.7065797273266153
3622,24418,10467,0,1470,2,0,24000.0,1,0.5,6,1689,1193,0.7067535545023697
3623,24418,180,0,1471,2,1,23000.0,1,0.5357142857142857,28,1690,1193,0.7063351095322676
3624,24418,96,0,1472,0,0,21000.0,1,0.5454545454545454,11,1691,1194,0.7065088757396449
3625,24418,7924,0,1473,2,1,24000.0,1,0.782608695652174,23,1692,1194,0.7060910703725606
3626,24418,10673,0,1474,0,0,22000.0,1,0.6842105263157895,19,1693,1195,0.7062647754137116
3627,24418,39,0,1475,1,0,24000.0,1,0.5111111111111111,45,1694,1195,0.7058476077968104
3629,24418,39,0,1478,0,1,22000.0,1,0.5111111111111111,45,1695,1195,0.70543093270366
3630,24418,6,0,1479,2,1,22000.0,1,0.44871794871794873,78,1696,1196,0.7056047197640118
3631,24418,152,0,1476,1,1,21000.0,1,0.8333333333333334,36,1697,1197,0.7057783018867925
3632,24418,45,0,1480,1,1,21000.0,1,0.7321428571428571,56,1698,1198,0.7059516794342958
3633,24418,10487,0,1481,2,1,23000.0,1,0.7333333333333333,15,1699,1199,0.7061248527679623
3634,24418,7884,0,1482,3,1,21000.0,1,1.0,15,1700,1200,0.7062978222483814
3635,24418,7907,0,1483,1,1,24000.0,1,0.8181818181818182,11,1701,1201,0.7064705882352941
3636,24418,170,0,1484,1,0,20000.0,1,0.7142857142857143,21,1702,1202,0.7066431510875956
3637,24418,7346,0,1071,1,0,19000.0,1,0.0,3,1703,1202,0.7062279670975323
3638,24418,7347,0,1071,2,1,19000.0,1,0.6666666666666666,3,1704,1202,0.7058132706987669
3639,24418,7401,0,1485,1,1,58000.0,1,0.3225806451612903,31,1705,1203,0.7059859154929577
3640,24418,7402,0,1485,2,0,58000.0,1,0.22580645161290322,31,1706,1204,0.706158357771261
3641,24418,7403,0,1485,0,0,58000.0,1,0.5161290322580645,31,1707,1204,0.7057444314185228
3642,24418,7404,0,1485,3,0,58000.0,1,0.45161290322580644,31,1708,1204,0.7053309900410076
3643,24418,7405,0,1485,1,0,58000.0,1,0.7096774193548387,31,1709,1204,0.7049180327868853
3645,24418,954,0,1487,1,1,16000.0,1,0.6,35,1710,1204,0.7045055588063195
3646,24418,1346,0,1488,0,1,16000.0,1,0.7,20,1711,1205,0.7046783625730995
3647,24418,702,0,1489,1,1,15000.0,1,0.725,40,1712,1206,0.7048509643483343
3648,24418,740,0,1490,1,0,19000.0,1,0.8260869565217391,23,1713,1207,0.7050233644859814
3649,24418,556,0,1491,1,1,15000.0,1,0.7105263157894737,38,1714,1207,0.7046117921774664
3650,24418,324,0,1492,0,0,20000.0,1,0.7037037037037037,27,1715,1208,0.704784130688448
3651,24418,712,0,1493,3,0,17000.0,1,0.75,24,1716,1208,0.7043731778425656
3652,24418,467,0,1494,3,1,17000.0,1,0.8666666666666667,15,1717,1208,0.703962703962704
3653,24418,775,0,1495,3,0,16000.0,1,0.625,40,1718,1209,0.7041351193942924
3654,24418,954,0,1497,1,1,16000.0,1,0.6,35,1719,1209,0.7037252619324796
3655,24418,861,0,1498,3,1,15000.0,1,0.8181818181818182,22,1720,1210,0.7038976148923793
3656,24418,775,0,1499,0,1,18000.0,1,0.625,40,1721,1211,0.7040697674418605
3657,24418,1346,0,1500,0,1,16000.0,1,0.7,20,1722,1212,0.7042417199302731
3658,24418,1011,0,1501,0,1,16000.0,1,0.7037037037037037,27,1723,1213,0.7044134727061556
3659,24418,979,0,1496,1,1,14000.0,1,0.7916666666666666,24,1724,1214,0.7045850261172374
3660,24418,1050,0,1502,0,0,18000.0,1,0.75,28,1725,1215,0.7047563805104409
3661,24418,1279,0,1503,0,0,15000.0,1,0.5178571428571429,56,1726,1215,0.7043478260869566
3663,24418,356,0,1506,0,1,16000.0,1,0.9090909090909091,11,1727,1215,0.7039397450753186
3664,24418,1279,0,1507,1,1,20000.0,1,0.5178571428571429,56,1728,1216,0.704111175448755
3665,24418,1363,0,1504,3,0,11000.0,1,0.7083333333333334,24,1729,1217,0.7042824074074074
3666,24418,494,0,1508,3,1,17000.0,1,0.75,20,1730,1217,0.7038750722961249
3667,24418,216,0,1509,1,1,16000.0,1,0.7567567567567568,37,1731,1218,0.7040462427745665
3668,24418,770,0,1510,0,0,17000.0,1,0.7647058823529411,17,1732,1219,0.7042172154823801
3669,24418,744,0,1511,1,1,14000.0,1,0.7575757575757576,33,1733,1219,0.703810623556582
3670,24418,401,0,1512,3,1,16000.0,1,0.9285714285714286,28,1734,1220,0.7039815349105597
3671,24418,943,0,1513,1,0,17000.0,1,0.6153846153846154,26,1735,1221,0.7041522491349481
3672,24418,1109,0,1514,3,1,15000.0,1,0.6857142857142857,35,1736,1221,0.7037463976945245
3673,24418,868,0,1515,0,1,16000.0,1,0.5945945945945946,37,1737,1222,0.7039170506912442
3674,24418,372,0,1516,0,1,16000.0,1,0.8235294117647058,51,1738,1223,0.7040875071963155
3675,24418,1163,0,1517,3,0,17000.0,1,0.75,20,1739,1224,0.7042577675489068
3676,24418,694,0,1518,3,0,21000.0,1,0.8636363636363636,22,1740,1224,0.7038527889591719
3677,24418,1034,0,1519,0,1,18000.0,1,0.9230769230769231,13,1741,1224,0.7034482758620689
3678,24418,1176,0,1520,1,1,14000.0,1,0.8695652173913043,23,1742,1225,0.7036186099942562
3679,24418,1064,0,1521,3,1,15000.0,1,0.7297297297297297,37,1743,1226,0.703788748564868
3680,24418,1139,0,1522,0,1,16000.0,1,0.7058823529411765,17,1744,1227,0.7039586919104991
3681,24418,287,0,1523,1,1,17000.0,1,0.47368421052631576,19,1745,1228,0.7041284403669725
3682,24418,485,0,1524,0,1,18000.0,1,0.85,20,1746,1229,0.7042979942693409
3683,24418,1160,0,1525,1,0,16000.0,1,0.7857142857142857,14,1747,1230,0.7044673539518901
3684,24418,825,0,1526,3,1,16000.0,1,0.625,40,1748,1230,0.7040641099026903
3685,24418,1156,0,1527,0,0,16000.0,1,0.5263157894736842,19,1749,1231,0.704233409610984
3687,24418,1395,0,1530,0,1,20000.0,1,0.6923076923076923,13,1750,1231,0.703830760434534
3688,24418,954,0,1531,1,1,17000.0,1,0.6,35,1751,1232,0.704
3689,24418,592,0,1528,3,1,10000.0,1,0.7777777777777778,18,1752,1233,0.7041690462592805
3690,24418,636,0,1532,0,0,20000.0,1,0.65,20,1753,1234,0.704337899543379
3692,24418,636,0,1535,1,1,19000.0,1,0.65,20,1754,1234,0.703936109526526
3693,24418,394,0,1536,3,1,16000.0,1,0.8947368421052632,19,1755,1235,0.7041049030786773
3694,24418,953,0,1533,0,1,18000.0,1,0.875,16,1756,1236,0.7042735042735043
3695,24418,213,0,1537,0,0,18000.0,1,0.8076923076923077,26,1757,1237,0.7044419134396356
3696,24418,866,0,1538,1,1,17000.0,1,0.5882352941176471,34,1758,1237,0.7040409789413773
3697,24418,6749,0,1539,2,1,18000.0,1,0.9473684210526315,19,1759,1238,0.7042093287827076
3698,24418,6751,0,1539,1,1,18000.0,1,0.8947368421052632,19,1760,1239,0.7043774872086412
3699,24418,6752,0,1539,1,0,18000.0,1,0.631578947368421,19,1761,1240,0.7045454545454546
3700,24418,6750,0,1539,1,0,18000.0,1,0.5789473684210527,19,1762,1240,0.704145371947757
3701,24418,6522,0,1540,1,0,20250.0,1,0.8,5,1763,1240,0.7037457434733257
3702,24418,6523,0,1540,1,1,20250.0,1,0.8,5,1764,1240,0.7033465683494045
3703,24418,6524,0,1540,1,0,20250.0,1,0.4,5,1765,1241,0.703514739229025
3704,24418,6521,0,1540,0,0,20250.0,1,0.6,5,1766,1241,0.7031161473087819
3705,24418,6595,0,1541,1,1,26500.0,1,0.8,25,1767,1241,0.702718006795017
3706,24418,6594,0,1541,0,1,26500.0,1,0.96,25,1768,1242,0.7028862478777589
3707,24418,6596,0,1541,1,1,26500.0,1,0.68,25,1769,1243,0.7030542986425339
3708,24418,6593,0,1541,1,0,26500.0,1,0.8,25,1770,1244,0.7032221594120972
3709,24418,6760,0,1542,1,1,34250.0,1,0.7307692307692307,52,1771,1244,0.7028248587570621
3710,24418,6759,0,1542,0,1,34250.0,1,0.8076923076923077,52,1772,1245,0.7029926595143986
3711,24418,6758,0,1542,2,1,34250.0,1,0.8461538461538461,52,1773,1246,0.7031602708803611
3712,24418,6757,0,1542,1,1,34250.0,1,0.7884615384615384,52,1774,1247,0.7033276931754089
3713,24418,6575,0,1543,3,0,26500.0,1,0.21875,32,1775,1248,0.7034949267192785
3714,24418,6576,0,1543,2,1,26500.0,1,0.8125,32,1776,1248,0.7030985915492958
3715,24418,6573,0,1543,1,1,26500.0,1,0.84375,32,1777,1249,0.7032657657657657
3716,24418,6574,0,1543,3,0,26500.0,1,0.65625,32,1778,1250,0.7034327518289252
3717,24418,6549,0,1544,3,1,42250.0,1,0.9,10,1779,1250,0.703037120359955
3718,24418,6551,0,1544,0,1,42250.0,1,0.9,10,1780,1251,0.7032040472175379
3719,24418,6550,0,1544,1,0,42250.0,1,0.3,10,1781,1252,0.7033707865168539
3720,24418,6552,0,1544,3,1,42250.0,1,0.8,10,1782,1252,0.7029758562605278
3721,24418,10706,0,1545,1,1,31000.0,1,1.0,6,1783,1253,0.7031425364758698
3722,24418,10704,0,1545,0,0,31000.0,1,0.6666666666666666,6,1784,1254,0.7033090297251823
3723,24418,10705,0,1545,0,1,31000.0,1,0.8333333333333334,6,1785,1254,0.702914798206278
3724,24418,2714,0,1546,0,0,24000.0,1,0.38095238095238093,21,1786,1255,0.7030812324929971
3725,24418,2713,0,1546,3,1,24000.0,1,0.7142857142857143,21,1787,1255,0.7026875699888018
3726,24418,2715,0,1546,0,1,24000.0,1,0.6190476190476191,21,1788,1256,0.7028539451594852
3728,24418,2715,0,1549,0,1,25000.0,1,0.6190476190476191,21,1789,1257,0.7030201342281879
3729,24418,2713,0,1549,3,1,25000.0,1,0.7142857142857143,21,1790,1258,0.7031861375069871
3730,24418,2714,0,1549,2,1,25000.0,1,0.38095238095238093,21,1791,1259,0.7033519553072626
3731,24418,2800,0,1547,2,0,5333.0,1,0.75,8,1792,1260,0.7035175879396985
3732,24418,2801,0,1547,2,1,5333.0,1,0.75,8,1793,1260,0.703125
3733,24418,2802,0,1547,1,1,5333.0,1,1.0,8,1794,1261,0.7032905744562187
3734,24418,2883,0,1550,2,1,24000.0,1,1.0,7,1795,1262,0.7034559643255296
3735,24418,2884,0,1550,1,1,24000.0,1,1.0,7,1796,1263,0.7036211699164345
3736,24418,2885,0,1550,0,1,24000.0,1,1.0,7,1797,1264,0.7037861915367484
3737,24418,3119,0,1551,1,0,23333.0,1,0.5384615384615384,13,1798,1265,0.7039510294936004
3738,24418,3117,0,1551,1,0,23333.0,1,0.07692307692307693,13,1799,1265,0.703559510567297
3739,24418,3118,0,1551,2,1,23333.0,1,0.6153846153846154,13,1800,1265,0.7031684269038355
3740,24418,2865,0,1552,2,1,26000.0,1,0.75,8,1801,1266,0.7033333333333334
3741,24418,2867,0,1552,0,0,26000.0,1,0.625,8,1802,1267,0.7034980566352027
3742,24418,2866,0,1552,1,1,26000.0,1,1.0,8,1803,1267,0.7031076581576027
3743,24418,2938,0,1553,1,1,25666.0,1,0.8,10,1804,1268,0.7032723239046035
3744,24418,2939,0,1553,0,1,25666.0,1,0.8,10,1805,1269,0.7034368070953437
3745,24418,2937,0,1553,3,1,25666.0,1,1.0,10,1806,1270,0.703601108033241
3746,24418,6899,0,1554,1,0,21333.0,1,0.375,24,1807,1271,0.7037652270210409
3747,24418,6898,0,1554,0,1,21333.0,1,0.9583333333333334,24,1808,1271,0.7033757609297178
3748,24418,6896,0,1554,1,1,21333.0,1,0.875,24,1809,1272,0.7035398230088495
3749,24418,6897,0,1554,0,1,21333.0,1,0.875,24,1810,1273,0.7037037037037037
3750,24418,6912,0,1555,2,0,36750.0,1,0.6206896551724138,29,1811,1274,0.7038674033149172
3751,24418,6913,0,1555,2,0,36750.0,1,0.5517241379310345,29,1812,1274,0.7034787410270569
3752,24418,6914,0,1555,2,1,36750.0,1,0.7241379310344828,29,1813,1274,0.7030905077262694
3753,24418,6915,0,1555,1,1,36750.0,1,0.7241379310344828,29,1814,1275,0.7032542746828461
3755,24418,6777,0,1558,2,0,35250.0,1,0.20689655172413793,29,1815,1276,0.7034178610804851
3756,24418,6778,0,1558,2,1,35250.0,1,0.7586206896551724,29,1816,1276,0.703030303030303
3757,24418,6780,0,1558,3,1,35250.0,1,0.896551724137931,29,1817,1277,0.7031938325991189
3758,24418,6779,0,1558,0,1,35250.0,1,0.41379310344827586,29,1818,1278,0.7033571821684095
3759,24418,6587,0,1556,1,0,48000.0,1,0.5945945945945946,37,1819,1279,0.7035203520352035
3760,24418,6588,0,1556,1,1,48000.0,1,0.9459459459459459,37,1820,1279,0.703133589884552
3761,24418,6585,0,1556,2,1,48000.0,1,0.6756756756756757,37,1821,1280,0.7032967032967034
3762,24418,6586,0,1556,1,0,48000.0,1,0.5135135135135135,37,1822,1281,0.7034596375617792
3763,24418,10232,0,1559,3,1,33250.0,1,0.42857142857142855,7,1823,1281,0.7030735455543359
3764,24418,10233,0,1559,0,1,33250.0,1,1.0,7,1824,1282,0.7032364234777839
3765,24418,10234,0,1559,1,0,33250.0,1,0.5714285714285714,7,1825,1283,0.7033991228070176
3766,24418,10235,0,1559,2,1,33250.0,1,0.8571428571428571,7,1826,1283,0.703013698630137
3767,24418,6692,0,1560,1,0,37250.0,1,0.8125,16,1827,1284,0.7031763417305587
3768,24418,6689,0,1560,3,0,37250.0,1,0.875,16,1828,1284,0.7027914614121511
3769,24418,6690,0,1560,0,1,37250.0,1,0.9375,16,1829,1284,0.7024070021881839
3770,24418,6691,0,1560,0,1,37250.0,1,0.875,16,1830,1285,0.7025697102241663
3772,24418,6768,0,1563,3,1,33750.0,1,0.7777777777777778,36,1831,1286,0.7027322404371584
3773,24418,6766,0,1563,2,0,33750.0,1,0.7222222222222222,36,1832,1287,0.7028945931185144
3774,24418,6767,0,1563,0,0,33750.0,1,0.75,36,1833,1287,0.7025109170305677
3775,24418,6765,0,1563,1,1,33750.0,1,0.8333333333333334,36,1834,1287,0.7021276595744681
3776,24418,6773,0,1561,1,1,34250.0,1,0.85,20,1835,1288,0.7022900763358778
3777,24418,6775,0,1561,2,1,34250.0,1,0.45,20,1836,1289,0.7024523160762943
3778,24418,6774,0,1561,0,0,34250.0,1,0.5,20,1837,1290,0.7026143790849673
3779,24418,6776,0,1561,0,1,34250.0,1,0.5,20,1838,1290,0.7022318998366902
3780,24418,6598,0,1564,1,0,40750.0,1,0.8,25,1839,1291,0.7023939064200218
3781,24418,6600,0,1564,2,1,40750.0,1,0.8,25,1840,1291,0.7020119630233823
3782,24418,6597,0,1564,3,1,40750.0,1,0.4,25,1841,1292,0.7021739130434783
3783,24418,6599,0,1564,0,0,40750.0,1,0.88,25,1842,1293,0.7023356871265617
3784,24418,1008,0,1565,0,0,38000.0,1,0.7619047619047619,21,1843,1293,0.7019543973941368
3785,24418,380,0,1566,1,1,17000.0,1,0.9285714285714286,14,1844,1293,0.7015735214324471
3786,24418,250,0,1567,1,0,20000.0,1,0.7222222222222222,36,1845,1294,0.7017353579175705
3787,24418,730,0,1568,3,0,21000.0,1,0.6,25,1846,1294,0.7013550135501355
3788,24418,1163,0,1570,1,1,15000.0,1,0.75,20,1847,1294,0.7009750812567714
3789,24418,730,0,1571,0,1,16000.0,1,0.6,25,1848,1295,0.7011369788846779
3790,24418,928,0,1572,1,0,18000.0,1,0.7647058823529411,17,1849,1296,0.7012987012987013
3791,24418,1282,0,1573,0,1,17000.0,1,0.5714285714285714,14,1850,1296,0.7009194159004868
3792,24418,1240,0,1574,1,0,20000.0,1,0.8421052631578947,19,1851,1297,0.701081081081081
3793,24418,262,0,1569,0,1,15000.0,1,0.868421052631579,38,1852,1297,0.7007023230686116
3794,24418,1054,0,1575,0,0,20000.0,1,0.5588235294117647,34,1853,1298,0.7008639308855291
3795,24418,446,0,1577,0,0,14000.0,1,0.5473684210526316,95,1854,1298,0.7004856988667026
3796,24418,1240,0,1578,0,1,18000.0,1,0.8421052631578947,19,1855,1298,0.7001078748651565
3797,24418,1160,0,1579,0,1,11000.0,1,0.7857142857142857,14,1856,1299,0.7002695417789757
3798,24418,1054,0,1580,1,1,13000.0,1,0.5588235294117647,34,1857,1300,0.7004310344827587
3799,24418,986,0,1581,1,1,13000.0,1,0.7894736842105263,19,1858,1301,0.7005923532579429
3800,24418,670,0,1576,1,1,17000.0,1,0.9285714285714286,14,1859,1302,0.7007534983853606
3801,24418,766,0,1582,1,0,19000.0,1,0.5714285714285714,70,1860,1303,0.7009144701452393
3802,24418,1357,0,1583,0,1,14000.0,1,0.85,20,1861,1303,0.7005376344086022
3803,24418,1112,0,1584,1,1,16000.0,1,0.3,10,1862,1304,0.7006985491671145
3804,24418,1296,0,1585,3,0,19000.0,1,0.7558139534883721,86,1863,1305,0.700859291084855
3805,24418,369,0,1587,3,1,18000.0,1,0.6578947368421053,38,1864,1305,0.7004830917874396
3806,24418,568,0,1588,1,1,16000.0,1,0.8666666666666667,30,1865,1306,0.7006437768240343
3807,24418,1296,0,1589,0,1,16000.0,1,0.7558139534883721,86,1866,1307,0.7008042895442359
3808,24418,1106,0,1590,0,1,17000.0,1,0.6,25,1867,1308,0.7009646302250804
3809,24418,766,0,1591,3,1,17000.0,1,0.5714285714285714,70,1868,1309,0.7011247991430102
3810,24418,1378,0,1586,1,0,14000.0,1,0.8260869565217391,23,1869,1310,0.7012847965738758
3811,24418,259,0,1592,1,1,16000.0,1,0.6774193548387096,31,1870,1310,0.7009095773140717
3812,24418,706,0,1593,1,1,15000.0,1,0.7586206896551724,29,1871,1311,0.7010695187165775
3813,24418,416,0,1594,3,0,17000.0,1,0.7083333333333334,24,1872,1312,0.7012292891501871
3815,24418,1054,0,1597,1,1,17000.0,1,0.5588235294117647,34,1873,1312,0.7008547008547008
3816,24418,988,0,1598,1,1,14000.0,1,0.8461538461538461,13,1874,1313,0.7010144153764015
3817,24418,625,0,1595,1,1,17000.0,1,0.725,40,1875,1314,0.7011739594450374
3818,24418,1116,0,1599,3,0,17000.0,1,0.6666666666666666,12,1876,1315,0.7013333333333334
3819,24418,1175,0,1600,3,1,18000.0,1,0.8235294117647058,17,1877,1315,0.7009594882729211
3820,24418,733,0,1601,3,0,17000.0,1,0.7894736842105263,19,1878,1316,0.7011188066062867
3821,24418,1008,0,1603,3,1,18000.0,1,0.7619047619047619,21,1879,1316,0.7007454739084132
3822,24418,218,0,1604,3,1,17000.0,1,0.46875,32,1880,1317,0.700904736562001
3823,24418,627,0,1605,1,1,18000.0,1,0.8333333333333334,18,1881,1318,0.701063829787234
3824,24418,733,0,1606,1,1,9000.0,1,0.7894736842105263,19,1882,1319,0.7012227538543327
3825,24418,505,0,1607,0,1,13000.0,1,0.7272727272727273,33,1883,1320,0.7013815090329437
3826,24418,753,0,1602,1,1,16000.0,1,0.7741935483870968,31,1884,1321,0.7015400955921403
3827,24418,1053,0,1608,1,1,16000.0,1,0.6111111111111112,18,1885,1322,0.7016985138004246
3828,24418,949,0,1609,1,0,14000.0,1,0.6842105263157895,19,1886,1323,0.7018567639257295
3829,24418,433,0,1610,1,0,18000.0,1,0.4074074074074074,27,1887,1323,0.7014846235418876
3830,24418,586,0,1611,1,0,19000.0,1,0.6875,16,1888,1323,0.7011128775834659
3831,24418,586,0,1613,3,1,17000.0,1,0.6875,16,1889,1323,0.7007415254237288
3832,24418,564,0,1614,0,1,16000.0,1,0.59375,32,1890,1324,0.7008999470619375
3833,24418,250,0,1615,0,1,16000.0,1,0.7222222222222222,36,1891,1325,0.701058201058201
3834,24418,502,0,1616,3,0,17000.0,1,0.6,30,1892,1326,0.701216287678477
3835,24418,1245,0,1617,1,0,21000.0,1,0.45454545454545453,33,1893,1326,0.7008456659619451
3836,24418,786,0,1612,1,1,18000.0,1,0.6216216216216216,37,1894,1326,0.7004754358161648
3837,24418,903,0,1618,1,0,16000.0,1,0.8095238095238095,21,1895,1327,0.7006335797254488
3839,24418,860,0,1621,0,1,16000.0,1,0.9333333333333333,15,1896,1327,0.700263852242744
3840,24418,903,0,1622,3,1,16000.0,1,0.8095238095238095,21,1897,1328,0.70042194092827
3841,24418,544,0,1619,1,0,16000.0,1,0.6388888888888888,36,1898,1329,0.7005798629414866
3842,24418,938,0,1623,1,0,17000.0,1,0.65,20,1899,1329,0.7002107481559536
3844,24418,531,0,1626,0,1,17000.0,1,0.75,20,1900,1329,0.6998420221169036
3845,24418,503,0,1627,0,1,16000.0,1,0.7083333333333334,24,1901,1330,0.7
3846,24418,412,0,1624,0,0,15000.0,1,0.7254901960784313,51,1902,1331,0.7001578116780641
3847,24418,702,0,1629,1,1,17000.0,1,0.725,40,1903,1331,0.6997896950578338
3848,24418,556,0,1630,1,1,17000.0,1,0.7105263157894737,38,1904,1332,0.6999474513925381
3849,24418,544,0,1631,1,0,19000.0,1,0.6388888888888888,36,1905,1333,0.7001050420168067
3850,24418,712,0,1632,0,1,17000.0,1,0.75,24,1906,1333,0.6997375328083989
3851,24418,412,0,1633,3,1,17000.0,1,0.7254901960784313,51,1907,1334,0.6998950682056663
3852,24418,697,0,1628,1,0,16000.0,1,0.7,30,1908,1335,0.7000524383848977
3854,24418,394,0,1636,3,1,16000.0,1,0.8947368421052632,19,1909,1335,0.699685534591195
3855,24418,636,0,1637,1,1,17000.0,1,0.65,20,1910,1336,0.6998428496595076
3856,24418,1082,0,1634,3,0,18000.0,1,0.4,20,1911,1337,0.7
3857,24418,1728,0,1638,0,1,20000.0,1,0.84375,32,1912,1337,0.6996336996336996
3858,24418,1729,0,1638,2,0,20000.0,1,0.5,32,1913,1338,0.6997907949790795
3859,24418,1727,0,1638,3,0,20000.0,1,0.59375,32,1914,1338,0.6994249869315212
3860,24418,1958,0,1639,3,0,27000.0,1,0.5,6,1915,1338,0.6990595611285266
3861,24418,1960,0,1639,2,0,27000.0,1,0.8333333333333334,6,1916,1338,0.6986945169712794
3862,24418,1959,0,1639,2,0,27000.0,1,0.3333333333333333,6,1917,1338,0.6983298538622129
3863,24418,2104,0,1640,3,0,26333.0,1,0.5714285714285714,7,1918,1338,0.6979655712050078
3864,24418,2103,0,1640,0,1,26333.0,1,0.8571428571428571,7,1919,1338,0.6976016684045881
3865,24418,2102,0,1640,3,1,26333.0,1,0.8571428571428571,7,1920,1339,0.6977592496091715
3866,24418,1535,0,1641,3,1,21333.0,1,0.8333333333333334,12,1921,1340,0.6979166666666666
3867,24418,1536,0,1641,0,1,21333.0,1,1.0,12,1922,1341,0.69807391983342
3868,24418,1537,0,1641,3,0,21333.0,1,0.5,12,1923,1342,0.6982310093652445
3869,24418,1458,0,1642,2,1,26000.0,1,1.0,29,1924,1342,0.6978679147165887
3870,24418,1459,0,1642,1,1,26000.0,1,0.9655172413793104,29,1925,1343,0.6980249480249481
3871,24418,1457,0,1642,2,1,26000.0,1,1.0,29,1926,1344,0.6981818181818182
3872,24418,1776,0,1643,2,0,21333.0,1,0.6153846153846154,13,1927,1345,0.6983385254413291
3873,24418,1777,0,1643,0,1,21333.0,1,0.9230769230769231,13,1928,1345,0.6979761286974572
3874,24418,1775,0,1643,0,0,21333.0,1,0.6153846153846154,13,1929,1346,0.6981327800829875
3876,24418,1775,0,1646,1,1,28000.0,1,0.6153846153846154,13,1930,1346,0.6977708657335407
3877,24418,1776,0,1646,3,1,28000.0,1,0.6153846153846154,13,1931,1347,0.6979274611398963
3878,24418,1777,0,1646,0,1,28000.0,1,0.9230769230769231,13,1932,1348,0.6980838943552563
3879,24418,1864,0,1644,1,0,3000.0,1,0.35714285714285715,14,1933,1349,0.69824016563147
3880,24418,1863,0,1644,2,0,3000.0,1,0.2857142857142857,14,1934,1349,0.6978789446456286
3881,24418,1862,0,1644,0,1,3000.0,1,0.7857142857142857,14,1935,1349,0.6975180972078594
3884,24418,1775,0,1650,1,1,26666.0,1,0.6153846153846154,13,1936,1350,0.6976744186046512
3885,24418,1776,0,1650,3,1,26666.0,1,0.6153846153846154,13,1937,1351,0.6978305785123967
3886,24418,1777,0,1650,0,1,26666.0,1,0.9230769230769231,13,1938,1352,0.697986577181208
3887,24418,1887,0,1648,1,1,23333.0,1,0.9444444444444444,18,1939,1353,0.6981424148606811
3888,24418,1888,0,1648,1,0,23333.0,1,0.3888888888888889,18,1940,1354,0.6982980917998969
3889,24418,1886,0,1648,3,0,23333.0,1,0.5555555555555556,18,1941,1354,0.6979381443298969
3890,24418,9998,0,1651,3,1,25666.0,1,0.6923076923076923,13,1942,1354,0.6975785677485832
3891,24418,4533,0,1652,0,1,19000.0,1,0.421875,64,1943,1355,0.6977342945417095
3892,24418,3973,0,1653,3,1,17000.0,1,0.8571428571428571,21,1944,1356,0.6978898610396295
3893,24418,5673,0,1654,3,0,18000.0,1,0.3283582089552239,67,1945,1357,0.698045267489712
3894,24418,8347,0,1655,0,1,18000.0,1,0.5555555555555556,9,1946,1357,0.6976863753213368
3895,24418,5776,0,1656,1,1,17000.0,1,0.75,12,1947,1358,0.697841726618705
3896,24418,3757,0,1657,0,1,10000.0,1,0.7142857142857143,7,1948,1359,0.6979969183359014
3897,24418,5571,0,1658,2,1,27000.0,1,0.72,25,1949,1360,0.6981519507186859
3898,24418,9478,0,1659,3,0,15000.0,1,0.26666666666666666,15,1950,1361,0.698306824012314
3899,24418,4427,0,1660,0,1,30000.0,1,0.6086956521739131,46,1951,1361,0.6979487179487179
3900,24418,3928,0,1661,0,0,12000.0,1,0.6428571428571429,56,1952,1362,0.6981035366478728
3901,24418,4475,0,1662,0,1,17000.0,1,0.7586206896551724,29,1953,1362,0.6977459016393442
3902,24418,8297,0,1663,2,1,25000.0,1,1.0,8,1954,1363,0.6979006656426011
3903,24418,5331,0,1664,2,1,15000.0,1,0.7619047619047619,21,1955,1364,0.6980552712384852
3904,24418,4614,0,1665,1,1,35000.0,1,1.0,5,1956,1365,0.6982097186700768
3905,24418,4436,0,1666,3,0,3000.0,1,0.46153846153846156,39,1957,1366,0.6983640081799591
3907,24418,4456,0,1669,0,0,13000.0,1,0.4634146341463415,41,1958,1366,0.6980071538068472
3908,24418,6261,0,1670,1,1,17000.0,1,0.42857142857142855,42,1959,1366,0.6976506639427987
3909,24418,9029,0,1667,2,1,3000.0,1,0.5384615384615384,13,1960,1367,0.6978050025523226
3910,24418,5308,0,1671,0,1,18000.0,1,0.75,4,1961,1368,0.6979591836734694
3911,24418,6436,0,1672,3,0,9000.0,1,0.37142857142857144,35,1962,1369,0.6981132075471698
3912,24418,4422,0,1673,0,1,27000.0,1,0.5142857142857142,35,1963,1369,0.6977573904179408
3913,24418,8650,0,1674,1,0,17000.0,1,0.8333333333333334,12,1964,1370,0.6979113601630158
3914,24418,6018,0,1675,3,0,20000.0,1,0.8095238095238095,21,1965,1370,0.6975560081466395
3915,24418,3857,0,1676,2,0,20000.0,1,0.4473684210526316,76,1966,1370,0.6972010178117048
3916,24418,3726,0,1677,3,0,12000.0,1,0.4444444444444444,9,1967,1370,0.6968463886063072
3917,24418,8692,0,1679,3,0,10000.0,1,0.3333333333333333,6,1968,1370,0.6964921199796644
3918,24418,3960,0,1680,0,1,17000.0,1,0.5,8,1969,1370,0.6961382113821138
3919,24418,4433,0,1681,1,1,7000.0,1,0.575,40,1970,1371,0.6962925342813611
3920,24418,6262,0,1682,0,1,29000.0,1,0.7333333333333333,30,1971,1372,0.6964467005076143
3921,24418,8980,0,1683,3,0,11000.0,1,0.46153846153846156,13,1972,1373,0.6966007102993405
3922,24418,6253,0,1684,1,1,29000.0,1,0.6071428571428571,28,1973,1373,0.6962474645030426
3923,24418,5624,0,1685,1,0,19000.0,1,0.5666666666666667,60,1974,1374,0.6964014191586416
3924,24418,5381,0,1686,1,1,14000.0,1,0.6428571428571429,14,1975,1374,0.6960486322188449
3925,24418,10614,0,1687,0,1,16000.0,1,1.0,10,1976,1375,0.6962025316455697
3926,24418,185,0,1688,0,1,19000.0,1,0.5882352941176471,68,1977,1376,0.6963562753036437
3927,24418,7945,0,1689,3,1,21000.0,1,0.7027027027027027,37,1978,1377,0.6965098634294385
3928,24418,7872,0,1690,3,1,21000.0,1,1.0,14,1979,1378,0.6966632962588474
3929,24418,10385,0,1691,3,1,19000.0,1,1.0,8,1980,1379,0.6968165740272865
3930,24418,7976,0,1692,3,1,20000.0,1,0.7619047619047619,21,1981,1380,0.696969696969697
3931,24418,7977,0,1693,1,1,18000.0,1,0.9230769230769231,13,1982,1381,0.6971226653205452
3932,24418,7942,0,1694,0,1,19000.0,1,0.6551724137931034,58,1983,1382,0.6972754793138244
3933,24418,10410,0,1695,0,1,22000.0,1,0.8571428571428571,7,1984,1383,0.697428139183056
3934,24418,63,0,1696,2,1,21000.0,1,0.7272727272727273,22,1985,1384,0.6975806451612904
3935,24418,7874,0,1697,1,1,24000.0,1,0.9333333333333333,15,1986,1385,0.6977329974811083
3936,24418,182,0,1698,2,1,20000.0,1,0.7142857142857143,14,1987,1386,0.6978851963746223
3937,24418,10581,0,1699,1,1,21000.0,1,1.0,12,1988,1387,0.6980372420734776
3938,24418,166,0,1700,1,1,22000.0,1,1.0,12,1989,1388,0.6981891348088531
3939,24418,7969,0,1701,3,1,21000.0,1,0.8076923076923077,26,1990,1389,0.698340874811463
3940,24418,7925,0,1702,3,1,24000.0,1,1.0,10,1991,1390,0.6984924623115578
3941,24418,10490,0,1703,2,1,19000.0,1,1.0,9,1992,1391,0.6986438975389252
3942,24418,71,0,1704,2,0,22000.0,1,0.7,10,1993,1392,0.6987951807228916
3943,24418,7982,0,1705,1,0,20000.0,1,0.8,10,1994,1392,0.6984445559458103
3944,24418,12,0,1706,1,1,21000.0,1,0.8,30,1995,1392,0.6980942828485457
3945,24418,911,0,1707,0,0,23000.0,1,0.5384615384615384,13,1996,1393,0.6982456140350877
3946,24418,911,0,1709,3,1,15000.0,1,0.5384615384615384,13,1997,1393,0.6978957915831663
3947,24418,730,0,1710,0,1,15000.0,1,0.6,25,1998,1394,0.6980470706059089
3948,24418,1116,0,1711,3,0,16000.0,1,0.6666666666666666,12,1999,1395,0.6981981981981982
3949,24418,1163,0,1712,1,1,16000.0,1,0.75,20,2000,1395,0.6978489244622311
3950,24418,928,0,1713,1,0,15000.0,1,0.7647058823529411,17,2001,1396,0.698
3951,24418,509,0,1708,0,1,16000.0,1,0.8888888888888888,18,2002,1396,0.6976511744127936
3952,24418,234,0,1714,0,1,18000.0,1,0.8928571428571429,28,2003,1397,0.6978021978021978
3953,24418,423,0,1715,0,0,21000.0,1,0.6538461538461539,52,2004,1398,0.6979530703944083
3954,24418,752,0,1716,1,1,16000.0,1,0.631578947368421,19,2005,1398,0.6976047904191617
3955,24418,995,0,1717,0,1,16000.0,1,0.8,30,2006,1399,0.6977556109725686
3956,24418,1294,0,1718,0,1,19000.0,1,0.875,24,2007,1400,0.6979062811565304
3957,24418,1129,0,1719,3,0,21000.0,1,0.85,20,2008,1401,0.6980568011958147
3958,24418,643,0,1720,1,1,16000.0,1,0.7692307692307693,26,2009,1401,0.6977091633466136
3959,24418,1218,0,1721,3,1,20000.0,1,0.8666666666666667,15,2010,1402,0.6978596316575411
3960,24418,798,0,1722,1,0,15000.0,1,0.7692307692307693,26,2011,1403,0.6980099502487562
3961,24418,981,0,1723,1,0,15000.0,1,0.0967741935483871,62,2012,1403,0.6976628543013426
3963,24418,1279,0,1726,3,0,18000.0,1,0.5178571428571429,56,2013,1403,0.6973161033797217
3964,24418,798,0,1727,0,1,18000.0,1,0.7692307692307693,26,2014,1403,0.696969696969697
3965,24418,242,0,1724,3,1,13000.0,1,0.76,50,2015,1404,0.6971201588877854
3966,24418,506,0,1728,1,0,17000.0,1,0.8085106382978723,47,2016,1405,0.6972704714640199
3967,24418,558,0,1729,0,0,16000.0,1,0.631578947368421,19,2017,1405,0.6969246031746031
3968,24418,213,0,1731,3,1,17000.0,1,0.8076923076923077,26,2018,1405,0.6965790778383738
3969,24418,433,0,1732,3,1,16000.0,1,0.4074074074074074,27,2019,1406,0.6967294350842418
3970,24418,856,0,1733,1,1,19000.0,1,0.9333333333333333,15,2020,1407,0.6968796433878157
3971,24418,812,0,1734,0,1,17000.0,1,0.7857142857142857,14,2021,1408,0.697029702970297
3972,24418,558,0,1735,3,1,15000.0,1,0.631578947368421,19,2022,1409,0.6971796140524493
3973,24418,1335,0,1730,0,1,15000.0,1,0.8181818181818182,33,2023,1410,0.6973293768545994
3974,24418,1311,0,1736,1,0,16000.0,1,0.75,20,2024,1411,0.6974789915966386
3975,24418,575,0,1737,3,1,17000.0,1,0.7272727272727273,33,2025,1411,0.6971343873517787
3976,24418,717,0,1738,1,0,16000.0,1,0.7391304347826086,23,2026,1412,0.697283950617284
3977,24418,417,0,1739,3,1,18000.0,1,0.8333333333333334,12,2027,1412,0.6969397828232972
3978,24418,2591,0,1740,3,0,19000.0,1,0.4,15,2028,1413,0.697089294523927
3979,24418,2590,0,1740,2,1,19000.0,1,0.8,15,2029,1413,0.6967455621301775
3980,24418,2592,0,1740,2,0,19000.0,1,0.7333333333333333,15,2030,1414,0.696895022178413
3981,24418,2697,0,1741,1,0,25333.0,1,0.625,8,2031,1414,0.696551724137931
3982,24418,2695,0,1741,0,0,25333.0,1,0.25,8,2032,1414,0.6962087641555884
3983,24418,2696,0,1741,0,1,25333.0,1,0.75,8,2033,1414,0.6958661417322834
3984,24418,3063,0,1742,1,1,22666.0,1,0.75,4,2034,1415,0.6960157402852927
3985,24418,3065,0,1742,1,0,22666.0,1,0.25,4,2035,1416,0.696165191740413
3986,24418,3064,0,1742,0,1,22666.0,1,1.0,4,2036,1416,0.6958230958230959
3987,24418,10296,0,1743,0,1,24666.0,1,1.0,7,2037,1417,0.6959724950884086
3988,24418,10297,0,1743,0,0,24666.0,1,0.8571428571428571,7,2038,1418,0.6961217476681394
3989,24418,10298,0,1743,0,1,24666.0,1,1.0,7,2039,1418,0.6957801766437685
3990,24418,10299,0,1743,2,1,24666.0,1,1.0,7,2040,1419,0.6959293771456596
3991,24418,6788,0,1744,1,0,19750.0,1,0.75,24,2041,1420,0.696078431372549
3992,24418,6786,0,1744,3,0,19750.0,1,0.7083333333333334,24,2042,1420,0.6957373836354728
3993,24418,6787,0,1744,2,0,19750.0,1,0.6666666666666666,24,2043,1420,0.6953966699314398
3994,24418,6785,0,1744,3,1,19750.0,1,1.0,24,2044,1420,0.6950562897699462
3995,24418,6598,0,1745,2,0,29500.0,1,0.8,25,2045,1421,0.6952054794520548
3996,24418,6597,0,1745,3,1,29500.0,1,0.4,25,2046,1421,0.6948655256723716
3997,24418,6599,0,1745,1,0,29500.0,1,0.88,25,2047,1422,0.6950146627565983
3998,24418,6600,0,1745,0,0,29500.0,1,0.8,25,2048,1422,0.6946751343429409
3999,24418,9371,0,1746,2,1,12500.0,1,0.38461538461538464,13,2049,1422,0.6943359375
4000,24418,3746,0,1747,3,0,27000.0,1,0.896551724137931,29,2050,1423,0.6944851146900928
4001,24418,3852,0,1748,3,0,11000.0,1,0.6,75,2051,1423,0.6941463414634146
4003,24418,3852,0,1751,1,1,22000.0,1,0.6,75,2052,1423,0.6938078985860556
4004,24418,4141,0,1752,0,1,1000.0,1,0.676923076923077,65,2053,1424,0.6939571150097466
4005,24418,3639,0,1749,1,0,11000.0,1,0.5892857142857143,56,2054,1425,0.6941061860691671
4007,24418,3928,0,1755,2,1,25000.0,1,0.6428571428571429,56,2055,1425,0.6937682570593963
4008,24418,3639,0,1756,0,1,7000.0,1,0.5892857142857143,56,2056,1426,0.6939172749391728
4009,24418,8644,0,1753,1,0,3000.0,1,0.3125,16,2057,1427,0.6940661478599222
4010,24418,5169,0,1757,2,1,24000.0,1,0.56,25,2058,1427,0.6937287311618863
4011,24418,4070,0,1758,1,1,24000.0,1,0.75,24,2059,1428,0.6938775510204082
4012,24418,3641,0,1759,2,1,21000.0,1,0.7285714285714285,70,2060,1429,0.694026226323458
4013,24418,8673,0,1760,2,1,5000.0,1,1.0,2,2061,1430,0.6941747572815534
4014,24418,5532,0,1761,1,1,23000.0,1,1.0,5,2062,1431,0.6943231441048034
4015,24418,4530,0,1762,1,1,8000.0,1,0.8,30,2063,1432,0.6944713870029098
4016,24418,4103,0,1763,1,1,22000.0,1,0.76,25,2064,1433,0.6946194861851672
4017,24418,8170,0,1764,0,1,40000.0,1,1.0,7,2065,1434,0.6947674418604651
4018,24418,6031,0,1765,2,1,10000.0,1,0.5172413793103449,29,2066,1435,0.6949152542372882
4019,24418,1939,0,1766,2,1,28000.0,1,1.0,12,2067,1436,0.6950629235237173
4020,24418,1938,0,1766,1,1,28000.0,1,0.5833333333333334,12,2068,1437,0.6952104499274311
4021,24418,1937,0,1766,3,1,28000.0,1,0.9166666666666666,12,2069,1438,0.695357833655706
4022,24418,1750,0,1767,3,0,20333.0,1,0.8666666666666667,30,2070,1439,0.6955050749154181
4023,24418,1749,0,1767,0,0,20333.0,1,0.5,30,2071,1439,0.6951690821256039
4024,24418,1748,0,1767,0,1,20333.0,1,0.9,30,2072,1439,0.6948334138097537
4025,24418,2547,0,1768,3,1,24000.0,1,0.8888888888888888,9,2073,1440,0.694980694980695
4026,24418,2545,0,1768,3,0,24000.0,1,0.7777777777777778,9,2074,1441,0.6951278340569224
4027,24418,2546,0,1768,1,1,24000.0,1,1.0,9,2075,1441,0.6947926711668274
4028,24418,2358,0,1769,0,1,25666.0,1,0.7692307692307693,13,2076,1442,0.6949397590361446
4029,24418,2357,0,1769,0,0,25666.0,1,0.9230769230769231,13,2077,1443,0.6950867052023122
4030,24418,2356,0,1769,3,1,25666.0,1,0.6923076923076923,13,2078,1443,0.6947520462205103
4031,24418,1420,0,1770,0,0,27000.0,1,0.75,16,2079,1444,0.6948989412897016
4032,24418,1419,0,1770,1,0,27000.0,1,0.625,16,2080,1444,0.6945646945646946
4033,24418,1418,0,1770,3,0,27000.0,1,0.375,16,2081,1444,0.6942307692307692
4034,24418,2074,0,1771,2,0,24000.0,1,0.4375,32,2082,1444,0.6938971648246035
4035,24418,2072,0,1771,0,1,24000.0,1,0.9375,32,2083,1444,0.6935638808837656
4036,24418,2073,0,1771,3,1,24000.0,1,0.96875,32,2084,1445,0.6937109937590015
4037,24418,2468,0,1772,0,1,22666.0,1,0.8888888888888888,9,2085,1446,0.6938579654510557
4038,24418,2467,0,1772,0,1,22666.0,1,0.6666666666666666,9,2086,1447,0.6940047961630695
4039,24418,2469,0,1772,1,1,22666.0,1,0.6666666666666666,9,2087,1448,0.6941514860977949
4040,24418,1483,0,1773,1,1,22333.0,1,0.9090909090909091,11,2088,1449,0.6942980354575946
4041,24418,1482,0,1773,2,1,22333.0,1,1.0,11,2089,1450,0.6944444444444444
4042,24418,1481,0,1773,0,1,22333.0,1,0.9090909090909091,11,2090,1451,0.6945907132599329
4043,24418,2504,0,1774,3,1,25000.0,1,0.5454545454545454,11,2091,1452,0.6947368421052632
4044,24418,2505,0,1774,2,1,25000.0,1,0.8181818181818182,11,2092,1453,0.6948828311812529
4045,24418,2503,0,1774,1,1,25000.0,1,1.0,11,2093,1454,0.6950286806883366
4046,24418,1523,0,1775,0,1,21666.0,1,0.8076923076923077,26,2094,1455,0.6951743908265647
4047,24418,1525,0,1775,1,0,21666.0,1,0.8076923076923077,26,2095,1456,0.6953199617956065
4048,24418,1524,0,1775,3,1,21666.0,1,0.8461538461538461,26,2096,1456,0.6949880668257756
4049,24418,2231,0,1776,1,1,24000.0,1,1.0,9,2097,1457,0.6951335877862596
4050,24418,2232,0,1776,3,1,24000.0,1,0.6666666666666666,9,2098,1458,0.6952789699570815
4051,24418,2230,0,1776,0,1,24000.0,1,0.8888888888888888,9,2099,1459,0.6954242135367016
4052,24418,1849,0,1777,1,0,29333.0,1,0.3333333333333333,9,2100,1460,0.6955693187232015
4053,24418,1848,0,1777,0,0,29333.0,1,0.6666666666666666,9,2101,1460,0.6952380952380952
4054,24418,1847,0,1777,1,1,29333.0,1,1.0,9,2102,1460,0.694907187053784
4056,24418,2356,0,1779,3,1,24333.0,1,0.6923076923076923,13,2103,1461,0.6950523311132255
4057,24418,2357,0,1779,2,1,24333.0,1,0.9230769230769231,13,2104,1462,0.6951973371374227
4058,24418,2358,0,1779,0,1,24333.0,1,0.7692307692307693,13,2105,1463,0.6953422053231939
4059,24418,2817,0,1780,0,0,25666.0,1,0.42857142857142855,14,2106,1464,0.6954869358669834
4060,24418,2816,0,1780,2,1,25666.0,1,0.7857142857142857,14,2107,1464,0.6951566951566952
4061,24418,2815,0,1780,1,1,25666.0,1,0.9285714285714286,14,2108,1465,0.6953013763644993
4062,24418,3181,0,1781,3,0,25333.0,1,0.5217391304347826,46,2109,1466,0.6954459203036053
4063,24418,3180,0,1781,3,0,25333.0,1,0.32608695652173914,46,2110,1466,0.6951161688003793
4064,24418,3182,0,1781,2,0,25333.0,1,0.782608695652174,46,2111,1466,0.6947867298578199
4066,24418,2816,0,1784,2,1,23000.0,1,0.7857142857142857,14,2112,1466,0.6944576030317385
4067,24418,2817,0,1784,2,1,23000.0,1,0.42857142857142855,14,2113,1467,0.6946022727272727
4068,24418,2815,0,1784,1,1,23000.0,1,0.9285714285714286,14,2114,1468,0.6947468054898249
4069,24418,10127,0,1782,2,0,5000.0,1,0.7692307692307693,13,2115,1469,0.6948912015137181
4070,24418,10128,0,1782,3,1,5000.0,1,0.8461538461538461,13,2116,1469,0.6945626477541371
4071,24418,10129,0,1782,2,0,5000.0,1,0.6153846153846154,13,2117,1470,0.6947069943289225
4072,24418,3478,0,1785,2,0,26333.0,1,0.6428571428571429,14,2118,1470,0.6943788379782712
4073,24418,3479,0,1785,0,1,26333.0,1,1.0,14,2119,1470,0.6940509915014165
4074,24418,3477,0,1785,3,1,26333.0,1,0.9285714285714286,14,2120,1471,0.6941953751769703
4075,24418,2636,0,1786,0,1,20333.0,1,0.625,8,2121,1472,0.6943396226415094
4076,24418,2637,0,1786,1,1,20333.0,1,1.0,8,2122,1473,0.6944837340876945
4077,24418,2635,0,1786,0,1,20333.0,1,0.75,8,2123,1474,0.6946277097078228
4078,24418,2634,0,1787,1,1,23333.0,1,1.0,12,2124,1475,0.6947715496938295
4079,24418,2633,0,1787,3,1,23333.0,1,0.8333333333333334,12,2125,1476,0.6949152542372882
4080,24418,2632,0,1787,2,1,23333.0,1,0.5,12,2126,1477,0.6950588235294117
4081,24418,2771,0,1788,2,1,22000.0,1,0.9230769230769231,13,2127,1478,0.6952022577610536
4082,24418,2770,0,1788,0,1,22000.0,1,1.0,13,2128,1479,0.6953455571227081
4083,24418,2772,0,1788,0,0,22000.0,1,0.7692307692307693,13,2129,1480,0.6954887218045113
4084,24418,2996,0,1789,2,1,25333.0,1,0.7777777777777778,9,2130,1480,0.6951620479098168
4085,24418,2994,0,1789,3,0,25333.0,1,0.5555555555555556,9,2131,1481,0.6953051643192488
4086,24418,2995,0,1789,1,1,25333.0,1,0.7777777777777778,9,2132,1481,0.6949788831534491
4087,24418,3244,0,1790,3,1,22666.0,1,0.9130434782608695,23,2133,1482,0.6951219512195121
4088,24418,3243,0,1790,1,1,22666.0,1,0.6956521739130435,23,2134,1483,0.6952648851383029
4089,24418,3245,0,1790,2,1,22666.0,1,0.9130434782608695,23,2135,1484,0.6954076850984068
4090,24418,3297,0,1791,3,1,21666.0,1,0.5,4,2136,1485,0.6955503512880562
4091,24418,3298,0,1791,2,1,21666.0,1,1.0,4,2137,1486,0.6956928838951311
4092,24418,3299,0,1791,3,0,21666.0,1,0.0,4,2138,1487,0.6958352831071596
4094,24418,6159,0,1793,1,1,25000.0,1,0.3333333333333333,3,2139,1487,0.695509822263798
4095,24418,4798,0,1794,3,1,4000.0,1,0.5,8,2140,1488,0.6956521739130435
4097,24418,3857,0,1795,1,1,2000.0,1,0.4473684210526316,76,2141,1489,0.6957943925233645
4098,24418,5626,0,1796,1,1,6000.0,1,0.65625,32,2142,1490,0.695936478281177
4099,24418,3954,0,1797,0,1,6000.0,1,0.8333333333333334,6,2143,1491,0.696078431372549
4100,24418,3644,0,1798,1,1,7000.0,1,0.55,60,2144,1492,0.6962202519832011
4101,24418,9202,0,1799,3,0,6000.0,1,0.2857142857142857,7,2145,1493,0.6963619402985075
4102,24418,3966,0,1800,2,1,15000.0,1,0.6896551724137931,29,2146,1493,0.696037296037296
4103,24418,5572,0,1801,1,0,29000.0,1,0.6,10,2147,1494,0.6961789375582479
4104,24418,5844,0,1802,0,1,26000.0,1,0.6666666666666666,12,2148,1494,0.695854680950163
4105,24418,8510,0,1803,3,1,14000.0,1,1.0,7,2149,1495,0.6959962756052142
4106,24418,4765,0,1804,3,1,13000.0,1,1.0,3,2150,1496,0.6961377384830154
4107,24418,5199,0,1805,1,1,13000.0,1,0.65625,64,2151,1497,0.6962790697674418
4108,24418,4635,0,1806,3,0,18000.0,1,0.8333333333333334,6,2152,1498,0.696420269642027
4109,24418,9126,0,1807,1,0,16000.0,1,0.14285714285714285,7,2153,1498,0.6960966542750929
4110,24418,6371,0,1808,2,1,22000.0,1,0.6842105263157895,19,2154,1498,0.6957733395262424
4111,24418,5223,0,1809,0,0,12000.0,1,0.6904761904761905,42,2155,1499,0.6959145775301764
4112,24418,3725,0,1810,0,1,21000.0,1,0.75,20,2156,1499,0.6955916473317866
4113,24418,9958,0,1811,2,1,10000.0,1,0.3,10,2157,1500,0.6957328385899815
4114,24418,5371,0,1812,1,1,23000.0,1,0.7037037037037037,27,2158,1501,0.6958738989337042
4115,24418,5348,0,1813,1,0,5000.0,1,0.4838709677419355,62,2159,1502,0.696014828544949
4116,24418,4394,0,1814,3,1,26000.0,1,1.0,6,2160,1502,0.6956924502084298
4117,24418,8852,0,1815,1,1,19000.0,1,1.0,8,2161,1503,0.6958333333333333
4118,24418,3715,0,1816,3,0,9000.0,1,0.46153846153846156,13,2162,1504,0.6959740860712633
4119,24418,6007,0,1817,0,1,10000.0,1,0.6666666666666666,27,2163,1504,0.6956521739130435
4120,24418,4467,0,1818,0,0,14000.0,1,0.5238095238095238,84,2164,1505,0.6957928802588996
4121,24418,9984,0,1819,3,1,16000.0,1,0.8888888888888888,9,2165,1505,0.6954713493530499
4122,24418,4992,0,1820,2,0,7000.0,1,0.5652173913043478,69,2166,1506,0.6956120092378753
4123,24418,9262,0,1821,0,0,14000.0,1,0.25,4,2167,1506,0.6952908587257618
4124,24418,5240,0,1822,0,0,28000.0,1,0.625,24,2168,1506,0.6949700046146746
4125,24418,9617,0,1823,2,1,23000.0,1,0.8888888888888888,9,2169,1506,0.6946494464944649
4126,24418,4519,0,1824,1,0,17000.0,1,0.3888888888888889,72,2170,1507,0.6947902259105578
4127,24418,8216,0,1825,1,1,17000.0,1,0.5319148936170213,47,2171,1507,0.6944700460829493
4128,24418,3696,0,1826,2,0,19000.0,1,0.5,8,2172,1508,0.6946107784431138
4130,24418,3696,0,1828,0,1,27000.0,1,0.5,8,2173,1508,0.6942909760589319
4131,24418,5572,0,1829,0,1,5000.0,1,0.6,10,2174,1509,0.694431661297745
4132,24418,454,0,1830,1,0,5000.0,1,0.7307692307692307,52,2175,1510,0.6945722171113156
4133,24418,852,0,1831,1,0,17000.0,1,0.6818181818181818,22,2176,1510,0.6942528735632184
4134,24418,717,0,1833,3,1,19000.0,1,0.7391304347826086,23,2177,1510,0.6939338235294118
4135,24418,558,0,1834,3,1,17000.0,1,0.631578947368421,19,2178,1511,0.6940744143316491
4136,24418,433,0,1835,1,0,16000.0,1,0.4074074074074074,27,2179,1512,0.6942148760330579
4137,24418,852,0,1836,0,1,19000.0,1,0.6818181818181818,22,2180,1512,0.6938962826984856
4138,24418,213,0,1837,3,1,16000.0,1,0.8076923076923077,26,2181,1513,0.6940366972477064
4139,24418,668,0,1832,3,1,16000.0,1,0.5675675675675675,37,2182,1514,0.694176983035305
4140,24418,1002,0,1838,0,0,17000.0,1,0.6730769230769231,52,2183,1515,0.6943171402383135
4141,24418,622,0,1839,0,0,18000.0,1,0.6896551724137931,29,2184,1515,0.6939990838295923
4142,24418,458,0,1840,3,0,20000.0,1,0.7272727272727273,22,2185,1515,0.6936813186813187
4143,24418,544,0,1842,1,0,17000.0,1,0.6388888888888888,36,2186,1515,0.6933638443935927
4144,24418,702,0,1843,1,1,19000.0,1,0.725,40,2187,1515,0.6930466605672461
4145,24418,412,0,1844,0,0,19000.0,1,0.7254901960784313,51,2188,1516,0.6931870141746685
4146,24418,1129,0,1845,1,1,17000.0,1,0.85,20,2189,1516,0.6928702010968921
4147,24418,458,0,1846,1,1,16000.0,1,0.7272727272727273,22,2190,1517,0.6930105070808589
4148,24418,1233,0,1841,1,1,16000.0,1,0.7608695652173914,46,2191,1518,0.6931506849315069
4149,24418,1366,0,1847,1,0,15000.0,1,0.7142857142857143,21,2192,1519,0.6932907348242812
4150,24418,1256,0,1848,3,1,17000.0,1,0.7045454545454546,44,2193,1519,0.6929744525547445
4151,24418,261,0,1849,1,1,20000.0,1,0.6842105263157895,19,2194,1520,0.6931144550843593
4152,24418,6809,0,1850,3,1,19000.0,1,0.7692307692307693,26,2195,1521,0.6932543299908842
4153,24418,6810,0,1850,3,1,19000.0,1,0.8461538461538461,26,2196,1522,0.6933940774487471
4154,24418,6811,0,1850,2,1,19000.0,1,0.3076923076923077,26,2197,1523,0.6935336976320583
4155,24418,6812,0,1850,2,0,19000.0,1,0.7692307692307693,26,2198,1524,0.6936731907146109
4156,24418,9073,0,1851,1,0,22000.0,1,0.8571428571428571,7,2199,1524,0.6933575978161965
4157,24418,6445,0,1852,2,0,12000.0,1,0.5,32,2200,1524,0.6930422919508867
4158,24418,4024,0,1853,0,1,13000.0,1,0.75,4,2201,1524,0.6927272727272727
4159,24418,6410,0,1854,2,0,20000.0,1,0.7391304347826086,23,2202,1525,0.6928668786915039
4160,24418,9831,0,1855,0,0,20000.0,1,0.5,6,2203,1525,0.6925522252497729
4161,24418,4781,0,1856,2,1,23000.0,1,0.9444444444444444,18,2204,1525,0.6922378574670903
4162,24418,3941,0,1857,0,1,21000.0,1,0.8,20,2205,1526,0.6923774954627949
4163,24418,6330,0,1858,2,0,22000.0,1,0.7142857142857143,7,2206,1527,0.6925170068027211
4165,24418,5549,0,1861,0,1,31000.0,1,0.9,10,2207,1527,0.6922030825022666
4166,24418,6410,0,1862,1,1,14000.0,1,0.7391304347826086,23,2208,1528,0.6923425464431355
4167,24418,8576,0,1859,1,1,15000.0,1,0.6666666666666666,6,2209,1529,0.6924818840579711
4168,24418,8459,0,1863,1,0,20000.0,1,0.6086956521739131,23,2210,1530,0.6926210955183341
4169,24418,6149,0,1864,2,1,29000.0,1,1.0,16,2211,1530,0.6923076923076923
4170,24418,6177,0,1865,3,1,7000.0,1,1.0,4,2212,1531,0.6924468566259611
4171,24418,8845,0,1866,2,1,7000.0,1,0.875,8,2213,1532,0.6925858951175407
4172,24418,5442,0,1867,1,0,24000.0,1,0.7857142857142857,14,2214,1533,0.692724807953005
4174,24418,3746,0,1870,0,1,6000.0,1,0.896551724137931,29,2215,1533,0.6924119241192412
4175,24418,4202,0,1871,1,1,21000.0,1,0.7857142857142857,14,2216,1534,0.6925507900677201
4176,24418,3739,0,1868,1,1,11000.0,1,0.75,4,2217,1535,0.6926895306859205
4177,24418,4985,0,1872,2,1,6000.0,1,0.5833333333333334,24,2218,1536,0.6928281461434371
4178,24418,8883,0,1873,2,0,7000.0,1,0.8,10,2219,1537,0.6929666366095582
4179,24418,4437,0,1874,1,0,24000.0,1,0.5,40,2220,1537,0.6926543488057684
4180,24418,5238,0,1875,3,1,14000.0,1,0.6071428571428571,28,2221,1537,0.6923423423423424
4181,24418,5272,0,1876,3,0,21000.0,1,0.5294117647058824,34,2222,1538,0.6924808644754615
4183,24418,6442,0,1879,1,1,27000.0,1,0.5217391304347826,23,2223,1538,0.6921692169216922
4184,24418,6445,0,1880,1,0,4000.0,1,0.5,32,2224,1539,0.6923076923076923
4185,24418,9418,0,1877,0,0,19000.0,1,0.5,4,2225,1539,0.6919964028776978
4186,24418,5526,0,1881,2,1,27000.0,1,0.75,4,2226,1539,0.6916853932584269
4187,24418,5668,0,1882,2,1,14000.0,1,0.6190476190476191,42,2227,1540,0.6918238993710691
4188,24418,9725,0,1883,1,1,20000.0,1,1.0,4,2228,1541,0.6919622810956444
4189,24418,9042,0,1884,2,1,17000.0,1,0.9090909090909091,11,2229,1542,0.6921005385996409
4190,24418,10486,0,1885,1,1,15000.0,1,1.0,12,2230,1543,0.6922386720502467
4191,24418,77,0,1886,2,1,19000.0,1,0.7741935483870968,31,2231,1544,0.6923766816143497
4192,24418,3,0,1887,3,0,21000.0,1,0.8235294117647058,34,2232,1545,0.6925145674585388
4193,24418,7979,0,1888,1,0,21000.0,1,0.7878787878787878,33,2233,1545,0.6922043010752689
4194,24418,10549,0,1889,3,1,22000.0,1,0.9,10,2234,1545,0.6918943125839677
4195,24418,140,0,1890,0,1,26000.0,1,0.9375,16,2235,1546,0.6920322291853178
4196,24418,7968,0,1891,0,0,21000.0,1,0.65,20,2236,1547,0.6921700223713646
4197,24418,122,0,1892,2,0,21000.0,1,0.75,32,2237,1547,0.6918604651162791
4199,24418,174,0,1895,0,1,21000.0,1,0.782608695652174,23,2238,1547,0.691551184622262
4200,24418,195,0,1896,0,1,13000.0,1,0.7916666666666666,24,2239,1548,0.6916890080428955
4201,24418,10494,0,1893,0,0,12000.0,1,0.42857142857142855,7,2240,1549,0.6918267083519428
4202,24418,65,0,1897,2,1,21000.0,1,0.9411764705882353,34,2241,1549,0.6915178571428572
4203,24418,148,0,1898,0,1,24000.0,1,0.7647058823529411,17,2242,1550,0.6916555109326193
4204,24418,110,0,1899,2,0,21000.0,1,0.6739130434782609,46,2243,1551,0.691793041926851
4205,24418,10667,0,1900,2,1,25000.0,1,1.0,9,2244,1551,0.6914846188140883
4206,24418,7869,0,1901,2,1,21000.0,1,1.0,10,2245,1552,0.6916221033868093
4207,24418,7978,0,1902,3,0,25000.0,1,0.7037037037037037,27,2246,1553,0.6917594654788418
4208,24418,7920,0,1903,1,1,23000.0,1,0.6470588235294118,34,2247,1553,0.6914514692787177
4209,24418,10408,0,1904,1,1,23000.0,1,0.6666666666666666,9,2248,1554,0.6915887850467289
4210,24418,7892,0,1905,1,0,21000.0,1,0.7608695652173914,46,2249,1555,0.6917259786476868
4212,24418,7914,0,1908,2,1,23000.0,1,0.8333333333333334,12,2250,1555,0.691418408181414
4213,24418,7979,0,1909,0,1,18000.0,1,0.7878787878787878,33,2251,1556,0.6915555555555556
4214,24418,14,0,1906,3,0,10000.0,1,0.8148148148148148,27,2252,1557,0.6916925810750777
4216,24418,71,0,1912,1,1,21000.0,1,0.7,10,2253,1557,0.6913854351687388
4217,24418,14,0,1913,2,1,20000.0,1,0.8148148148148148,27,2254,1558,0.6915224145583666
4218,24418,64,0,1910,1,0,17000.0,1,0.6808510638297872,47,2255,1559,0.691659272404614
4219,24418,10597,0,1914,3,1,23000.0,1,1.0,10,2256,1559,0.6913525498891353
4220,24418,1125,0,1915,1,0,20000.0,1,0.7407407407407407,27,2257,1560,0.6914893617021277
4221,24418,447,0,1916,0,1,18000.0,1,0.7254901960784313,51,2258,1560,0.6911829862649534
4222,24418,865,0,1917,0,0,17000.0,1,0.5909090909090909,22,2259,1561,0.6913197519929141
4223,24418,1008,0,1919,3,1,17000.0,1,0.7619047619047619,21,2260,1561,0.6910137228862329
4224,24418,1125,0,1920,3,1,18000.0,1,0.7407407407407407,27,2261,1562,0.6911504424778762
4225,24418,733,0,1921,0,0,15000.0,1,0.7894736842105263,19,2262,1563,0.6912870411322424
4226,24418,865,0,1922,3,1,18000.0,1,0.5909090909090909,22,2263,1563,0.6909814323607427
4227,24418,1002,0,1923,0,0,16000.0,1,0.6730769230769231,52,2264,1564,0.691117984975696
4228,24418,1103,0,1918,0,0,19000.0,1,0.7027027027027027,37,2265,1564,0.6908127208480566
4229,24418,1362,0,1924,1,0,18000.0,1,0.6666666666666666,33,2266,1564,0.6905077262693157
4230,24418,559,0,1925,0,0,16000.0,1,0.6129032258064516,31,2267,1564,0.6902030008826125
4231,24418,614,0,1926,1,1,16000.0,1,0.75,16,2268,1564,0.6898985443317159
4232,24418,818,0,1927,1,1,20000.0,1,0.6190476190476191,21,2269,1565,0.6900352733686067
4233,24418,767,0,1928,0,0,19000.0,1,0.42857142857142855,14,2270,1566,0.6901718818862935
4234,24418,727,0,1929,0,1,18000.0,1,0.8823529411764706,17,2271,1566,0.6898678414096916
4235,24418,1157,0,1930,3,0,20000.0,1,0.7916666666666666,24,2272,1567,0.6900044033465433
4237,24418,1157,0,1933,1,1,15000.0,1,0.7916666666666666,24,2273,1567,0.6897007042253521
4238,24418,1311,0,1934,1,0,7000.0,1,0.75,20,2274,1568,0.689837219533656
4239,24418,1312,0,1931,1,0,17000.0,1,0.7777777777777778,18,2275,1568,0.6895338610378188
4240,24418,713,0,1935,1,1,17000.0,1,0.8823529411764706,17,2276,1568,0.6892307692307692
4241,24418,326,0,1936,3,1,18000.0,1,0.7586206896551724,29,2277,1569,0.6893673110720563
4242,24418,1236,0,1937,0,1,20000.0,1,0.6470588235294118,34,2278,1570,0.6895037329819939
4243,24418,1341,0,1938,1,1,18000.0,1,0.5909090909090909,22,2279,1571,0.689640035118525
4245,24418,1362,0,1940,0,1,17000.0,1,0.6666666666666666,33,2280,1572,0.6897762176393155
4246,24418,717,0,1941,3,1,12000.0,1,0.7391304347826086,23,2281,1573,0.6899122807017544
4247,24418,2323,0,1942,3,1,17000.0,1,0.9,10,2282,1574,0.6900482244629549
4248,24418,2325,0,1942,0,1,17000.0,1,1.0,10,2283,1575,0.6901840490797546
4249,24418,2324,0,1942,0,1,17000.0,1,1.0,10,2284,1576,0.6903197547087166
4250,24418,2093,0,1943,0,0,23333.0,1,0.6944444444444444,36,2285,1577,0.6904553415061296
4251,24418,2094,0,1943,0,1,23333.0,1,0.6111111111111112,36,2286,1577,0.6901531728665208
4252,24418,2095,0,1943,3,0,23333.0,1,0.5833333333333334,36,2287,1578,0.6902887139107612
4253,24418,1773,0,1944,2,1,26666.0,1,0.9090909090909091,11,2288,1578,0.689986882378662
4254,24418,1772,0,1944,1,1,26666.0,1,0.9090909090909091,11,2289,1579,0.6901223776223776
4255,24418,1774,0,1944,1,0,26666.0,1,0.6363636363636364,11,2290,1580,0.6902577544779379
4256,24418,1896,0,1945,2,0,25000.0,1,0.875,8,2291,1580,0.6899563318777293
4257,24418,1897,0,1945,2,1,25000.0,1,1.0,8,2292,1580,0.6896551724137931
4258,24418,1895,0,1945,0,1,25000.0,1,1.0,8,2293,1581,0.6897905759162304
4259,24418,1465,0,1946,3,1,21000.0,1,1.0,8,2294,1582,0.6899258613170519
4260,24418,1464,0,1946,3,0,21000.0,1,0.375,8,2295,1583,0.6900610287707062
4261,24418,1463,0,1946,0,1,21000.0,1,1.0,8,2296,1583,0.689760348583878
4262,24418,1738,0,1947,0,0,23666.0,1,0.5806451612903226,31,2297,1584,0.6898954703832753
4263,24418,1736,0,1947,3,0,23666.0,1,0.7741935483870968,31,2298,1584,0.6895951240748803
4264,24418,1737,0,1947,2,1,23666.0,1,0.8387096774193549,31,2299,1584,0.6892950391644909
4265,24418,1585,0,1948,3,0,26000.0,1,0.5384615384615384,26,2300,1585,0.6894301870378425
4266,24418,1583,0,1948,3,1,26000.0,1,0.6923076923076923,26,2301,1585,0.6891304347826087
4267,24418,1584,0,1948,3,1,26000.0,1,0.9615384615384616,26,2302,1586,0.6892655367231638
4268,24418,2460,0,1949,3,1,26666.0,1,0.7272727272727273,11,2303,1587,0.6894005212858384
4269,24418,2458,0,1949,1,1,26666.0,1,1.0,11,2304,1588,0.6895353886235345
4270,24418,2459,0,1949,0,1,26666.0,1,0.9090909090909091,11,2305,1589,0.6896701388888888
4271,24418,1603,0,1950,2,1,23666.0,1,0.8333333333333334,18,2306,1590,0.6898047722342733
4272,24418,1602,0,1950,0,1,23666.0,1,0.8888888888888888,18,2307,1591,0.6899392888117953
4273,24418,1601,0,1950,0,1,23666.0,1,0.8888888888888888,18,2308,1592,0.6900736887732987
4274,24418,1407,0,1951,1,0,27333.0,1,0.8666666666666667,30,2309,1593,0.6902079722703639
4275,24418,1406,0,1951,2,1,27333.0,1,0.9,30,2310,1593,0.6899090515374621
4276,24418,1408,0,1951,2,1,27333.0,1,0.7666666666666667,30,2311,1594,0.69004329004329
4277,24418,10735,0,1952,1,0,24000.0,1,0.375,8,2312,1595,0.6901774123755949
4278,24418,10736,0,1952,1,1,24000.0,1,0.75,8,2313,1595,0.6898788927335641
4279,24418,10734,0,1952,3,1,24000.0,1,1.0,8,2314,1596,0.6900129701686122
4280,24418,2898,0,1953,2,1,25000.0,1,0.8484848484848485,33,2315,1597,0.6901469317199654
4281,24418,2900,0,1953,0,1,25000.0,1,0.7575757575757576,33,2316,1598,0.6902807775377969
4282,24418,2899,0,1953,2,1,25000.0,1,0.6666666666666666,33,2317,1599,0.6904145077720207
4283,24418,3055,0,1954,3,1,22666.0,1,0.3333333333333333,6,2318,1600,0.6905481225722918
4284,24418,3054,0,1954,0,1,22666.0,1,0.5,6,2319,1601,0.6906816220880069
4285,24418,3056,0,1954,3,1,22666.0,1,0.6666666666666666,6,2320,1602,0.6908150064683053
4286,24418,2629,0,1955,2,0,20666.0,1,0.2857142857142857,7,2321,1603,0.690948275862069
4287,24418,2631,0,1955,2,1,20666.0,1,1.0,7,2322,1603,0.6906505816458423
4288,24418,2630,0,1955,1,0,20666.0,1,0.42857142857142855,7,2323,1604,0.6907838070628768
4289,24418,3089,0,1956,0,1,24666.0,1,0.9,10,2324,1604,0.6904864399483427
4290,24418,3088,0,1956,2,0,24666.0,1,0.5,10,2325,1605,0.6906196213425129
4291,24418,3087,0,1956,0,1,24666.0,1,1.0,10,2326,1605,0.6903225806451613
4292,24418,2999,0,1957,1,0,23000.0,1,0.3333333333333333,6,2327,1606,0.6904557179707652
4293,24418,2998,0,1957,1,1,23000.0,1,1.0,6,2328,1606,0.690159003008165
4294,24418,2997,0,1957,2,1,23000.0,1,0.8333333333333334,6,2329,1607,0.6902920962199313
4295,24418,2721,0,1958,3,1,22666.0,1,0.6,5,2330,1608,0.6904250751395449
4296,24418,2719,0,1958,3,1,22666.0,1,0.6,5,2331,1609,0.6905579399141631
4297,24418,2720,0,1958,1,1,22666.0,1,0.8,5,2332,1610,0.6906906906906907
4298,24418,2701,0,1959,1,0,22333.0,1,0.6153846153846154,13,2333,1611,0.6908233276157805
4299,24418,2702,0,1959,1,1,22333.0,1,0.8461538461538461,13,2334,1611,0.6905272181740248
4300,24418,2703,0,1959,2,0,22333.0,1,0.6153846153846154,13,2335,1612,0.6906598114824336
4301,24418,3298,0,1961,2,1,23333.0,1,1.0,4,2336,1612,0.6903640256959315
4302,24418,3299,0,1961,3,0,23333.0,1,0.0,4,2337,1613,0.6904965753424658
4303,24418,3297,0,1961,1,0,23333.0,1,0.5,4,2338,1613,0.6902011125374412
4304,24418,2998,0,1962,1,1,26000.0,1,1.0,6,2339,1613,0.6899059024807528
4305,24418,2999,0,1962,0,1,26000.0,1,0.3333333333333333,6,2340,1614,0.6900384779820437
4306,24418,2997,0,1962,2,1,26000.0,1,0.8333333333333334,6,2341,1615,0.6901709401709402
4307,24418,2725,0,1960,2,0,21666.0,1,0.7,10,2342,1616,0.6903032891926527
4308,24418,2727,0,1960,0,1,21666.0,1,1.0,10,2343,1616,0.6900085397096499
4309,24418,2726,0,1960,2,1,21666.0,1,0.9,10,2344,1617,0.6901408450704225
4310,24418,2611,0,1963,0,1,21000.0,1,0.9333333333333333,15,2345,1618,0.6902730375426621
4311,24418,2612,0,1963,1,0,21000.0,1,0.6,15,2346,1619,0.6904051172707889
4312,24418,2613,0,1963,2,1,21000.0,1,0.8,15,2347,1619,0.6901108269394715
4313,24418,7900,0,1964,0,1,23000.0,1,0.8089430894308943,246,2348,1620,0.6902428632296549
4314,24418,33,0,1965,0,1,20000.0,1,0.8571428571428571,21,2349,1621,0.6903747870528109
4315,24418,193,0,1966,2,1,21000.0,1,1.0,27,2350,1622,0.6905065985525756
4316,24418,10461,0,1967,0,0,21000.0,1,0.8571428571428571,7,2351,1623,0.6906382978723404
4317,24418,145,0,1968,3,0,23000.0,1,0.875,8,2352,1623,0.6903445342407486
4318,24418,7873,0,1969,1,1,22000.0,1,0.7272727272727273,22,2353,1623,0.6900510204081632
4319,24418,88,0,1970,2,0,19000.0,1,0.6296296296296297,27,2354,1624,0.6901827454313643
4320,24418,10509,0,1971,0,1,20000.0,1,0.9333333333333333,15,2355,1624,0.6898895497026338
4321,24418,22,0,1972,2,1,23000.0,1,0.9090909090909091,11,2356,1625,0.6900212314225053
4322,24418,7953,0,1973,3,0,21000.0,1,0.6875,16,2357,1626,0.6901528013582343
4324,24418,7982,0,1976,2,1,22000.0,1,0.8,10,2358,1626,0.6898599915146373
4325,24418,96,0,1977,3,0,20000.0,1,0.5454545454545454,11,2359,1627,0.6899915182357931
4326,24418,105,0,1974,1,1,22000.0,1,0.8125,16,2360,1627,0.6896990250105978
4327,24418,10612,0,1978,2,0,21000.0,1,0.6,15,2361,1628,0.6898305084745763
4328,24418,172,0,1979,1,1,20000.0,1,0.5510204081632653,49,2362,1628,0.6895383312155866
4329,24418,7983,0,1980,3,0,24000.0,1,0.7727272727272727,22,2363,1629,0.6896697713801863
4331,24418,50,0,1983,3,1,23000.0,1,0.9375,32,2364,1629,0.6893779094371562
4332,24418,71,0,1984,2,0,20000.0,1,0.7,10,2365,1630,0.6895093062605753
4333,24418,4,0,1981,2,0,23000.0,1,0.6326530612244898,49,2366,1630,0.6892177589852009
4334,24418,10574,0,1985,0,1,23000.0,1,1.0,7,2367,1630,0.6889264581572274
4335,24418,2,0,1986,2,0,20000.0,1,0.6538461538461539,78,2368,1631,0.6890578791719476
4336,24418,7934,0,1987,3,1,21000.0,1,0.9444444444444444,18,2369,1631,0.6887668918918919
4337,24418,7951,0,1988,0,1,21000.0,1,0.71875,32,2370,1632,0.688898269311946
4338,24418,10643,0,1989,2,1,21000.0,1,1.0,8,2371,1633,0.689029535864979
4339,24418,1276,0,1990,0,0,19000.0,1,0.8823529411764706,17,2372,1634,0.6891606916912695
4340,24418,1033,0,1991,0,0,15000.0,1,0.56,25,2373,1634,0.6888701517706577
4341,24418,1241,0,1992,3,1,15000.0,1,0.8181818181818182,11,2374,1634,0.6885798567214496
4342,24418,371,0,1993,3,1,15000.0,1,0.9736842105263158,38,2375,1635,0.6887110362257792
4343,24418,1353,0,1994,3,0,15000.0,1,0.7241379310344828,29,2376,1636,0.6888421052631579
4344,24418,1353,0,1996,0,1,18000.0,1,0.7241379310344828,29,2377,1636,0.6885521885521886
4345,24418,694,0,1997,1,1,16000.0,1,0.8636363636363636,22,2378,1637,0.6886832141354648
4346,24418,1363,0,1998,1,1,16000.0,1,0.7083333333333334,24,2379,1638,0.6888141295206055
4347,24418,1312,0,1999,3,0,17000.0,1,0.7777777777777778,18,2380,1639,0.6889449348465742
4348,24418,550,0,2000,1,1,19000.0,1,0.8181818181818182,11,2381,1639,0.688655462184874
4349,24418,1197,0,1995,3,0,18000.0,1,0.6923076923076923,13,2382,1640,0.6887862242755145
4350,24418,1342,0,2001,3,0,18000.0,1,0.7241379310344828,29,2383,1640,0.6884970612930311
4351,24418,386,0,2002,0,0,17000.0,1,0.4857142857142857,35,2384,1640,0.6882081409987411
4352,24418,690,0,2003,3,1,17000.0,1,0.7619047619047619,21,2385,1640,0.6879194630872483
4353,24418,1088,0,2004,3,0,18000.0,1,0.72,25,2386,1641,0.6880503144654088
4355,24418,636,0,2007,0,0,17000.0,1,0.65,20,2387,1641,0.6877619446772841
4356,24418,1082,0,2008,3,0,16000.0,1,0.4,20,2388,1641,0.6874738165060745
4357,24418,549,0,2005,1,1,17000.0,1,0.7647058823529411,34,2389,1641,0.6871859296482412
4358,24418,439,0,2009,0,1,22000.0,1,0.6153846153846154,39,2390,1642,0.6873168689828381
4359,24418,477,0,2010,1,0,17000.0,1,0.7096774193548387,31,2391,1643,0.6874476987447699
4361,24418,637,0,2013,1,0,17000.0,1,0.7894736842105263,19,2392,1643,0.6871601840234212
4362,24418,1060,0,2014,3,1,17000.0,1,0.7727272727272727,22,2393,1643,0.6868729096989966
4363,24418,270,0,2011,3,1,18000.0,1,0.7,40,2394,1644,0.6870037609694943
4364,24418,1318,0,2015,3,1,18000.0,1,0.8947368421052632,38,2395,1645,0.6871345029239766
4365,24418,390,0,2016,0,1,14000.0,1,0.8695652173913043,23,2396,1646,0.6872651356993736
4366,24418,851,0,2017,0,1,18000.0,1,0.5714285714285714,14,2397,1647,0.6873956594323873
4367,24418,498,0,2018,0,0,21000.0,1,0.7142857142857143,35,2398,1648,0.6875260742594911
4368,24418,367,0,2019,0,1,19000.0,1,0.7777777777777778,27,2399,1648,0.6872393661384487
4369,24418,444,0,2020,0,0,16000.0,1,0.4,20,2400,1649,0.6873697373905794
4370,24418,1413,0,2021,2,1,18000.0,1,1.0,10,2401,1649,0.6870833333333334
4371,24418,1414,0,2021,2,1,18000.0,1,0.9,10,2402,1650,0.6872136609745939
4372,24418,1412,0,2021,0,1,18000.0,1,0.7,10,2403,1651,0.6873438800999168
4373,24418,1571,0,2022,0,0,26333.0,1,0.5833333333333334,24,2404,1652,0.6874739908447773
4374,24418,1572,0,2022,2,1,26333.0,1,0.5,24,2405,1652,0.6871880199667221
4375,24418,1573,0,2022,0,0,26333.0,1,0.5416666666666666,24,2406,1653,0.6873180873180873
4376,24418,2276,0,2023,2,1,28666.0,1,0.8095238095238095,21,2407,1653,0.6870324189526185
4377,24418,2275,0,2023,2,0,28666.0,1,0.6190476190476191,21,2408,1654,0.6871624428749481
4378,24418,2277,0,2023,3,1,28666.0,1,0.9523809523809523,21,2409,1654,0.6868770764119602
4379,24418,1855,0,2024,0,0,26333.0,1,0.2727272727272727,11,2410,1655,0.6870070568700706
4380,24418,1854,0,2024,1,1,26333.0,1,0.7272727272727273,11,2411,1655,0.6867219917012448
4381,24418,1853,0,2024,3,1,26333.0,1,0.8181818181818182,11,2412,1656,0.686851928660307
4382,24418,2472,0,2025,2,0,23666.0,1,0.8571428571428571,7,2413,1657,0.6869817578772802
4383,24418,2471,0,2025,0,1,23666.0,1,1.0,7,2414,1657,0.6866970576046415
4384,24418,2470,0,2025,3,1,23666.0,1,0.7142857142857143,7,2415,1658,0.6868268434134217
4385,24418,1867,0,2026,1,1,26333.0,1,0.48,25,2416,1659,0.6869565217391305
4386,24418,1866,0,2026,2,1,26333.0,1,0.68,25,2417,1660,0.6870860927152318
4387,24418,1865,0,2026,1,0,26333.0,1,0.44,25,2418,1661,0.687215556474969
4389,24418,1420,0,2029,1,1,26666.0,1,0.75,16,2419,1661,0.6869313482216708
4390,24418,1419,0,2029,1,0,26666.0,1,0.625,16,2420,1662,0.6870607689127739
4391,24418,1418,0,2029,3,0,26666.0,1,0.375,16,2421,1662,0.6867768595041323
4392,24418,1579,0,2027,2,1,23000.0,1,0.5384615384615384,13,2422,1662,0.6864931846344485
4393,24418,1577,0,2027,0,1,23000.0,1,0.7692307692307693,13,2423,1663,0.6866226259289843
4394,24418,1578,0,2027,2,0,23000.0,1,0.6153846153846154,13,2424,1664,0.6867519603796945
4395,24418,2921,0,2030,1,1,24666.0,1,1.0,6,2425,1664,0.6864686468646864
4396,24418,2920,0,2030,1,0,24666.0,1,0.8333333333333334,6,2426,1665,0.6865979381443299
4397,24418,2919,0,2030,3,1,24666.0,1,1.0,6,2427,1665,0.6863149216817807
4398,24418,2621,0,2031,0,1,29000.0,1,1.0,4,2428,1666,0.6864441697569015
4399,24418,2622,0,2031,1,1,29000.0,1,1.0,4,2429,1667,0.6865733113673805
4400,24418,2620,0,2031,0,0,29000.0,1,0.75,4,2430,1668,0.6867023466447097
4401,24418,2755,0,2032,0,0,25000.0,1,0.16666666666666666,6,2431,1668,0.6864197530864198
4402,24418,2756,0,2032,3,0,25000.0,1,0.0,6,2432,1668,0.686137392019745
4403,24418,2757,0,2032,1,0,25000.0,1,0.5,6,2433,1668,0.6858552631578947
4404,24418,2985,0,2033,1,1,26000.0,1,0.7272727272727273,11,2434,1668,0.6855733662145499
4405,24418,2987,0,2033,0,1,26000.0,1,1.0,11,2435,1669,0.6857025472473295
4406,24418,2986,0,2033,1,1,26000.0,1,0.9090909090909091,11,2436,1670,0.6858316221765913
4407,24418,2608,0,2034,0,1,27000.0,1,1.0,6,2437,1671,0.6859605911330049
4408,24418,2609,0,2034,0,1,27000.0,1,1.0,6,2438,1672,0.686089454247025
4409,24418,2610,0,2034,3,1,27000.0,1,1.0,6,2439,1673,0.6862182116488925
4410,24418,2694,0,2035,3,1,21000.0,1,1.0,11,2440,1674,0.6863468634686347
4411,24418,2693,0,2035,2,1,21000.0,1,1.0,11,2441,1675,0.6864754098360656
4412,24418,2692,0,2035,2,0,21000.0,1,0.8181818181818182,11,2442,1676,0.6866038508807866
4413,24418,2980,0,2036,0,1,21333.0,1,0.8461538461538461,13,2443,1676,0.6863226863226863
4414,24418,2981,0,2036,3,0,21333.0,1,0.46153846153846156,13,2444,1677,0.686451084731887
4415,24418,2979,0,2036,1,1,21333.0,1,0.6923076923076923,13,2445,1677,0.6861702127659575
4417,24418,3065,0,2038,1,0,20000.0,1,0.25,4,2446,1678,0.6862985685071574
4418,24418,3064,0,2038,0,1,20000.0,1,1.0,4,2447,1678,0.6860179885527392
4419,24418,3063,0,2038,1,1,20000.0,1,0.75,4,2448,1679,0.6861463015937883
4420,24418,6359,0,2039,0,1,24333.0,1,0.7272727272727273,11,2449,1680,0.6862745098039216
4421,24418,4500,0,2040,3,0,21000.0,1,0.48,25,2450,1681,0.6864026133115557
4422,24418,5256,0,2041,3,0,33000.0,1,0.5813953488372093,43,2451,1681,0.6861224489795918
4423,24418,8321,0,2042,0,0,7000.0,1,0.6666666666666666,6,2452,1681,0.6858425132598939
4424,24418,5165,0,2043,1,0,27000.0,1,0.5735294117647058,68,2453,1681,0.685562805872757
4425,24418,3961,0,2044,0,1,5000.0,1,0.6486486486486487,37,2454,1681,0.6852833265389319
4426,24418,6002,0,2045,1,0,22000.0,1,0.5316455696202531,79,2455,1682,0.6854115729421353
4427,24418,8376,0,2046,1,0,19000.0,1,0.5714285714285714,7,2456,1682,0.685132382892057
4428,24418,9306,0,2047,3,0,9000.0,1,0.6666666666666666,24,2457,1682,0.6848534201954397
4429,24418,5670,0,2048,3,1,20000.0,1,0.7164179104477612,67,2458,1682,0.6845746845746846
4430,24418,5000,0,2049,2,0,17000.0,1,0.48484848484848486,33,2459,1683,0.6847030105777054
4432,24418,4457,0,2052,3,1,6000.0,1,0.6333333333333333,30,2460,1683,0.6844245628304189
4433,24418,6261,0,2053,1,1,2000.0,1,0.42857142857142855,42,2461,1684,0.6845528455284553
4434,24418,9865,0,2050,1,0,6000.0,1,0.1111111111111111,9,2462,1685,0.6846810239739943
4435,24418,4674,0,2054,2,0,19000.0,1,0.7857142857142857,14,2463,1685,0.6844029244516653
4436,24418,4133,0,2055,0,0,16000.0,1,0.5714285714285714,7,2464,1685,0.6841250507511165
4437,24418,6286,0,2056,1,1,32000.0,1,0.7,30,2465,1685,0.6838474025974026
4438,24418,9592,0,2057,3,1,15000.0,1,0.6666666666666666,3,2466,1686,0.6839756592292089
4439,24418,5916,0,2058,0,0,18000.0,1,0.6,5,2467,1687,0.6841038118410381
4440,24418,5664,0,2059,0,0,16000.0,1,0.4166666666666667,72,2468,1687,0.6838265099310904
4441,24418,4818,0,2060,3,0,3000.0,1,0.4117647058823529,85,2469,1687,0.68354943273906
4442,24418,4818,0,2062,1,1,20000.0,1,0.4117647058823529,85,2470,1687,0.6832725799918996
4443,24418,3928,0,2063,2,1,3000.0,1,0.6428571428571429,56,2471,1688,0.6834008097165992
4444,24418,4519,0,2064,0,1,15000.0,1,0.3888888888888889,72,2472,1689,0.6835289356535815
4445,24418,3639,0,2065,0,1,10000.0,1,0.5892857142857143,56,2473,1690,0.6836569579288025
4446,24418,8374,0,2061,1,1,12000.0,1,1.0,6,2474,1691,0.6837848766680146
4447,24418,3836,0,2066,0,1,20000.0,1,1.0,1,2475,1692,0.6839126919967664
4448,24418,5795,0,2067,0,1,12000.0,1,0.8571428571428571,7,2476,1693,0.684040404040404
4449,24418,3636,0,2068,2,0,23000.0,1,0.39436619718309857,71,2477,1694,0.684168012924071
4450,24418,3857,0,2070,1,1,30000.0,1,0.4473684210526316,76,2478,1694,0.6838918046023416
4451,24418,6002,0,2071,0,1,7000.0,1,0.5316455696202531,79,2479,1695,0.6840193704600485
4452,24418,5624,0,2072,1,0,5000.0,1,0.5666666666666667,60,2480,1696,0.6841468334005647
4453,24418,3636,0,2073,1,1,6000.0,1,0.39436619718309857,71,2481,1696,0.6838709677419355
4454,24418,5626,0,2074,1,1,6000.0,1,0.65625,32,2482,1697,0.6839983877468763
4455,24418,8889,0,2069,3,1,14000.0,1,0.7777777777777778,9,2483,1698,0.6841257050765511
4456,24418,5339,0,2075,2,1,11000.0,1,0.5061728395061729,81,2484,1699,0.6842529198550141
4457,24418,4453,0,2076,3,1,28000.0,1,0.6875,32,2485,1700,0.6843800322061192
4458,24418,4478,0,2077,0,1,10000.0,1,0.6470588235294118,34,2486,1701,0.6845070422535211
4459,24418,8185,0,2078,0,1,21000.0,1,0.5555555555555556,9,2487,1702,0.6846339501206757
4460,24418,5217,0,2079,3,1,19000.0,1,0.8,10,2488,1703,0.6847607559308404
4461,24418,5714,0,2080,1,1,14000.0,1,0.8888888888888888,18,2489,1704,0.684887459807074
4462,24418,4259,0,2081,1,1,17000.0,1,0.8,45,2490,1705,0.6850140618722379
4463,24418,9006,0,2082,3,0,45000.0,1,0.7272727272727273,11,2491,1706,0.685140562248996
4464,24418,8219,0,2083,1,0,23000.0,1,0.7777777777777778,36,2492,1706,0.6848655158570855
4465,24418,4109,0,2084,3,1,36000.0,1,0.7272727272727273,22,2493,1706,0.6845906902086677
4466,24418,5202,0,2085,3,1,14000.0,1,0.5897435897435898,39,2494,1707,0.6847172081829122
4467,24418,6814,0,2086,0,1,30000.0,1,0.7666666666666667,30,2495,1708,0.6848436246992783
4468,24418,6813,0,2086,1,1,30000.0,1,0.9666666666666667,30,2496,1709,0.6849699398797595
4469,24418,6816,0,2086,0,1,30000.0,1,0.8,30,2497,1710,0.6850961538461539
4470,24418,6815,0,2086,2,0,30000.0,1,0.6333333333333333,30,2498,1711,0.685222266720064
4471,24418,8726,0,2087,1,0,37750.0,1,0.5263157894736842,19,2499,1711,0.6849479583666933
4472,24418,4544,0,2088,0,0,6000.0,1,0.4444444444444444,9,2500,1711,0.6846738695478192
4473,24418,8272,0,2089,0,0,19000.0,1,0.0,1,2501,1711,0.6844
4474,24418,5620,0,2090,1,0,17000.0,1,0.6119402985074627,67,2502,1711,0.6841263494602159
4475,24418,9770,0,2091,2,1,25000.0,1,1.0,6,2503,1711,0.6838529176658673
4476,24418,6439,0,2092,3,1,19000.0,1,0.8695652173913043,23,2504,1712,0.6839792249300839
4477,24418,4961,0,2093,1,1,27000.0,1,0.8,5,2505,1713,0.6841054313099042
4478,24418,5635,0,2094,2,1,88000.0,1,0.75,16,2506,1714,0.6842315369261477
4479,24418,9496,0,2095,2,1,14000.0,1,0.6111111111111112,18,2507,1715,0.6843575418994413
4480,24418,9293,0,2096,1,1,30000.0,1,0.9,10,2508,1716,0.6844834463502194
4481,24418,5479,0,2097,0,0,24000.0,1,0.625,8,2509,1717,0.6846092503987241
4482,24418,4217,0,2098,0,1,12000.0,1,0.7333333333333333,30,2510,1717,0.6843363889996015
4483,24418,9516,0,2099,0,1,13000.0,1,0.7777777777777778,9,2511,1718,0.6844621513944223
4484,24418,5910,0,2100,0,1,19000.0,1,0.5714285714285714,7,2512,1719,0.6845878136200717
4485,24418,3655,0,2101,0,1,10000.0,1,0.8,5,2513,1720,0.6847133757961783
4486,24418,4450,0,2102,0,0,12000.0,1,0.5882352941176471,17,2514,1721,0.6848388380421807
4487,24418,9102,0,2103,1,0,14000.0,1,0.8461538461538461,13,2515,1721,0.6845664280031821
4488,24418,6263,0,2104,2,1,31000.0,1,0.7368421052631579,38,2516,1721,0.6842942345924453
4489,24418,6265,0,2105,0,0,38000.0,1,0.6428571428571429,42,2517,1722,0.6844197138314785
4490,24418,5320,0,2106,2,1,4000.0,1,0.8,10,2518,1722,0.6841477949940405
4492,24418,3852,0,2108,1,1,14000.0,1,0.6,75,2519,1723,0.6842732327243845
4493,24418,5620,0,2109,0,1,3000.0,1,0.6119402985074627,67,2520,1724,0.684398570861453
4494,24418,40,0,2110,2,1,4000.0,1,0.8888888888888888,9,2521,1725,0.6845238095238095
4495,24418,173,0,2111,1,1,19000.0,1,0.5714285714285714,21,2522,1726,0.6846489488298294
4496,24418,7972,0,2112,2,0,21000.0,1,0.8064516129032258,31,2523,1727,0.6847739888977002
4497,24418,10475,0,2113,2,0,21000.0,1,0.7857142857142857,14,2524,1727,0.6845025762980579
4498,24418,7958,0,2114,1,1,22000.0,1,0.85,20,2525,1727,0.6842313787638669
4499,24418,95,0,2115,1,0,9000.0,1,0.7857142857142857,14,2526,1728,0.6843564356435644
4500,24418,107,0,2116,3,0,20000.0,1,0.6944444444444444,36,2527,1728,0.684085510688836
4502,24418,106,0,2119,1,0,20000.0,1,0.7692307692307693,13,2528,1728,0.6838148001582904
4503,24418,107,0,2120,1,1,21000.0,1,0.6944444444444444,36,2529,1728,0.6835443037974683
4504,24418,10407,0,2117,3,0,8000.0,1,0.7692307692307693,13,2530,1729,0.6836694345591142
4505,24418,72,0,2121,0,1,21000.0,1,0.8421052631578947,19,2531,1729,0.6833992094861661
4506,24418,7871,0,2122,1,1,12000.0,1,0.8888888888888888,18,2532,1730,0.6835242986961675
4507,24418,337,0,2123,3,0,20000.0,1,0.9473684210526315,19,2533,1731,0.683649289099526
4508,24418,761,0,2124,0,1,17000.0,1,0.8387096774193549,31,2534,1731,0.6833793920252664
4509,24418,599,0,2125,3,1,18000.0,1,0.7727272727272727,44,2535,1732,0.6835043409629045
4510,24418,1052,0,2126,0,1,19000.0,1,0.8421052631578947,19,2536,1733,0.683629191321499
4511,24418,942,0,2127,3,1,16000.0,1,0.7222222222222222,18,2537,1734,0.6837539432176656
4512,24418,930,0,2128,1,0,16000.0,1,0.7,30,2538,1735,0.683878596767836
4513,24418,1157,0,2129,1,1,17000.0,1,0.7916666666666666,24,2539,1735,0.6836091410559496
4514,24418,930,0,2130,3,1,15000.0,1,0.7,30,2540,1736,0.6837337534462387
4515,24418,423,0,2131,0,0,15000.0,1,0.6538461538461539,52,2541,1737,0.6838582677165355
4516,24418,498,0,2132,1,1,17000.0,1,0.7142857142857143,35,2542,1737,0.6835891381345927
4517,24418,506,0,2133,0,0,16000.0,1,0.8085106382978723,47,2543,1738,0.6837136113296617
4519,24418,6813,0,2135,1,1,16000.0,1,0.9666666666666667,30,2544,1738,0.6834447502949272
4520,24418,6816,0,2135,0,1,16000.0,1,0.8,30,2545,1739,0.6835691823899371
4521,24418,6815,0,2135,0,1,16000.0,1,0.6333333333333333,30,2546,1740,0.6836935166994106
4522,24418,6814,0,2135,0,1,16000.0,1,0.7666666666666667,30,2547,1741,0.6838177533385703
4523,24418,2012,0,2136,3,1,32750.0,1,1.0,10,2548,1742,0.6839418924224578
4524,24418,2013,0,2136,1,1,32750.0,1,0.9,10,2549,1743,0.6840659340659341
4525,24418,2014,0,2136,0,1,32750.0,1,0.9,10,2550,1744,0.6841898783836798
4526,24418,1679,0,2137,0,1,22666.0,1,1.0,12,2551,1745,0.6843137254901961
4527,24418,1680,0,2137,3,1,22666.0,1,1.0,12,2552,1746,0.684437475499804
4528,24418,1681,0,2137,0,1,22666.0,1,0.6666666666666666,12,2553,1747,0.6845611285266457
4529,24418,2238,0,2138,2,1,26000.0,1,0.9230769230769231,13,2554,1748,0.6846846846846847
4530,24418,2237,0,2138,3,1,26000.0,1,0.7692307692307693,13,2555,1749,0.6848081440877055
4531,24418,2236,0,2138,2,0,26000.0,1,0.6153846153846154,13,2556,1750,0.684931506849315
4532,24418,2481,0,2139,1,1,24333.0,1,0.6842105263157895,19,2557,1750,0.6846635367762128
4533,24418,2480,0,2139,3,1,24333.0,1,0.8947368421052632,19,2558,1751,0.6847868596010951
4534,24418,2479,0,2139,1,0,24333.0,1,0.42105263157894735,19,2559,1752,0.6849100860046912
4535,24418,2100,0,2140,1,0,22000.0,1,0.16666666666666666,6,2560,1752,0.6846424384525205
4536,24418,2099,0,2140,2,1,22000.0,1,1.0,6,2561,1752,0.684375
4537,24418,2101,0,2140,1,1,22000.0,1,1.0,6,2562,1753,0.6844982428738774
4538,24418,3114,0,2141,2,0,22333.0,1,0.25925925925925924,27,2563,1754,0.6846213895394223
4539,24418,3115,0,2141,0,1,22333.0,1,0.4074074074074074,27,2564,1754,0.684354272337105
4540,24418,3116,0,2141,3,1,22333.0,1,0.7777777777777778,27,2565,1755,0.6844773790951638
4541,24418,2852,0,2142,3,1,22000.0,1,0.8571428571428571,7,2566,1756,0.6846003898635478
4542,24418,2851,0,2142,2,1,22000.0,1,1.0,7,2567,1757,0.6847233047544817
4543,24418,2853,0,2142,0,1,22000.0,1,1.0,7,2568,1758,0.6848461238800155
4544,24418,3542,0,2143,0,0,21333.0,1,0.6666666666666666,12,2569,1759,0.6849688473520249
4545,24418,3540,0,2143,2,1,21333.0,1,0.9166666666666666,12,2570,1759,0.6847022187621643
4546,24418,3541,0,2143,1,1,21333.0,1,0.6666666666666666,12,2571,1760,0.6848249027237354
4547,24418,2778,0,2144,1,1,25333.0,1,1.0,8,2572,1761,0.6849474912485414
4548,24418,2776,0,2144,1,1,25333.0,1,1.0,8,2573,1762,0.6850699844479005
4549,24418,2777,0,2144,1,1,25333.0,1,0.875,8,2574,1763,0.6851923824329577
4550,24418,3260,0,2145,0,1,19333.0,1,1.0,5,2575,1764,0.6853146853146853
4551,24418,3259,0,2145,0,1,19333.0,1,1.0,5,2576,1765,0.6854368932038835
4552,24418,3258,0,2145,2,1,19333.0,1,1.0,5,2577,1766,0.6855590062111802
4553,24418,8567,0,2147,3,1,22666.0,1,0.6666666666666666,9,2578,1767,0.6856810244470314
4554,24418,5017,0,2148,3,0,34000.0,1,0.4827586206896552,29,2579,1768,0.6858029480217223
4555,24418,3706,0,2149,2,1,8000.0,1,0.9473684210526315,19,2580,1768,0.6855370298565335
4556,24418,4472,0,2150,3,1,48000.0,1,0.7837837837837838,37,2581,1769,0.6856589147286821
4557,24418,9615,0,2151,3,0,16000.0,1,0.6666666666666666,6,2582,1770,0.6857807051530415
4558,24418,7908,0,2152,0,0,25000.0,1,0.68,25,2583,1770,0.6855151045701007
4559,24418,10622,0,2153,3,1,23000.0,1,0.9090909090909091,11,2584,1770,0.6852497096399536
4560,24418,54,0,2154,3,0,21000.0,1,0.7692307692307693,13,2585,1771,0.6853715170278638
4562,24418,7982,0,2157,2,1,21000.0,1,0.8,10,2586,1771,0.6851063829787234
4563,24418,54,0,2158,2,1,20000.0,1,0.7692307692307693,13,2587,1772,0.6852281515854601
4564,24418,26,0,2155,1,1,22000.0,1,0.8125,16,2588,1773,0.6853498260533436
4565,24418,7970,0,2159,0,1,21000.0,1,0.7647058823529411,17,2589,1774,0.6854714064914992
4566,24418,10424,0,2160,3,1,20000.0,1,0.7777777777777778,9,2590,1775,0.6855928930088837
4567,24418,124,0,2161,1,1,24000.0,1,0.72,25,2591,1776,0.6857142857142857
4568,24418,143,0,2162,2,1,23000.0,1,0.8571428571428571,14,2592,1777,0.6858355847163258
4569,24418,7893,0,2163,2,0,21000.0,1,0.5454545454545454,11,2593,1778,0.6859567901234568
4570,24418,10449,0,2164,1,1,23000.0,1,0.75,8,2594,1778,0.6856922483609719
4571,24418,2139,0,2146,0,1,21000.0,1,1.0,10,2595,1779,0.6858134155744025
4572,24418,2140,0,2146,1,1,21000.0,1,0.6,10,2596,1780,0.6859344894026975
4573,24418,2138,0,2146,3,0,21000.0,1,0.7,10,2597,1781,0.6860554699537751
4574,24418,2118,0,2165,0,1,23666.0,1,0.8947368421052632,19,2598,1781,0.6857912976511359
4575,24418,2119,0,2165,0,0,23666.0,1,0.15789473684210525,19,2599,1782,0.6859122401847575
4576,24418,2117,0,2165,1,1,23666.0,1,0.8947368421052632,19,2600,1782,0.6856483262793382
4577,24418,1527,0,2166,2,0,23333.0,1,0.9166666666666666,12,2601,1783,0.6857692307692308
4578,24418,1526,0,2166,3,0,23333.0,1,0.6666666666666666,12,2602,1783,0.6855055747789311
4579,24418,1528,0,2166,2,1,23333.0,1,0.9166666666666666,12,2603,1783,0.6852421214450423
4580,24418,2532,0,2167,3,1,26666.0,1,0.9,10,2604,1784,0.6853630426431041
4581,24418,2531,0,2167,1,1,26666.0,1,1.0,10,2605,1785,0.6854838709677419
4582,24418,2530,0,2167,0,0,26666.0,1,0.9,10,2606,1786,0.6856046065259117
4583,24418,2193,0,2168,1,1,22666.0,1,0.7142857142857143,21,2607,1786,0.6853415195702226
4584,24418,2192,0,2168,1,0,22666.0,1,0.38095238095238093,21,2608,1787,0.6854622171077868
4585,24418,2191,0,2168,0,1,22666.0,1,0.8095238095238095,21,2609,1787,0.6851993865030674
4586,24418,1504,0,2169,1,1,22333.0,1,0.6363636363636364,11,2610,1788,0.6853200459946339
4587,24418,1502,0,2169,1,1,22333.0,1,0.9090909090909091,11,2611,1789,0.6854406130268199
4588,24418,1503,0,2169,3,1,22333.0,1,0.6363636363636364,11,2612,1790,0.6855610877058598
4589,24418,1422,0,2170,1,1,23666.0,1,0.8888888888888888,9,2613,1791,0.6856814701378254
4590,24418,1421,0,2170,3,1,23666.0,1,1.0,9,2614,1792,0.6858017604286261
4591,24418,1423,0,2170,0,1,23666.0,1,0.8888888888888888,9,2615,1793,0.6859219586840092
4592,24418,3482,0,2171,0,1,22333.0,1,1.0,4,2616,1794,0.6860420650095602
4593,24418,3481,0,2171,2,1,22333.0,1,1.0,4,2617,1795,0.6861620795107034
4594,24418,3480,0,2171,0,1,22333.0,1,1.0,4,2618,1796,0.6862820022927015
4595,24418,3341,0,2172,3,1,24666.0,1,0.75,8,2619,1797,0.686401833460657
4596,24418,3340,0,2172,3,1,24666.0,1,1.0,8,2620,1798,0.6865215731195112
4597,24418,3339,0,2172,0,1,24666.0,1,0.875,8,2621,1799,0.6866412213740458
4598,24418,10712,0,2173,0,0,25666.0,1,0.625,8,2622,1800,0.6867607783288822
4599,24418,10711,0,2173,1,1,25666.0,1,0.5,8,2623,1800,0.6864988558352403
4600,24418,10710,0,2173,2,1,25666.0,1,1.0,8,2624,1801,0.6866183759054518
4601,24418,3026,0,2174,0,1,26666.0,1,1.0,8,2625,1802,0.6867378048780488
4602,24418,3025,0,2174,3,1,26666.0,1,1.0,8,2626,1803,0.6868571428571428
4603,24418,3024,0,2174,1,1,26666.0,1,1.0,8,2627,1804,0.686976389946687
4604,24418,3271,0,2175,2,1,21666.0,1,1.0,12,2628,1805,0.6870955462504759
4605,24418,3272,0,2175,1,1,21666.0,1,0.75,12,2629,1806,0.6872146118721462
4606,24418,3270,0,2175,1,0,21666.0,1,0.08333333333333333,12,2630,1807,0.6873335869151769
4607,24418,2724,0,2176,1,0,29333.0,1,0.48,25,2631,1807,0.6870722433460076
4608,24418,2723,0,2176,2,1,29333.0,1,0.96,25,2632,1807,0.6868110984416572
4609,24418,2722,0,2176,1,1,29333.0,1,1.0,25,2633,1808,0.6869300911854104
4610,24418,3403,0,2177,2,0,22000.0,1,0.4,5,2634,1809,0.6870489935434865
4611,24418,3402,0,2177,0,1,22000.0,1,1.0,5,2635,1809,0.6867881548974943
4612,24418,3404,0,2177,1,0,22000.0,1,0.2,5,2636,1810,0.6869070208728653
4613,24418,10038,0,2178,2,1,21000.0,1,0.42857142857142855,7,2637,1810,0.6866464339908953
4614,24418,10041,0,2178,0,1,21000.0,1,0.42857142857142855,7,2638,1811,0.6867652635570725
4615,24418,10039,0,2178,2,0,21000.0,1,0.5714285714285714,7,2639,1812,0.6868840030326004
4616,24418,10040,0,2178,0,0,21000.0,1,0.5714285714285714,7,2640,1812,0.6866237211064797
4617,24418,6880,0,2179,2,0,30250.0,1,0.3221476510067114,149,2641,1812,0.6863636363636364
4618,24418,6877,0,2179,1,0,30250.0,1,0.5100671140939598,149,2642,1812,0.6861037485800833
4619,24418,6878,0,2179,0,0,30250.0,1,0.6241610738255033,149,2643,1812,0.6858440575321726
4620,24418,6879,0,2179,2,1,30250.0,1,0.42953020134228187,149,2644,1812,0.6855845629965948
4621,24418,6755,0,2180,2,1,30750.0,1,0.8636363636363636,22,2645,1813,0.6857034795763994
4622,24418,6754,0,2180,0,0,30750.0,1,0.5454545454545454,22,2646,1814,0.6858223062381853
4623,24418,6753,0,2180,1,1,30750.0,1,0.8181818181818182,22,2647,1814,0.6855631141345427
4624,24418,6756,0,2180,2,1,30750.0,1,0.6818181818181818,22,2648,1815,0.685681904042312
4625,24418,6889,0,2181,2,1,30500.0,1,1.0,27,2649,1816,0.6858006042296072
4626,24418,6890,0,2181,3,1,30500.0,1,0.8518518518518519,27,2650,1817,0.685919214798037
4627,24418,6891,0,2181,0,0,30500.0,1,0.18518518518518517,27,2651,1818,0.6860377358490566
4629,24418,6890,0,2184,3,1,24250.0,1,0.8518518518518519,27,2652,1818,0.6857789513391173
4630,24418,6889,0,2184,2,1,24250.0,1,1.0,27,2653,1819,0.6858974358974359
4631,24418,6891,0,2184,1,1,24250.0,1,0.18518518518518517,27,2654,1820,0.6860158311345647
4632,24418,10320,0,2182,1,1,3000.0,1,0.8333333333333334,6,2655,1821,0.6861341371514694
4633,24418,10321,0,2182,1,0,3000.0,1,0.5,6,2656,1822,0.6862523540489642
4634,24418,10323,0,2182,1,1,3000.0,1,1.0,6,2657,1822,0.6859939759036144
4635,24418,10322,0,2182,0,1,3000.0,1,0.8333333333333334,6,2658,1823,0.6861121565675574
4636,24418,5026,0,2185,0,1,38250.0,1,0.6923076923076923,26,2659,1824,0.6862302483069977
4637,24418,4701,0,2186,1,1,5000.0,1,0.6111111111111112,18,2660,1825,0.6863482512222641
4638,24418,5349,0,2187,2,0,15000.0,1,0.6,35,2661,1826,0.6864661654135338
4640,24418,5700,0,2189,0,1,23000.0,1,0.8214285714285714,28,2662,1826,0.6862081924088689
4641,24418,5349,0,2190,3,1,19000.0,1,0.6,35,2663,1827,0.6863260706235913
4642,24418,8627,0,2191,1,0,2000.0,1,0.7272727272727273,11,2664,1828,0.6864438603079234
4643,24418,5282,0,2192,2,1,23000.0,1,0.6842105263157895,19,2665,1828,0.6861861861861862
4644,24418,6192,0,2193,0,0,26000.0,1,0.75,28,2666,1829,0.6863039399624765
4646,24418,6192,0,2196,2,1,3000.0,1,0.75,28,2667,1829,0.686046511627907
4647,24418,5017,0,2197,0,1,10000.0,1,0.4827586206896552,29,2668,1830,0.6861642294713161
4648,24418,6183,0,2194,2,0,28000.0,1,0.6818181818181818,44,2669,1831,0.6862818590704648
4649,24418,8629,0,2198,0,1,33000.0,1,0.7272727272727273,11,2670,1831,0.6860247283626827
4650,24418,4420,0,2199,1,1,51000.0,1,0.9,20,2671,1832,0.6861423220973782
4651,24418,4540,0,2200,2,1,5000.0,1,0.6086956521739131,23,2672,1833,0.6862598277798577
4652,24418,3999,0,2201,0,0,40000.0,1,0.7083333333333334,24,2673,1834,0.686377245508982
4653,24418,8791,0,2202,1,0,32000.0,1,0.5,8,2674,1834,0.6861204638982417
4654,24418,5163,0,2203,0,0,21000.0,1,0.48,25,2675,1834,0.6858638743455497
4655,24418,4702,0,2204,0,0,18000.0,1,0.66,50,2676,1834,0.685607476635514
4656,24418,4458,0,2205,1,1,13000.0,1,0.896551724137931,29,2677,1834,0.6853512705530643
4657,24418,8769,0,2206,3,1,12000.0,1,0.8,10,2678,1835,0.6854688083675756
4658,24418,6022,0,2207,3,1,28000.0,1,0.5263157894736842,19,2679,1836,0.6855862584017924
4659,24418,6653,0,2208,3,1,13000.0,1,0.9166666666666666,12,2680,1837,0.6857036207540127
4660,24418,3859,0,2209,0,0,21000.0,1,0.358974358974359,78,2681,1838,0.685820895522388
4662,24418,3859,0,2212,2,1,16000.0,1,0.358974358974359,78,2682,1838,0.6855650876538605
4663,24418,4497,0,2213,3,1,3000.0,1,0.8,15,2683,1839,0.685682326621924
4664,24418,8184,0,2210,1,1,17000.0,1,0.36363636363636365,11,2684,1840,0.6857994781960493
4665,24418,5704,0,2214,0,1,22000.0,1,0.7804878048780488,41,2685,1841,0.6859165424739195
4666,24418,6431,0,2215,0,1,15000.0,1,0.575,40,2686,1842,0.6860335195530727
4667,24418,3895,0,2216,3,1,17000.0,1,0.7272727272727273,11,2687,1843,0.686150409530901
4668,24418,9762,0,2217,0,0,25000.0,1,0.3076923076923077,13,2688,1844,0.6862672125046521
4669,24418,5264,0,2218,1,1,10000.0,1,0.6176470588235294,34,2689,1844,0.6860119047619048
4670,24418,4464,0,2219,2,0,25000.0,1,0.5428571428571428,70,2690,1845,0.6861286723689104
4672,24418,4464,0,2222,0,1,42000.0,1,0.5428571428571428,70,2691,1845,0.6858736059479554
4673,24418,5165,0,2223,1,0,3000.0,1,0.5735294117647058,68,2692,1846,0.6859903381642513
4674,24418,4966,0,2220,0,0,5000.0,1,0.3048780487804878,82,2693,1846,0.6857355126300149
4676,24418,4992,0,2226,0,1,53000.0,1,0.5652173913043478,69,2694,1846,0.6854808763460825
4677,24418,4966,0,2227,2,1,23000.0,1,0.3048780487804878,82,2695,1847,0.6855976243504083
4678,24418,9616,0,2224,0,0,4000.0,1,0.6,5,2696,1848,0.6857142857142857
4679,24418,6457,0,2228,3,1,10000.0,1,0.5,6,2697,1848,0.685459940652819
4680,24418,4425,0,2229,2,0,28000.0,1,0.6363636363636364,33,2698,1849,0.685576566555432
4681,24418,4318,0,2230,1,1,22000.0,1,0.8333333333333334,6,2699,1849,0.6853224610822831
4682,24418,9591,0,2231,1,0,13000.0,1,0.625,8,2700,1850,0.6854390515005557
4684,24418,6183,0,2233,3,1,29000.0,1,0.6818181818181818,44,2701,1850,0.6851851851851852
4685,24418,10072,0,2234,0,1,4000.0,1,0.24324324324324326,37,2702,1851,0.6853017400962607
4686,24418,10071,0,2234,1,1,4000.0,1,1.0,37,2703,1852,0.685418208734271
4687,24418,10070,0,2234,0,1,4000.0,1,0.6486486486486487,37,2704,1853,0.6855345911949685
4688,24418,10073,0,2234,1,0,4000.0,1,0.32432432432432434,37,2705,1854,0.6856508875739645
4689,24418,6796,0,2235,1,1,28500.0,1,0.7777777777777778,18,2706,1854,0.6853974121996304
4690,24418,6794,0,2235,1,1,28500.0,1,0.9444444444444444,18,2707,1855,0.6855136733185514
4691,24418,6793,0,2235,3,1,28500.0,1,0.3888888888888889,18,2708,1856,0.6856298485408201
4692,24418,6795,0,2235,2,1,28500.0,1,0.8333333333333334,18,2709,1857,0.6857459379615952
4693,24418,10082,0,2236,2,0,35750.0,1,0.5,16,2710,1858,0.6858619416758952
4694,24418,10083,0,2236,3,1,35750.0,1,0.5,16,2711,1858,0.6856088560885609
4695,24418,10084,0,2236,2,0,35750.0,1,0.5,16,2712,1859,0.6857248247879011
4696,24418,10085,0,2236,1,1,35750.0,1,0.8125,16,2713,1859,0.68547197640118
4697,24418,278,0,2237,1,1,37250.0,1,0.7391304347826086,23,2714,1860,0.6855879100626613
4698,24418,1137,0,2238,0,0,17000.0,1,0.75,16,2715,1861,0.6857037582903464
4699,24418,1137,0,2240,3,1,17000.0,1,0.75,16,2716,1861,0.685451197053407
4700,24418,852,0,2241,0,1,17000.0,1,0.6818181818181818,22,2717,1862,0.6855670103092784
4701,24418,337,0,2242,0,1,19000.0,1,0.9473684210526315,19,2718,1863,0.6856827383143173
4702,24418,767,0,2243,1,1,18000.0,1,0.42857142857142855,14,2719,1864,0.6857983811626196
4703,24418,1362,0,2244,0,1,14000.0,1,0.6666666666666666,33,2720,1865,0.6859139389481427
4704,24418,609,0,2239,1,1,16000.0,1,0.6818181818181818,22,2721,1866,0.6860294117647059
4705,24418,520,0,2245,3,1,17000.0,1,0.9166666666666666,24,2722,1867,0.6861447997059904
4706,24418,620,0,2246,0,0,16000.0,1,0.65,40,2723,1868,0.6862601028655401
4708,24418,1156,0,2249,1,1,19000.0,1,0.5263157894736842,19,2724,1868,0.6860080793242747
4709,24418,1276,0,2250,1,1,15000.0,1,0.8823529411764706,17,2725,1869,0.6861233480176211
4710,24418,244,0,2247,3,1,14000.0,1,0.6923076923076923,39,2726,1870,0.6862385321100918
4711,24418,408,0,2251,1,1,16000.0,1,0.9285714285714286,14,2727,1871,0.6863536316947909
4712,24418,862,0,2252,1,1,16000.0,1,0.75,20,2728,1872,0.6864686468646864
4713,24418,1285,0,2253,1,1,17000.0,1,0.6363636363636364,33,2729,1873,0.6865835777126099
4714,24418,832,0,2254,3,1,13000.0,1,0.84,25,2730,1874,0.6866984243312568
4715,24418,2347,0,2255,0,1,17000.0,1,0.9230769230769231,13,2731,1875,0.6868131868131868
4716,24418,2348,0,2255,0,1,17000.0,1,0.9230769230769231,13,2732,1876,0.6869278652508238
4717,24418,2349,0,2255,1,1,17000.0,1,0.9230769230769231,13,2733,1877,0.6870424597364568
4718,24418,2255,0,2256,0,0,24666.0,1,0.6153846153846154,13,2734,1878,0.6871569703622393
4719,24418,2256,0,2256,2,1,24666.0,1,1.0,13,2735,1878,0.6869056327724945
4720,24418,2254,0,2256,3,1,24666.0,1,0.5384615384615384,13,2736,1879,0.6870201096892139
4721,24418,1986,0,2257,1,0,28333.0,1,0.5625,16,2737,1880,0.6871345029239766
4722,24418,1985,0,2257,0,1,28333.0,1,0.8125,16,2738,1880,0.6868834490317867
4723,24418,1987,0,2257,1,0,28333.0,1,0.5,16,2739,1881,0.6869978086194303
4724,24418,1876,0,2258,1,1,22333.0,1,0.6153846153846154,13,2740,1881,0.6867469879518072
4725,24418,1875,0,2258,2,0,22333.0,1,0.46153846153846156,13,2741,1882,0.6868613138686132
4726,24418,1874,0,2258,0,0,22333.0,1,0.38461538461538464,13,2742,1882,0.6866107260124042
4727,24418,89,0,2259,1,1,27333.0,1,0.9444444444444444,18,2743,1882,0.6863603209336251
4728,24418,55,0,2260,0,0,24000.0,1,0.6285714285714286,70,2744,1883,0.6864746627779803
4729,24418,60,0,2261,3,1,20000.0,1,0.7,20,2745,1883,0.6862244897959183
4730,24418,10610,0,2262,1,0,22000.0,1,0.5833333333333334,12,2746,1884,0.6863387978142077
4731,24418,171,0,2263,1,1,20000.0,1,0.65625,32,2747,1884,0.6860888565185724
4732,24418,75,0,2264,1,1,20000.0,1,0.8666666666666667,15,2748,1885,0.6862031306880233
4733,24418,24,0,2265,3,1,20000.0,1,0.6956521739130435,23,2749,1886,0.6863173216885007
4734,24418,10556,0,2266,1,1,19000.0,1,0.9166666666666666,12,2750,1887,0.6864314296107675
4735,24418,7904,0,2267,1,0,20000.0,1,0.4857142857142857,35,2751,1888,0.6865454545454546
4736,24418,58,0,2268,3,0,21000.0,1,0.46153846153846156,52,2752,1888,0.6862958924027627
4738,24418,174,0,2271,0,1,23000.0,1,0.782608695652174,23,2753,1888,0.686046511627907
4739,24418,122,0,2272,1,1,12000.0,1,0.75,32,2754,1889,0.6861605521249546
4740,24418,149,0,2269,2,1,20000.0,1,0.75,44,2755,1890,0.6862745098039216
4741,24418,10546,0,2273,3,1,21000.0,1,1.0,9,2756,1891,0.686388384754991
4742,24418,9,0,2274,3,1,23000.0,1,0.29577464788732394,71,2757,1892,0.6865021770682148
4743,24418,159,0,2275,2,1,22000.0,1,0.6341463414634146,41,2758,1893,0.6866158868335147
4744,24418,23,0,2276,3,0,23000.0,1,0.7777777777777778,18,2759,1894,0.6867295141406816
4745,24418,10575,0,2277,3,1,21000.0,1,0.9,10,2760,1894,0.686480608916274
4746,24418,1264,0,2278,3,1,23000.0,1,0.9090909090909091,11,2761,1895,0.6865942028985508
4747,24418,1347,0,2279,3,0,15000.0,1,0.76,25,2762,1896,0.6867077145961608
4748,24418,498,0,2281,1,1,15000.0,1,0.7142857142857143,35,2763,1896,0.6864590876176684
4749,24418,1197,0,2282,3,0,16000.0,1,0.6923076923076923,13,2764,1897,0.6865725660513934
4750,24418,423,0,2283,1,1,17000.0,1,0.6538461538461539,52,2765,1897,0.6863241678726484
4751,24418,1347,0,2284,0,1,16000.0,1,0.76,25,2766,1898,0.6864376130198915
4752,24418,1033,0,2285,0,0,14000.0,1,0.56,25,2767,1899,0.6865509761388287
4753,24418,1101,0,2280,1,0,16000.0,1,0.6206896551724138,29,2768,1899,0.6863028550777015
4754,24418,1091,0,2286,1,1,18000.0,1,0.7,20,2769,1899,0.6860549132947977
4755,24418,1154,0,2287,1,1,16000.0,1,0.8974358974358975,39,2770,1900,0.6861682918020946
4756,24418,384,0,2288,0,1,14000.0,1,0.96,25,2771,1901,0.6862815884476534
4757,24418,215,0,2289,3,1,16000.0,1,0.9230769230769231,26,2772,1902,0.686394803320101
4758,24418,465,0,2290,3,0,17000.0,1,0.7916666666666666,24,2773,1903,0.6865079365079365
4759,24418,289,0,2291,0,1,18000.0,1,0.9444444444444444,18,2774,1903,0.6862603678326722
4760,24418,1045,0,2292,0,1,14000.0,1,0.5625,16,2775,1904,0.6863734679163662
4761,24418,1237,0,2293,3,1,17000.0,1,0.8571428571428571,21,2776,1905,0.6864864864864865
4762,24418,1174,0,2294,1,1,17000.0,1,0.49056603773584906,53,2777,1906,0.6865994236311239
4763,24418,393,0,2295,1,0,17000.0,1,0.7083333333333334,24,2778,1907,0.6867122794382428
4764,24418,311,0,2296,1,0,18000.0,1,0.6222222222222222,45,2779,1907,0.6864650827933765
4765,24418,1098,0,2297,3,1,15000.0,1,0.8,15,2780,1907,0.6862180640518172
4766,24418,605,0,2298,3,0,15000.0,1,0.6818181818181818,22,2781,1908,0.6863309352517986
4767,24418,930,0,2300,3,1,18000.0,1,0.7,30,2782,1908,0.686084142394822
4768,24418,1366,0,2301,0,1,15000.0,1,0.7142857142857143,21,2783,1909,0.686196980589504
4769,24418,605,0,2302,1,1,17000.0,1,0.6818181818181818,22,2784,1910,0.6863097376931369
4770,24418,250,0,2303,0,1,8000.0,1,0.7222222222222222,36,2785,1911,0.6864224137931034
4771,24418,586,0,2304,3,1,18000.0,1,0.6875,16,2786,1912,0.6865350089766606
4772,24418,1273,0,2299,3,0,17000.0,1,0.7727272727272727,22,2787,1913,0.6866475233309404
4773,24418,385,0,2305,3,0,19000.0,1,0.7142857142857143,28,2788,1913,0.6864011481880158
4774,24418,654,0,2306,1,1,17000.0,1,0.7368421052631579,38,2789,1913,0.686154949784792
4775,24418,1065,0,2307,0,1,16000.0,1,0.7619047619047619,21,2790,1914,0.6862674793832915
4776,24418,4321,0,2308,2,1,16000.0,1,0.75,8,2791,1915,0.6863799283154122
4777,24418,5837,0,2309,1,1,11000.0,1,0.8333333333333334,6,2792,1916,0.6864922966678609
4778,24418,4146,0,2310,0,1,8000.0,1,0.5714285714285714,7,2793,1917,0.6866045845272206
4779,24418,9602,0,2311,2,1,17000.0,1,1.0,9,2794,1918,0.6867167919799498
4780,24418,6446,0,2312,3,0,13000.0,1,0.75,4,2795,1919,0.6868289191123836
4781,24418,6347,0,2313,3,1,16000.0,1,0.9285714285714286,14,2796,1919,0.6865831842576029
4782,24418,3659,0,2314,0,1,9000.0,1,0.75,8,2797,1920,0.6866952789699571
4783,24418,8837,0,2315,1,0,19000.0,1,0.6,5,2798,1921,0.6868072935287808
4784,24418,5648,0,2316,2,0,22000.0,1,0.9,10,2799,1921,0.6865618298784847
4785,24418,5681,0,2317,0,1,8000.0,1,0.6571428571428571,35,2800,1921,0.6863165416220078
4786,24418,4721,0,2318,2,1,13000.0,1,0.3333333333333333,6,2801,1922,0.6864285714285714
4787,24418,9220,0,2319,3,0,29000.0,1,0.3125,16,2802,1923,0.6865405212424134
4788,24418,5197,0,2320,3,0,25000.0,1,0.7413793103448276,58,2803,1923,0.6862955032119914
4789,24418,3813,0,2321,1,1,11000.0,1,1.0,2,2804,1923,0.6860506600071352
4790,24418,5885,0,2322,1,1,11000.0,1,0.6666666666666666,15,2805,1924,0.6861626248216833
4791,24418,8878,0,2323,0,1,31000.0,1,1.0,10,2806,1925,0.6862745098039216
4792,24418,4292,0,2324,3,1,14000.0,1,0.42105263157894735,19,2807,1926,0.6863863150392017
4793,24418,3642,0,2325,2,1,14000.0,1,0.4857142857142857,70,2808,1927,0.6864980406127539
4794,24418,6426,0,2326,2,1,33000.0,1,0.5517241379310345,29,2809,1928,0.6866096866096866
4795,24418,9849,0,2327,0,1,7000.0,1,1.0,5,2810,1929,0.6867212531149876
4796,24418,4033,0,2328,3,1,21000.0,1,0.6842105263157895,19,2811,1930,0.6868327402135231
4797,24418,2496,0,2329,1,0,9000.0,1,0.5,14,2812,1931,0.6869441479900391
4798,24418,2495,0,2329,2,0,9000.0,1,0.7857142857142857,14,2813,1931,0.6866998577524893
4799,24418,2494,0,2329,1,1,9000.0,1,0.9285714285714286,14,2814,1931,0.6864557412015642
4800,24418,2374,0,2330,2,1,23000.0,1,0.8181818181818182,11,2815,1932,0.6865671641791045
4801,24418,2375,0,2330,0,1,23000.0,1,0.8181818181818182,11,2816,1933,0.6866785079928952
4802,24418,2376,0,2330,2,1,23000.0,1,0.8181818181818182,11,2817,1934,0.6867897727272727
4803,24418,2036,0,2331,2,1,25333.0,1,0.9166666666666666,12,2818,1935,0.6869009584664537
4804,24418,2037,0,2331,2,1,25333.0,1,0.9166666666666666,12,2819,1936,0.6870120652945352
4805,24418,2038,0,2331,1,1,25333.0,1,1.0,12,2820,1937,0.6871230932954948
4806,24418,1466,0,2332,2,0,26666.0,1,0.625,8,2821,1938,0.6872340425531915
4807,24418,1467,0,2332,3,1,26666.0,1,1.0,8,2822,1938,0.6869904289259128
4808,24418,1468,0,2332,1,0,26666.0,1,0.75,8,2823,1939,0.6871013465627215
4809,24418,1912,0,2333,3,1,24000.0,1,1.0,6,2824,1939,0.6868579525327666
4810,24418,1911,0,2333,3,1,24000.0,1,0.8333333333333334,6,2825,1940,0.6869688385269122
4811,24418,1910,0,2333,2,1,24000.0,1,1.0,6,2826,1941,0.6870796460176991
4812,24418,2261,0,2334,1,1,26000.0,1,0.7333333333333333,15,2827,1942,0.6871903750884643
4813,24418,2260,0,2334,1,1,26000.0,1,0.9333333333333333,15,2828,1943,0.6873010258224266
4814,24418,2262,0,2334,1,0,26000.0,1,0.6,15,2829,1944,0.6874115983026874
4815,24418,1470,0,2335,2,1,24333.0,1,0.75,12,2830,1944,0.6871686108165429
4816,24418,1471,0,2335,3,1,24333.0,1,1.0,12,2831,1945,0.6872791519434629
4817,24418,1469,0,2335,1,1,24333.0,1,1.0,12,2832,1946,0.6873896149770399
4818,24418,10028,0,2336,0,1,23333.0,1,0.42857142857142855,7,2833,1947,0.6875
4819,24418,10027,0,2336,0,0,23333.0,1,0.5714285714285714,7,2834,1948,0.6876103070949523
4820,24418,10025,0,2336,2,1,23333.0,1,0.7142857142857143,7,2835,1948,0.6873676781933663
4821,24418,10026,0,2336,2,0,23333.0,1,0.8571428571428571,7,2836,1949,0.6874779541446208
4822,24418,6869,0,2337,0,0,23250.0,1,0.48,50,2837,1949,0.6872355430183357
4823,24418,6872,0,2337,1,0,23250.0,1,0.72,50,2838,1949,0.6869933027846317
4824,24418,6871,0,2337,2,0,23250.0,1,0.32,50,2839,1949,0.6867512332628611
4825,24418,6870,0,2337,1,0,23250.0,1,0.32,50,2840,1949,0.6865093342726312
4826,24418,6744,0,2339,3,0,45000.0,1,0.65,20,2841,1949,0.6862676056338028
4827,24418,6742,0,2339,1,1,45000.0,1,0.6,20,2842,1949,0.6860260471664906
4828,24418,6743,0,2339,0,1,45000.0,1,0.95,20,2843,1950,0.6861365235749473
4829,24418,6741,0,2339,1,1,45000.0,1,0.9,20,2844,1951,0.6862469222652128
4830,24418,6604,0,2338,0,0,31250.0,1,0.8,15,2845,1952,0.6863572433192686
4831,24418,6603,0,2338,2,0,31250.0,1,0.8,15,2846,1952,0.686115992970123
4832,24418,6602,0,2338,3,0,31250.0,1,0.4,15,2847,1952,0.6858749121574139
4833,24418,6601,0,2338,2,1,31250.0,1,0.8666666666666667,15,2848,1952,0.6856340007024938
4835,24418,6603,0,2341,0,1,78500.0,1,0.8,15,2849,1953,0.6857443820224719
4836,24418,6602,0,2341,1,1,78500.0,1,0.4,15,2850,1954,0.6858546858546859
4837,24418,6601,0,2341,2,1,78500.0,1,0.8666666666666667,15,2851,1955,0.6859649122807018
4838,24418,6604,0,2341,2,1,78500.0,1,0.8,15,2852,1956,0.6860750613819713
4839,24418,6869,0,2342,1,1,2500.0,1,0.48,50,2853,1957,0.6861851332398317
4840,24418,6871,0,2342,1,1,2500.0,1,0.32,50,2854,1958,0.6862951279355065
4841,24418,6870,0,2342,2,1,2500.0,1,0.32,50,2855,1959,0.6864050455501051
4842,24418,6872,0,2342,0,1,2500.0,1,0.72,50,2856,1960,0.6865148861646234
4843,24418,6709,0,2343,0,1,3750.0,1,0.8888888888888888,18,2857,1961,0.686624649859944
4844,24418,6710,0,2343,1,1,3750.0,1,0.7777777777777778,18,2858,1962,0.6867343367168358
4845,24418,6712,0,2343,0,0,3750.0,1,0.6111111111111112,18,2859,1963,0.6868439468159552
4846,24418,6711,0,2343,3,1,3750.0,1,0.8333333333333334,18,2860,1963,0.6866037075900665
4847,24418,10332,0,2344,0,0,41250.0,1,0.4,5,2861,1964,0.6867132867132867
4848,24418,10335,0,2344,3,0,41250.0,1,0.8,5,2862,1964,0.6864732610975184
4849,24418,10334,0,2344,2,0,41250.0,1,0.6,5,2863,1964,0.6862334032145353
4850,24418,10333,0,2344,2,0,41250.0,1,0.0,5,2864,1964,0.6859937128885785
4851,24418,6632,0,2345,2,1,45500.0,1,0.84,25,2865,1964,0.6857541899441341
4852,24418,6631,0,2345,0,1,45500.0,1,0.76,25,2866,1965,0.6858638743455497
4853,24418,6630,0,2345,3,0,45500.0,1,0.36,25,2867,1966,0.685973482205164
4854,24418,6629,0,2345,2,1,45500.0,1,0.96,25,2868,1966,0.6857342169515173
4855,24418,6820,0,2346,0,1,27500.0,1,0.6818181818181818,22,2869,1967,0.6858437935843794
4856,24418,6819,0,2346,2,1,27500.0,1,1.0,22,2870,1968,0.685953293830603
4857,24418,6818,0,2346,2,1,27500.0,1,0.5909090909090909,22,2871,1969,0.6860627177700348
4858,24418,6817,0,2346,1,1,27500.0,1,0.9090909090909091,22,2872,1970,0.6861720654824103
4859,24418,6565,0,2347,3,0,36750.0,1,0.9090909090909091,22,2873,1971,0.6862813370473537
4860,24418,6568,0,2347,1,1,36750.0,1,0.8181818181818182,22,2874,1971,0.6860424643230073
4861,24418,6567,0,2347,1,0,36750.0,1,0.5909090909090909,22,2875,1972,0.686151704940849
4862,24418,6566,0,2347,0,0,36750.0,1,0.5454545454545454,22,2876,1972,0.6859130434782609
4864,24418,6861,0,2349,1,0,33250.0,1,0.75,16,2877,1972,0.6856745479833102
4865,24418,6863,0,2349,0,1,33250.0,1,0.9375,16,2878,1972,0.6854362182829337
4866,24418,6862,0,2349,1,0,33250.0,1,0.75,16,2879,1973,0.6855455177206393
4867,24418,6864,0,2349,1,1,33250.0,1,0.6875,16,2880,1973,0.685307398402223
4868,24418,10289,0,2350,2,1,27000.0,1,1.0,8,2881,1974,0.6854166666666667
4869,24418,10290,0,2350,2,1,27000.0,1,1.0,8,2882,1975,0.6855258590767095
4870,24418,10291,0,2350,0,1,27000.0,1,0.875,8,2883,1976,0.6856349757113116
4871,24418,10288,0,2350,2,0,27000.0,1,0.875,8,2884,1977,0.6857440166493236
4872,24418,6918,0,2351,0,1,27250.0,1,0.8888888888888888,27,2885,1977,0.6855062413314841
4873,24418,6917,0,2351,3,1,27250.0,1,0.7037037037037037,27,2886,1978,0.6856152512998267
4874,24418,6919,0,2351,1,0,27250.0,1,0.8148148148148148,27,2887,1979,0.6857241857241857
4875,24418,6916,0,2351,1,1,27250.0,1,0.7407407407407407,27,2888,1979,0.6854866643574645
4876,24418,3037,0,2352,0,1,25250.0,1,1.0,11,2889,1980,0.685595567867036
4877,24418,3038,0,2352,2,0,25250.0,1,0.45454545454545453,11,2890,1981,0.6857043959847698
4878,24418,3036,0,2352,1,1,25250.0,1,0.9090909090909091,11,2891,1981,0.6854671280276816
4879,24418,2798,0,2353,0,1,22666.0,1,0.7777777777777778,9,2892,1982,0.6855759252853684
4880,24418,2799,0,2353,1,1,22666.0,1,0.7777777777777778,9,2893,1983,0.6856846473029046
4881,24418,2797,0,2353,2,1,22666.0,1,0.8888888888888888,9,2894,1984,0.6857932941583131
4882,24418,2791,0,2354,0,1,22666.0,1,0.8888888888888888,9,2895,1985,0.6859018659295093
4883,24418,2793,0,2354,3,1,22666.0,1,0.7777777777777778,9,2896,1986,0.6860103626943005
4884,24418,2792,0,2354,3,0,22666.0,1,0.5555555555555556,9,2897,1987,0.6861187845303868
4885,24418,10727,0,2355,3,0,23333.0,1,0.125,8,2898,1987,0.6858819468415602
4886,24418,10725,0,2355,0,1,23333.0,1,0.75,8,2899,1987,0.6856452726017943
4887,24418,10726,0,2355,1,0,23333.0,1,0.125,8,2900,1988,0.6857537081752328
4888,24418,2916,0,2356,1,1,20666.0,1,1.0,5,2901,1988,0.6855172413793104
4889,24418,2917,0,2356,3,1,20666.0,1,1.0,5,2902,1989,0.6856256463288521
4890,24418,2918,0,2356,0,0,20666.0,1,0.8,5,2903,1990,0.6857339765678843
4891,24418,2892,0,2357,1,1,24666.0,1,0.8333333333333334,6,2904,1990,0.6854977609369618
4892,24418,2894,0,2357,2,1,24666.0,1,1.0,6,2905,1991,0.6856060606060606
4893,24418,2893,0,2357,0,0,24666.0,1,0.3333333333333333,6,2906,1992,0.6857142857142857
4895,24418,2611,0,2360,0,1,26666.0,1,0.9333333333333333,15,2907,1992,0.6854783207157605
4896,24418,2612,0,2360,0,1,26666.0,1,0.6,15,2908,1993,0.6855865153078775
4897,24418,2613,0,2360,3,0,26666.0,1,0.8,15,2909,1994,0.6856946354883081
4898,24418,2819,0,2358,0,1,22333.0,1,0.7857142857142857,28,2910,1994,0.6854589205912685
4899,24418,2818,0,2358,1,1,22333.0,1,0.8214285714285714,28,2911,1995,0.6855670103092784
4900,24418,2820,0,2358,1,1,22333.0,1,0.8571428571428571,28,2912,1996,0.6856750257643421
4901,24418,5559,0,2361,3,1,20666.0,1,0.8333333333333334,6,2913,1997,0.685782967032967
4902,24418,6680,0,2362,0,1,19000.0,1,0.625,16,2914,1998,0.685890834191555
4903,24418,9477,0,2363,3,1,35000.0,1,0.625,16,2915,1999,0.6859986273164036
4904,24418,6455,0,2364,0,0,28000.0,1,0.6666666666666666,30,2916,2000,0.6861063464837049
4905,24418,4778,0,2366,3,1,32000.0,1,0.8333333333333334,18,2917,2000,0.6858710562414266
4906,24418,9258,0,2367,1,1,13000.0,1,0.8333333333333334,18,2918,2001,0.685978745286253
4907,24418,4461,0,2368,2,1,20000.0,1,0.875,16,2919,2002,0.6860863605209048
4908,24418,8459,0,2369,3,1,12000.0,1,0.6086956521739131,23,2920,2003,0.6861939020212402
4909,24418,6455,0,2370,2,1,29000.0,1,0.6666666666666666,30,2921,2004,0.6863013698630137
4910,24418,4224,0,2365,0,1,6000.0,1,0.8333333333333334,6,2922,2005,0.6864087641218761
4911,24418,5604,0,2371,2,1,21000.0,1,0.6875,16,2923,2006,0.6865160848733745
4912,24418,8341,0,2372,3,1,26000.0,1,0.5714285714285714,7,2924,2007,0.6866233321929525
4913,24418,4637,0,2373,3,1,20000.0,1,1.0,3,2925,2008,0.6867305061559508
4914,24418,5953,0,2374,1,1,6000.0,1,0.8,15,2926,2009,0.6868376068376069
4915,24418,4558,0,2375,3,1,7000.0,1,0.75,20,2927,2010,0.6869446343130554
4916,24418,9999,0,2376,3,1,31000.0,1,0.75,8,2928,2011,0.6870515886573283
4917,24418,4689,0,2377,1,1,12000.0,1,0.8148148148148148,27,2929,2012,0.6871584699453552
4918,24418,5952,0,2378,0,0,11000.0,1,0.696969696969697,33,2930,2013,0.6872652782519632
4919,24418,4411,0,2379,1,1,40000.0,1,0.8,35,2931,2013,0.6870307167235495
4920,24418,8702,0,2380,0,1,6000.0,1,0.75,8,2932,2014,0.687137495735244
4921,24418,6145,0,2381,0,1,18000.0,1,0.7407407407407407,27,2933,2015,0.687244201909959
4922,24418,5374,0,2382,1,1,16000.0,1,1.0,3,2934,2016,0.6873508353221957
4923,24418,5265,0,2383,3,0,32000.0,1,0.65625,32,2935,2017,0.6874573960463531
4924,24418,9747,0,2384,2,1,25000.0,1,1.0,3,2936,2017,0.6872231686541738
4925,24418,5945,0,2385,1,1,19000.0,1,0.9230769230769231,13,2937,2018,0.6873297002724795
4926,24418,133,0,2386,0,1,15000.0,1,0.8571428571428571,14,2938,2019,0.6874361593462717
4927,24418,10,0,2387,3,0,21000.0,1,0.6666666666666666,45,2939,2020,0.6875425459496256
4929,24418,55,0,2390,3,1,20000.0,1,0.6285714285714286,70,2940,2020,0.6873086083701939
4930,24418,10,0,2391,0,1,19000.0,1,0.6666666666666666,45,2941,2021,0.6874149659863945
4931,24418,126,0,2388,0,1,12000.0,1,0.8214285714285714,28,2942,2022,0.6875212512750765
4932,24418,10678,0,2392,0,1,19000.0,1,1.0,9,2943,2023,0.6876274643099932
4933,24418,157,0,2393,3,1,14000.0,1,0.6481481481481481,54,2944,2024,0.6877336051647979
4934,24418,118,0,2394,2,1,21000.0,1,0.9333333333333333,15,2945,2025,0.6878396739130435
4935,24418,27,0,2395,0,0,22000.0,1,0.6666666666666666,21,2946,2026,0.6879456706281833
4936,24418,10639,0,2396,0,1,22000.0,1,1.0,6,2947,2026,0.6877121520706042
4937,24418,7984,0,2397,3,0,19000.0,1,0.625,40,2948,2027,0.6878181201221581
4938,24418,7859,0,2398,1,1,22000.0,1,0.375,72,2949,2027,0.687584803256445
4939,24418,34,0,2399,1,1,22000.0,1,0.6875,16,2950,2028,0.6876907426246185
4940,24418,1398,0,2400,0,1,22000.0,1,0.75,24,2951,2029,0.6877966101694916
4941,24418,883,0,2401,1,1,16000.0,1,0.6842105263157895,19,2952,2030,0.6879024059640799
4942,24418,926,0,2402,0,0,15000.0,1,0.65625,32,2953,2031,0.6880081300813008
4943,24418,451,0,2403,0,0,14000.0,1,0.7647058823529411,17,2954,2031,0.6877751439214358
4944,24418,455,0,2404,3,1,17000.0,1,0.8518518518518519,27,2955,2031,0.6875423155044008
4945,24418,370,0,2405,3,0,15000.0,1,0.8421052631578947,19,2956,2032,0.6876480541455161
4946,24418,1261,0,2406,1,0,18000.0,1,0.7647058823529411,17,2957,2032,0.6874154262516915
4947,24418,640,0,2407,3,0,16000.0,1,0.4782608695652174,23,2958,2032,0.6871829556983429
4948,24418,1261,0,2409,3,1,18000.0,1,0.7647058823529411,17,2959,2032,0.6869506423258959
4949,24418,865,0,2410,3,1,17000.0,1,0.5909090909090909,22,2960,2033,0.6870564379858061
4950,24418,1002,0,2411,0,0,18000.0,1,0.6730769230769231,52,2961,2034,0.6871621621621622
4951,24418,640,0,2412,1,1,18000.0,1,0.4782608695652174,23,2962,2034,0.6869300911854104
4952,24418,1125,0,2413,1,0,17000.0,1,0.7407407407407407,27,2963,2035,0.687035786630655
4953,24418,763,0,2408,3,0,16000.0,1,0.4909090909090909,55,2964,2035,0.6868039149510631
4955,24418,1276,0,2416,1,1,14000.0,1,0.8823529411764706,17,2965,2035,0.6865721997300944
4956,24418,620,0,2417,1,1,14000.0,1,0.65,40,2966,2036,0.6866779089376054
4957,24418,1337,0,2414,1,0,17000.0,1,0.6428571428571429,28,2967,2037,0.686783546864464
4958,24418,1366,0,2419,1,0,16000.0,1,0.7142857142857143,21,2968,2037,0.6865520728008089
4959,24418,1337,0,2420,0,1,17000.0,1,0.6428571428571429,28,2969,2037,0.6863207547169812
4960,24418,1273,0,2421,0,1,13000.0,1,0.7727272727272727,22,2970,2038,0.6864264061973728
4961,24418,930,0,2422,0,0,19000.0,1,0.7,30,2971,2039,0.6865319865319865
4962,24418,605,0,2423,1,1,16000.0,1,0.6818181818181818,22,2972,2039,0.6863009087849209
4963,24418,918,0,2418,3,0,17000.0,1,0.5161290322580645,31,2973,2040,0.6864064602960969
4964,24418,911,0,2425,0,0,19000.0,1,0.5384615384615384,13,2974,2040,0.686175580221998
4965,24418,1103,0,2426,1,1,15000.0,1,0.7027027027027027,37,2975,2040,0.6859448554135844
4966,24418,1116,0,2427,0,1,18000.0,1,0.6666666666666666,12,2976,2041,0.6860504201680673
4967,24418,918,0,2428,1,1,16000.0,1,0.5161290322580645,31,2977,2042,0.6861559139784946
4968,24418,451,0,2429,3,1,9000.0,1,0.7647058823529411,17,2978,2043,0.6862613369163587
4969,24418,1185,0,2424,0,1,16000.0,1,0.5833333333333334,36,2979,2044,0.6863666890530558
4970,24418,1248,0,2430,3,1,14000.0,1,0.8076923076923077,26,2980,2045,0.6864719704598858
4971,24418,1230,0,2431,0,1,19000.0,1,0.85,20,2981,2046,0.6865771812080537
4972,24418,488,0,2432,0,0,17000.0,1,0.6538461538461539,26,2982,2047,0.6866823213686682
4973,24418,393,0,2434,0,1,18000.0,1,0.7083333333333334,24,2983,2047,0.6864520456069751
4974,24418,386,0,2435,3,0,16000.0,1,0.4857142857142857,35,2984,2048,0.6865571572242709
4975,24418,1088,0,2436,1,0,18000.0,1,0.72,25,2985,2048,0.6863270777479893
4976,24418,926,0,2437,0,0,17000.0,1,0.65625,32,2986,2048,0.6860971524288108
4977,24418,488,0,2438,3,1,11000.0,1,0.6538461538461539,26,2987,2048,0.6858673811118553
4978,24418,421,0,2433,0,1,17000.0,1,0.5689655172413793,58,2988,2049,0.6859725477067291
4979,24418,1051,0,2439,3,1,16000.0,1,0.76,25,2989,2050,0.6860776439089692
4980,24418,734,0,2440,3,0,20000.0,1,0.6857142857142857,35,2990,2051,0.6861826697892272
4981,24418,493,0,2441,1,0,18000.0,1,0.6666666666666666,30,2991,2051,0.6859531772575251
4982,24418,2188,0,2442,0,0,20000.0,1,0.8235294117647058,17,2992,2051,0.6857238381812103
4983,24418,2189,0,2442,0,1,20000.0,1,0.6470588235294118,17,2993,2051,0.6854946524064172
4984,24418,2190,0,2442,3,1,20000.0,1,0.7647058823529411,17,2994,2052,0.6855997327096559
4985,24418,1548,0,2443,1,1,22000.0,1,0.8571428571428571,7,2995,2053,0.6857047428189713
4986,24418,1549,0,2443,3,1,22000.0,1,1.0,7,2996,2054,0.6858096828046745
4987,24418,1547,0,2443,0,1,22000.0,1,1.0,7,2997,2055,0.6859145527369827
4988,24418,1991,0,2444,1,0,25666.0,1,0.3333333333333333,3,2998,2056,0.6860193526860193
4989,24418,1992,0,2444,0,0,25666.0,1,0.6666666666666666,3,2999,2056,0.685790527018012
4990,24418,1993,0,2444,0,0,25666.0,1,0.3333333333333333,3,3000,2056,0.6855618539513171
4991,24418,1890,0,2445,0,1,26666.0,1,0.8181818181818182,11,3001,2056,0.6853333333333333
4992,24418,1889,0,2445,1,1,26666.0,1,0.9090909090909091,11,3002,2057,0.6854381872709097
4993,24418,1891,0,2445,2,1,26666.0,1,0.8181818181818182,11,3003,2058,0.6855429713524317
4994,24418,1791,0,2446,3,1,24333.0,1,0.7777777777777778,9,3004,2059,0.6856476856476856
4995,24418,1790,0,2446,0,1,24333.0,1,0.7777777777777778,9,3005,2060,0.6857523302263648
4996,24418,1792,0,2446,1,1,24333.0,1,1.0,9,3006,2061,0.6858569051580699
4997,24418,1581,0,2447,2,1,27333.0,1,0.8,15,3007,2062,0.6859614105123087
4998,24418,1580,0,2447,0,1,27333.0,1,0.8,15,3008,2063,0.6860658463584969
4999,24418,1582,0,2447,3,0,27333.0,1,0.3333333333333333,15,3009,2064,0.6861702127659575
5000,24418,1734,0,2448,1,1,24333.0,1,0.9583333333333334,24,3010,2064,0.6859421734795613
5001,24418,1733,0,2448,2,1,24333.0,1,0.9583333333333334,24,3011,2065,0.686046511627907
5002,24418,1735,0,2448,0,1,24333.0,1,0.4166666666666667,24,3012,2066,0.6861507804716042
5003,24418,6792,0,2449,3,1,24333.0,1,0.8,30,3013,2067,0.6862549800796812
5004,24418,6791,0,2449,1,1,24333.0,1,0.7666666666666667,30,3014,2068,0.6863591105210753
5005,24418,6790,0,2449,1,1,24333.0,1,0.8,30,3015,2069,0.6864631718646317
5006,24418,6789,0,2449,0,0,24333.0,1,0.7,30,3016,2070,0.6865671641791045
5007,24418,6614,0,2450,1,0,33250.0,1,0.19047619047619047,21,3017,2070,0.6863395225464191
5008,24418,6615,0,2450,0,1,33250.0,1,0.7142857142857143,21,3018,2070,0.6861120318196884
5009,24418,6613,0,2450,2,0,33250.0,1,0.8095238095238095,21,3019,2071,0.6862160371106694
5010,24418,6616,0,2450,2,0,33250.0,1,0.6666666666666666,21,3020,2071,0.6859887379927129
5011,24418,6885,0,2451,2,1,31250.0,1,0.9,10,3021,2071,0.6857615894039735
5012,24418,6888,0,2451,3,1,31250.0,1,0.8,10,3022,2072,0.6858656074147633
5013,24418,6887,0,2451,1,0,31250.0,1,0.6,10,3023,2073,0.685969556585043
5014,24418,6886,0,2451,1,0,31250.0,1,0.7,10,3024,2073,0.685742639761826
5015,24418,6489,0,2452,1,0,26500.0,1,0.7777777777777778,27,3025,2073,0.685515873015873
5016,24418,6490,0,2452,1,1,26500.0,1,0.6296296296296297,27,3026,2073,0.6852892561983471
5017,24418,6491,0,2452,2,0,26500.0,1,0.8148148148148148,27,3027,2074,0.6853932584269663
5018,24418,6492,0,2452,3,1,26500.0,1,0.5925925925925926,27,3028,2074,0.6851668318467129
5019,24418,6877,0,2454,2,1,39500.0,1,0.5100671140939598,149,3029,2075,0.6852708058124174
5020,24418,6878,0,2454,1,1,39500.0,1,0.6241610738255033,149,3030,2076,0.6853747111257841
5021,24418,6879,0,2454,2,1,39500.0,1,0.42953020134228187,149,3031,2077,0.6854785478547855
5022,24418,6880,0,2454,0,1,39500.0,1,0.3221476510067114,149,3032,2078,0.6855823160673045
5023,24418,6592,0,2453,3,0,30500.0,1,0.8260869565217391,23,3033,2079,0.6856860158311345
5024,24418,6591,0,2453,0,1,30500.0,1,1.0,23,3034,2079,0.685459940652819
5025,24418,6590,0,2453,0,1,30500.0,1,0.9130434782608695,23,3035,2080,0.6855636123928807
5026,24418,6589,0,2453,3,1,30500.0,1,0.6956521739130435,23,3036,2081,0.685667215815486
5027,24418,6769,0,2455,0,1,43000.0,1,0.7560975609756098,41,3037,2082,0.6857707509881423
5028,24418,6771,0,2455,0,0,43000.0,1,0.7560975609756098,41,3038,2083,0.685874217978268
5029,24418,6772,0,2455,0,1,43000.0,1,0.7317073170731707,41,3039,2083,0.6856484529295589
5030,24418,6770,0,2455,2,1,43000.0,1,0.6341463414634146,41,3040,2084,0.6857518920697598
5031,24418,3101,0,2456,3,0,35250.0,1,0.4166666666666667,12,3041,2085,0.6858552631578947
5032,24418,3100,0,2456,0,1,35250.0,1,0.9166666666666666,12,3042,2085,0.6856297270634659
5033,24418,3099,0,2456,2,1,35250.0,1,0.9166666666666666,12,3043,2086,0.685733070348455
5034,24418,2845,0,2457,0,1,32666.0,1,0.9166666666666666,12,3044,2087,0.6858363457114689
5035,24418,2846,0,2457,2,1,32666.0,1,1.0,12,3045,2088,0.6859395532194481
5036,24418,2847,0,2457,3,1,32666.0,1,0.8333333333333334,12,3046,2089,0.6860426929392447
5037,24418,3393,0,2458,3,0,22333.0,1,0.5,10,3047,2090,0.6861457649376231
5038,24418,3394,0,2458,3,1,22333.0,1,0.7,10,3048,2090,0.6859205776173285
5039,24418,3395,0,2458,1,1,22333.0,1,0.7,10,3049,2091,0.6860236220472441
5040,24418,3320,0,2459,0,1,23000.0,1,1.0,4,3050,2092,0.6861265988848803
5041,24418,3318,0,2459,1,1,23000.0,1,1.0,4,3051,2093,0.6862295081967213
5042,24418,3319,0,2459,1,0,23000.0,1,0.75,4,3052,2094,0.6863323500491643
5043,24418,2964,0,2460,1,1,27000.0,1,1.0,6,3053,2094,0.6861074705111402
5044,24418,2965,0,2460,1,1,27000.0,1,1.0,6,3054,2095,0.6862102849656077
5045,24418,2966,0,2460,0,1,27000.0,1,0.6666666666666666,6,3055,2096,0.6863130320890635
5046,24418,2677,0,2461,1,1,20000.0,1,1.0,4,3056,2097,0.6864157119476268
5047,24418,2678,0,2461,0,0,20000.0,1,0.75,4,3057,2098,0.6865183246073299
5048,24418,2679,0,2461,0,1,20000.0,1,0.75,4,3058,2098,0.6862937520444881
5049,24418,2646,0,2462,1,1,25666.0,1,0.8333333333333334,30,3059,2099,0.6863963374754741
5050,24418,2644,0,2462,2,0,25666.0,1,0.23333333333333334,30,3060,2100,0.6864988558352403
5051,24418,2645,0,2462,0,1,25666.0,1,0.8333333333333334,30,3061,2100,0.6862745098039216
5052,24418,2605,0,2463,3,1,22000.0,1,0.8,5,3062,2101,0.6863770009800719
5053,24418,2606,0,2463,0,0,22000.0,1,0.8,5,3063,2102,0.6864794252122796
5054,24418,2607,0,2463,3,0,22000.0,1,0.6,5,3064,2102,0.6862553052562846
5055,24418,1077,0,2464,3,1,21666.0,1,0.7777777777777778,18,3065,2102,0.6860313315926893
5056,24418,948,0,2465,1,1,17000.0,1,0.7619047619047619,42,3066,2103,0.6861337683523654
5057,24418,1356,0,2466,1,1,18000.0,1,0.7692307692307693,13,3067,2104,0.6862361382909328
5058,24418,1122,0,2467,0,1,16000.0,1,0.8181818181818182,11,3068,2105,0.6863384414737529
5059,24418,741,0,2468,1,0,17000.0,1,0.6774193548387096,31,3069,2106,0.6864406779661016
5061,24418,1353,0,2471,0,1,16000.0,1,0.7241379310344828,29,3070,2106,0.6862170087976539
5062,24418,741,0,2472,0,1,16000.0,1,0.6774193548387096,31,3071,2107,0.6863192182410424
5063,24418,583,0,2469,1,1,16000.0,1,0.625,32,3072,2108,0.6864213611201563
5064,24418,4941,0,2473,3,1,16000.0,1,1.0,3,3073,2109,0.6865234375
5065,24418,5658,0,2474,0,0,14000.0,1,0.5,44,3074,2110,0.686625447445493
5066,24418,9894,0,2475,3,1,31000.0,1,0.5,6,3075,2110,0.686402081977879
5067,24418,9275,0,2476,1,0,16000.0,1,0.7,20,3076,2111,0.6865040650406504
5069,24418,5163,0,2479,1,1,34000.0,1,0.48,25,3077,2111,0.6862808842652796
5070,24418,8487,0,2480,0,1,11000.0,1,0.7857142857142857,14,3078,2112,0.6863828404289892
5071,24418,4928,0,2477,2,1,19000.0,1,1.0,5,3079,2113,0.6864847303443795
5072,24418,4744,0,2481,1,1,11000.0,1,1.0,4,3080,2114,0.6865865540759987
5073,24418,9024,0,2482,1,0,20000.0,1,0.8571428571428571,7,3081,2115,0.6866883116883117
5074,24418,6120,0,2483,2,0,22000.0,1,0.42045454545454547,88,3082,2115,0.6864654333008764
5075,24418,6258,0,2484,0,1,8000.0,1,0.625,40,3083,2115,0.6862426995457496
5076,24418,4274,0,2485,1,1,29000.0,1,0.8333333333333334,6,3084,2116,0.686344469672397
5077,24418,10447,0,2486,0,0,24000.0,1,0.34782608695652173,23,3085,2117,0.6864461738002594
5078,24418,7894,0,2487,0,1,21000.0,1,0.6129032258064516,31,3086,2117,0.6862236628849271
5079,24418,176,0,2488,2,0,24000.0,1,0.4642857142857143,28,3087,2118,0.6863253402462735
5080,24418,28,0,2489,3,0,22000.0,1,0.6785714285714286,28,3088,2118,0.6861030126336248
5082,24418,28,0,2492,2,1,23000.0,1,0.6785714285714286,28,3089,2118,0.685880829015544
5083,24418,7893,0,2493,1,1,22000.0,1,0.5454545454545454,11,3090,2119,0.6859825186144384
5084,24418,10670,0,2490,2,1,22000.0,1,1.0,11,3091,2120,0.686084142394822
5085,24418,175,0,2494,3,0,21000.0,1,0.34172661870503596,278,3092,2121,0.6861857004205759
5087,24418,27,0,2497,1,1,23000.0,1,0.6666666666666666,21,3093,2121,0.6859637774902976
5088,24418,54,0,2498,2,1,8000.0,1,0.7692307692307693,13,3094,2122,0.68606530876172
5089,24418,62,0,2495,0,1,21000.0,1,0.7037037037037037,27,3095,2123,0.6861667744020685
5090,24418,69,0,2499,0,0,21000.0,1,0.6153846153846154,26,3096,2124,0.6862681744749596
5091,24418,10664,0,2500,2,1,23000.0,1,1.0,10,3097,2124,0.686046511627907
5092,24418,114,0,2501,2,0,20000.0,1,0.7272727272727273,33,3098,2125,0.6861478850500484
5093,24418,8300,0,2503,1,0,22000.0,1,0.5,8,3099,2125,0.6859264041316979
5094,24418,6132,0,2504,0,1,14000.0,1,0.4166666666666667,24,3100,2125,0.6857050661503711
5095,24418,5706,0,2505,3,0,25000.0,1,0.6296296296296297,54,3101,2126,0.6858064516129032
5096,24418,574,0,2506,0,1,26000.0,1,0.9090909090909091,22,3102,2126,0.6855852950661077
5097,24418,819,0,2507,3,0,17000.0,1,0.55,20,3103,2127,0.6856866537717602
5098,24418,1207,0,2508,1,1,19000.0,1,0.4576271186440678,59,3104,2127,0.6854656783757654
5099,24418,414,0,2509,1,0,15000.0,1,0.575,40,3105,2128,0.6855670103092784
5100,24418,772,0,2510,1,1,18000.0,1,0.4489795918367347,49,3106,2128,0.6853462157809984
5101,24418,282,0,2511,0,0,14000.0,1,0.8148148148148148,27,3107,2129,0.6854475209272376
5102,24418,579,0,2512,3,0,15000.0,1,0.391304347826087,23,3108,2129,0.6852269069842292
5103,24418,579,0,2514,1,1,19000.0,1,0.391304347826087,23,3109,2129,0.685006435006435
5104,24418,282,0,2515,1,1,8000.0,1,0.8148148148148148,27,3110,2130,0.6851077516886459
5105,24418,620,0,2516,1,1,9000.0,1,0.65,40,3111,2131,0.6852090032154341
5106,24418,311,0,2517,3,1,18000.0,1,0.6222222222222222,45,3112,2132,0.6853101896496303
5107,24418,763,0,2518,3,0,13000.0,1,0.4909090909090909,55,3113,2133,0.6854113110539846
5108,24418,1206,0,2513,0,1,13000.0,1,0.8461538461538461,13,3114,2133,0.6851911339543848
5109,24418,1229,0,2519,0,1,16000.0,1,0.7647058823529411,17,3115,2134,0.6852922286448297
5110,24418,247,0,2520,0,1,15000.0,1,0.7647058823529411,17,3116,2135,0.6853932584269663
5111,24418,402,0,2521,0,1,15000.0,1,0.54,50,3117,2136,0.6854942233632862
5112,24418,2298,0,2502,2,1,17000.0,1,0.5833333333333334,12,3118,2137,0.6855951235162014
5113,24418,2297,0,2502,0,1,17000.0,1,0.9166666666666666,12,3119,2138,0.6856959589480436
5114,24418,2296,0,2502,3,1,17000.0,1,1.0,12,3120,2139,0.6857967297210644
5115,24418,1721,0,2522,2,1,21666.0,1,0.8571428571428571,14,3121,2140,0.6858974358974359
5116,24418,1722,0,2522,3,0,21666.0,1,0.5714285714285714,14,3122,2141,0.6859980775392502
5117,24418,1723,0,2522,1,1,21666.0,1,1.0,14,3123,2141,0.6857783472133248
5118,24418,1900,0,2523,3,0,29000.0,1,0.75,16,3124,2142,0.6858789625360231
5119,24418,1899,0,2523,1,0,29000.0,1,0.5,16,3125,2142,0.6856594110115237
5120,24418,1898,0,2523,0,1,29000.0,1,0.625,16,3126,2142,0.68544
5121,24418,1552,0,2524,0,1,24666.0,1,1.0,5,3127,2143,0.6855406269993602
5122,24418,1551,0,2524,2,1,24666.0,1,1.0,5,3128,2144,0.6856411896386313
5123,24418,1550,0,2524,1,1,24666.0,1,1.0,5,3129,2145,0.6857416879795396
5124,24418,1922,0,2525,3,1,28000.0,1,0.875,16,3130,2146,0.6858421220837329
5125,24418,1923,0,2525,0,1,28000.0,1,0.9375,16,3131,2147,0.6859424920127796
5126,24418,1924,0,2525,2,1,28000.0,1,0.6875,16,3132,2148,0.6860427978281699
5127,24418,2429,0,2526,1,1,24000.0,1,0.6153846153846154,13,3133,2149,0.6861430395913155
5128,24418,2428,0,2526,2,1,24000.0,1,0.9230769230769231,13,3134,2150,0.6862432173635493
5129,24418,2430,0,2526,1,0,24000.0,1,0.9230769230769231,13,3135,2151,0.6863433312061263
5130,24418,1766,0,2527,0,0,22000.0,1,0.4375,16,3136,2151,0.6861244019138756
5131,24418,1768,0,2527,2,0,22000.0,1,0.8125,16,3137,2151,0.685905612244898
5132,24418,1767,0,2527,3,1,22000.0,1,0.625,16,3138,2151,0.6856869620656678
5133,24418,4463,0,2528,1,0,29000.0,1,0.6,35,3139,2152,0.6857871255576801
5134,24418,4479,0,2529,0,0,20000.0,1,0.75,12,3140,2152,0.6855686524370819
5135,24418,5565,0,2530,1,1,22000.0,1,0.7906976744186046,43,3141,2152,0.6853503184713375
5136,24418,6130,0,2531,1,0,14000.0,1,0.5116279069767442,43,3142,2153,0.6854504934734161
5138,24418,5153,0,2534,2,0,20000.0,1,0.6129032258064516,31,3143,2153,0.6852323360916613
5139,24418,6130,0,2535,3,1,15000.0,1,0.5116279069767442,43,3144,2153,0.6850143175310213
5140,24418,5566,0,2532,2,1,3000.0,1,0.75,4,3145,2154,0.6851145038167938
5141,24418,3922,0,2536,0,1,6000.0,1,0.6,10,3146,2155,0.685214626391097
